ISO-10303-21;
HEADER;
/* Generated by software containing ST-Developer
 * from STEP Tools, Inc. (www.steptools.com) 
 */

FILE_DESCRIPTION(
/* description */ (''),
/* implementation_level */ '2;1');

FILE_NAME(
/* name */ 'Bass.step',
/* time_stamp */ '2026-07-12T10:00:03+12:00',
/* author */ (''),
/* organization */ (''),
/* preprocessor_version */ 'ST-DEVELOPER v20.1',
/* originating_system */ 'Autodesk Translation Framework v15.8.0.0',
/* authorisation */ '');

FILE_SCHEMA (('AUTOMOTIVE_DESIGN { 1 0 10303 214 3 1 1 }'));
ENDSEC;

DATA;
#10=MECHANICAL_DESIGN_GEOMETRIC_PRESENTATION_REPRESENTATION('',(#13),#7557);
#11=SHAPE_REPRESENTATION_RELATIONSHIP('SRR','None',#7564,#12);
#12=ADVANCED_BREP_SHAPE_REPRESENTATION('',(#14),#7556);
#13=STYLED_ITEM('',(#7573),#14);
#14=MANIFOLD_SOLID_BREP('Bass',#4342);
#15=FACE_BOUND('',#1410,.T.);
#16=FACE_BOUND('',#1427,.T.);
#17=FACE_BOUND('',#1430,.T.);
#18=FACE_BOUND('',#1431,.T.);
#19=FACE_BOUND('',#1432,.T.);
#20=FACE_BOUND('',#1433,.T.);
#21=FACE_BOUND('',#1434,.T.);
#22=FACE_BOUND('',#1451,.T.);
#23=FACE_BOUND('',#1469,.T.);
#24=FACE_BOUND('',#1487,.T.);
#25=FACE_BOUND('',#1505,.T.);
#26=FACE_BOUND('',#1575,.T.);
#27=FACE_BOUND('',#1628,.T.);
#28=FACE_BOUND('',#1633,.T.);
#29=ELLIPSE('',#4379,25.4558441227153,18.);
#30=ELLIPSE('',#4381,25.4558441227178,18.);
#31=ELLIPSE('',#4382,25.4558441227153,18.);
#32=ELLIPSE('',#4384,25.4558441227178,18.);
#33=ELLIPSE('',#4385,25.4558441227153,18.);
#34=ELLIPSE('',#4387,25.4558441227178,18.);
#35=ELLIPSE('',#4388,25.4558441227153,18.);
#36=ELLIPSE('',#4390,25.4558441227178,18.);
#37=ELLIPSE('',#4391,25.4558441227153,18.);
#38=ELLIPSE('',#4393,25.4558441227178,18.);
#39=ELLIPSE('',#4395,19.177359664499,3.);
#40=ELLIPSE('',#4404,30.2821120580621,28.8);
#41=ELLIPSE('',#4415,30.2821120580621,28.8);
#42=ELLIPSE('',#4424,30.2821120580621,28.8);
#43=ELLIPSE('',#4425,30.2821120580621,28.8);
#44=ELLIPSE('',#4426,30.2821120580621,28.8);
#45=ELLIPSE('',#4427,30.2821120580621,28.8);
#46=ELLIPSE('',#4428,30.2821120580621,28.8);
#47=ELLIPSE('',#4429,30.2821120580621,28.8);
#48=ELLIPSE('',#4430,30.2821120580621,28.8);
#49=ELLIPSE('',#4431,30.2821120580621,28.8);
#50=ELLIPSE('',#4433,19.177359664499,3.);
#51=ELLIPSE('',#4457,19.177359664499,3.);
#52=ELLIPSE('',#4482,19.177359664499,3.);
#53=ELLIPSE('',#4540,0.4618802153517,0.4);
#54=ELLIPSE('',#4541,0.4618802153517,0.4);
#55=ELLIPSE('',#4543,0.4618802153517,0.4);
#56=ELLIPSE('',#4544,0.4618802153517,0.4);
#57=ELLIPSE('',#4546,0.4618802153517,0.4);
#58=ELLIPSE('',#4547,0.4618802153517,0.4);
#59=ELLIPSE('',#4646,160.420782576823,27.8567765543682);
#60=ELLIPSE('',#4650,160.420782576823,27.8567765543682);
#61=CONICAL_SURFACE('',#4361,22.925,0.687315732100282);
#62=CONICAL_SURFACE('',#4376,22.,1.44644133224814);
#63=CONICAL_SURFACE('',#4737,3.,0.0872664625997165);
#64=PLANE('',#4358);
#65=PLANE('',#4366);
#66=PLANE('',#4367);
#67=PLANE('',#4373);
#68=PLANE('',#4397);
#69=PLANE('',#4398);
#70=PLANE('',#4399);
#71=PLANE('',#4400);
#72=PLANE('',#4401);
#73=PLANE('',#4402);
#74=PLANE('',#4403);
#75=PLANE('',#4405);
#76=PLANE('',#4407);
#77=PLANE('',#4408);
#78=PLANE('',#4410);
#79=PLANE('',#4412);
#80=PLANE('',#4414);
#81=PLANE('',#4416);
#82=PLANE('',#4417);
#83=PLANE('',#4435);
#84=PLANE('',#4436);
#85=PLANE('',#4437);
#86=PLANE('',#4438);
#87=PLANE('',#4439);
#88=PLANE('',#4440);
#89=PLANE('',#4441);
#90=PLANE('',#4442);
#91=PLANE('',#4444);
#92=PLANE('',#4445);
#93=PLANE('',#4447);
#94=PLANE('',#4449);
#95=PLANE('',#4451);
#96=PLANE('',#4452);
#97=PLANE('',#4453);
#98=PLANE('',#4459);
#99=PLANE('',#4460);
#100=PLANE('',#4461);
#101=PLANE('',#4462);
#102=PLANE('',#4463);
#103=PLANE('',#4464);
#104=PLANE('',#4465);
#105=PLANE('',#4466);
#106=PLANE('',#4468);
#107=PLANE('',#4469);
#108=PLANE('',#4471);
#109=PLANE('',#4473);
#110=PLANE('',#4475);
#111=PLANE('',#4476);
#112=PLANE('',#4477);
#113=PLANE('',#4483);
#114=PLANE('',#4484);
#115=PLANE('',#4485);
#116=PLANE('',#4486);
#117=PLANE('',#4487);
#118=PLANE('',#4488);
#119=PLANE('',#4489);
#120=PLANE('',#4490);
#121=PLANE('',#4492);
#122=PLANE('',#4493);
#123=PLANE('',#4495);
#124=PLANE('',#4497);
#125=PLANE('',#4499);
#126=PLANE('',#4500);
#127=PLANE('',#4501);
#128=PLANE('',#4504);
#129=PLANE('',#4505);
#130=PLANE('',#4506);
#131=PLANE('',#4509);
#132=PLANE('',#4510);
#133=PLANE('',#4511);
#134=PLANE('',#4512);
#135=PLANE('',#4513);
#136=PLANE('',#4515);
#137=PLANE('',#4516);
#138=PLANE('',#4518);
#139=PLANE('',#4520);
#140=PLANE('',#4522);
#141=PLANE('',#4523);
#142=PLANE('',#4524);
#143=PLANE('',#4527);
#144=PLANE('',#4531);
#145=PLANE('',#4535);
#146=PLANE('',#4538);
#147=PLANE('',#4539);
#148=PLANE('',#4542);
#149=PLANE('',#4545);
#150=PLANE('',#4548);
#151=PLANE('',#4549);
#152=PLANE('',#4550);
#153=PLANE('',#4553);
#154=PLANE('',#4564);
#155=PLANE('',#4565);
#156=PLANE('',#4570);
#157=PLANE('',#4571);
#158=PLANE('',#4572);
#159=PLANE('',#4575);
#160=PLANE('',#4578);
#161=PLANE('',#4583);
#162=PLANE('',#4587);
#163=PLANE('',#4588);
#164=PLANE('',#4592);
#165=PLANE('',#4604);
#166=PLANE('',#4607);
#167=PLANE('',#4616);
#168=PLANE('',#4622);
#169=PLANE('',#4627);
#170=PLANE('',#4628);
#171=PLANE('',#4629);
#172=PLANE('',#4630);
#173=PLANE('',#4631);
#174=PLANE('',#4632);
#175=PLANE('',#4633);
#176=PLANE('',#4634);
#177=PLANE('',#4635);
#178=PLANE('',#4636);
#179=PLANE('',#4637);
#180=PLANE('',#4638);
#181=PLANE('',#4639);
#182=PLANE('',#4640);
#183=PLANE('',#4641);
#184=PLANE('',#4642);
#185=PLANE('',#4644);
#186=PLANE('',#4651);
#187=PLANE('',#4656);
#188=PLANE('',#4657);
#189=PLANE('',#4658);
#190=PLANE('',#4659);
#191=PLANE('',#4660);
#192=PLANE('',#4661);
#193=PLANE('',#4662);
#194=PLANE('',#4663);
#195=PLANE('',#4664);
#196=PLANE('',#4665);
#197=PLANE('',#4666);
#198=PLANE('',#4667);
#199=PLANE('',#4668);
#200=PLANE('',#4669);
#201=PLANE('',#4670);
#202=PLANE('',#4671);
#203=PLANE('',#4672);
#204=PLANE('',#4673);
#205=PLANE('',#4674);
#206=PLANE('',#4675);
#207=PLANE('',#4676);
#208=PLANE('',#4677);
#209=PLANE('',#4678);
#210=PLANE('',#4679);
#211=PLANE('',#4680);
#212=PLANE('',#4681);
#213=PLANE('',#4682);
#214=PLANE('',#4685);
#215=PLANE('',#4689);
#216=PLANE('',#4692);
#217=PLANE('',#4698);
#218=PLANE('',#4702);
#219=PLANE('',#4705);
#220=PLANE('',#4733);
#221=PLANE('',#4734);
#222=PLANE('',#4735);
#223=PLANE('',#4739);
#224=PLANE('',#4740);
#225=PLANE('',#4741);
#226=LINE('',#6060,#672);
#227=LINE('',#6072,#673);
#228=LINE('',#6094,#674);
#229=LINE('',#6097,#675);
#230=LINE('',#6100,#676);
#231=LINE('',#6101,#677);
#232=LINE('',#6103,#678);
#233=LINE('',#6104,#679);
#234=LINE('',#6111,#680);
#235=LINE('',#6115,#681);
#236=LINE('',#6118,#682);
#237=LINE('',#6121,#683);
#238=LINE('',#6123,#684);
#239=LINE('',#6130,#685);
#240=LINE('',#6131,#686);
#241=LINE('',#6211,#687);
#242=LINE('',#6418,#688);
#243=LINE('',#6421,#689);
#244=LINE('',#6424,#690);
#245=LINE('',#6425,#691);
#246=LINE('',#6428,#692);
#247=LINE('',#6429,#693);
#248=LINE('',#6431,#694);
#249=LINE('',#6435,#695);
#250=LINE('',#6437,#696);
#251=LINE('',#6439,#697);
#252=LINE('',#6440,#698);
#253=LINE('',#6443,#699);
#254=LINE('',#6445,#700);
#255=LINE('',#6447,#701);
#256=LINE('',#6448,#702);
#257=LINE('',#6451,#703);
#258=LINE('',#6453,#704);
#259=LINE('',#6455,#705);
#260=LINE('',#6456,#706);
#261=LINE('',#6459,#707);
#262=LINE('',#6461,#708);
#263=LINE('',#6465,#709);
#264=LINE('',#6466,#710);
#265=LINE('',#6470,#711);
#266=LINE('',#6473,#712);
#267=LINE('',#6475,#713);
#268=LINE('',#6476,#714);
#269=LINE('',#6480,#715);
#270=LINE('',#6483,#716);
#271=LINE('',#6488,#717);
#272=LINE('',#6489,#718);
#273=LINE('',#6493,#719);
#274=LINE('',#6495,#720);
#275=LINE('',#6503,#721);
#276=LINE('',#6507,#722);
#277=LINE('',#6513,#723);
#278=LINE('',#6516,#724);
#279=LINE('',#6521,#725);
#280=LINE('',#6524,#726);
#281=LINE('',#6529,#727);
#282=LINE('',#6532,#728);
#283=LINE('',#6537,#729);
#284=LINE('',#6540,#730);
#285=LINE('',#6544,#731);
#286=LINE('',#6547,#732);
#287=LINE('',#6550,#733);
#288=LINE('',#6551,#734);
#289=LINE('',#6554,#735);
#290=LINE('',#6555,#736);
#291=LINE('',#6557,#737);
#292=LINE('',#6561,#738);
#293=LINE('',#6563,#739);
#294=LINE('',#6565,#740);
#295=LINE('',#6566,#741);
#296=LINE('',#6569,#742);
#297=LINE('',#6571,#743);
#298=LINE('',#6573,#744);
#299=LINE('',#6574,#745);
#300=LINE('',#6577,#746);
#301=LINE('',#6579,#747);
#302=LINE('',#6581,#748);
#303=LINE('',#6582,#749);
#304=LINE('',#6585,#750);
#305=LINE('',#6586,#751);
#306=LINE('',#6588,#752);
#307=LINE('',#6589,#753);
#308=LINE('',#6593,#754);
#309=LINE('',#6596,#755);
#310=LINE('',#6597,#756);
#311=LINE('',#6601,#757);
#312=LINE('',#6604,#758);
#313=LINE('',#6609,#759);
#314=LINE('',#6610,#760);
#315=LINE('',#6612,#761);
#316=LINE('',#6620,#762);
#317=LINE('',#6623,#763);
#318=LINE('',#6626,#764);
#319=LINE('',#6627,#765);
#320=LINE('',#6630,#766);
#321=LINE('',#6631,#767);
#322=LINE('',#6633,#768);
#323=LINE('',#6637,#769);
#324=LINE('',#6639,#770);
#325=LINE('',#6641,#771);
#326=LINE('',#6642,#772);
#327=LINE('',#6645,#773);
#328=LINE('',#6647,#774);
#329=LINE('',#6649,#775);
#330=LINE('',#6650,#776);
#331=LINE('',#6653,#777);
#332=LINE('',#6655,#778);
#333=LINE('',#6657,#779);
#334=LINE('',#6658,#780);
#335=LINE('',#6661,#781);
#336=LINE('',#6662,#782);
#337=LINE('',#6664,#783);
#338=LINE('',#6665,#784);
#339=LINE('',#6669,#785);
#340=LINE('',#6672,#786);
#341=LINE('',#6673,#787);
#342=LINE('',#6677,#788);
#343=LINE('',#6680,#789);
#344=LINE('',#6685,#790);
#345=LINE('',#6686,#791);
#346=LINE('',#6688,#792);
#347=LINE('',#6695,#793);
#348=LINE('',#6698,#794);
#349=LINE('',#6702,#795);
#350=LINE('',#6703,#796);
#351=LINE('',#6706,#797);
#352=LINE('',#6707,#798);
#353=LINE('',#6709,#799);
#354=LINE('',#6713,#800);
#355=LINE('',#6715,#801);
#356=LINE('',#6717,#802);
#357=LINE('',#6718,#803);
#358=LINE('',#6721,#804);
#359=LINE('',#6723,#805);
#360=LINE('',#6725,#806);
#361=LINE('',#6726,#807);
#362=LINE('',#6729,#808);
#363=LINE('',#6731,#809);
#364=LINE('',#6733,#810);
#365=LINE('',#6734,#811);
#366=LINE('',#6737,#812);
#367=LINE('',#6738,#813);
#368=LINE('',#6740,#814);
#369=LINE('',#6741,#815);
#370=LINE('',#6745,#816);
#371=LINE('',#6748,#817);
#372=LINE('',#6749,#818);
#373=LINE('',#6753,#819);
#374=LINE('',#6756,#820);
#375=LINE('',#6761,#821);
#376=LINE('',#6762,#822);
#377=LINE('',#6764,#823);
#378=LINE('',#6771,#824);
#379=LINE('',#6773,#825);
#380=LINE('',#6774,#826);
#381=LINE('',#6777,#827);
#382=LINE('',#6778,#828);
#383=LINE('',#6781,#829);
#384=LINE('',#6782,#830);
#385=LINE('',#6788,#831);
#386=LINE('',#6790,#832);
#387=LINE('',#6792,#833);
#388=LINE('',#6793,#834);
#389=LINE('',#6796,#835);
#390=LINE('',#6798,#836);
#391=LINE('',#6800,#837);
#392=LINE('',#6801,#838);
#393=LINE('',#6804,#839);
#394=LINE('',#6806,#840);
#395=LINE('',#6808,#841);
#396=LINE('',#6809,#842);
#397=LINE('',#6812,#843);
#398=LINE('',#6813,#844);
#399=LINE('',#6815,#845);
#400=LINE('',#6816,#846);
#401=LINE('',#6820,#847);
#402=LINE('',#6823,#848);
#403=LINE('',#6824,#849);
#404=LINE('',#6828,#850);
#405=LINE('',#6831,#851);
#406=LINE('',#6836,#852);
#407=LINE('',#6837,#853);
#408=LINE('',#6839,#854);
#409=LINE('',#6850,#855);
#410=LINE('',#6856,#856);
#411=LINE('',#6865,#857);
#412=LINE('',#6867,#858);
#413=LINE('',#6869,#859);
#414=LINE('',#6872,#860);
#415=LINE('',#6875,#861);
#416=LINE('',#6877,#862);
#417=LINE('',#6878,#863);
#418=LINE('',#6884,#864);
#419=LINE('',#6887,#865);
#420=LINE('',#6888,#866);
#421=LINE('',#6894,#867);
#422=LINE('',#6898,#868);
#423=LINE('',#6900,#869);
#424=LINE('',#6901,#870);
#425=LINE('',#6907,#871);
#426=LINE('',#6909,#872);
#427=LINE('',#6911,#873);
#428=LINE('',#6914,#874);
#429=LINE('',#6917,#875);
#430=LINE('',#6919,#876);
#431=LINE('',#6920,#877);
#432=LINE('',#6923,#878);
#433=LINE('',#6925,#879);
#434=LINE('',#6926,#880);
#435=LINE('',#6931,#881);
#436=LINE('',#6933,#882);
#437=LINE('',#6936,#883);
#438=LINE('',#6942,#884);
#439=LINE('',#6945,#885);
#440=LINE('',#6946,#886);
#441=LINE('',#6949,#887);
#442=LINE('',#6952,#888);
#443=LINE('',#6955,#889);
#444=LINE('',#6958,#890);
#445=LINE('',#6961,#891);
#446=LINE('',#6964,#892);
#447=LINE('',#6967,#893);
#448=LINE('',#6970,#894);
#449=LINE('',#6972,#895);
#450=LINE('',#6974,#896);
#451=LINE('',#6977,#897);
#452=LINE('',#6980,#898);
#453=LINE('',#6983,#899);
#454=LINE('',#6986,#900);
#455=LINE('',#6989,#901);
#456=LINE('',#6991,#902);
#457=LINE('',#6993,#903);
#458=LINE('',#6995,#904);
#459=LINE('',#6997,#905);
#460=LINE('',#6999,#906);
#461=LINE('',#7000,#907);
#462=LINE('',#7003,#908);
#463=LINE('',#7004,#909);
#464=LINE('',#7007,#910);
#465=LINE('',#7008,#911);
#466=LINE('',#7013,#912);
#467=LINE('',#7015,#913);
#468=LINE('',#7017,#914);
#469=LINE('',#7019,#915);
#470=LINE('',#7020,#916);
#471=LINE('',#7023,#917);
#472=LINE('',#7027,#918);
#473=LINE('',#7028,#919);
#474=LINE('',#7031,#920);
#475=LINE('',#7035,#921);
#476=LINE('',#7038,#922);
#477=LINE('',#7040,#923);
#478=LINE('',#7043,#924);
#479=LINE('',#7045,#925);
#480=LINE('',#7047,#926);
#481=LINE('',#7049,#927);
#482=LINE('',#7051,#928);
#483=LINE('',#7054,#929);
#484=LINE('',#7057,#930);
#485=LINE('',#7060,#931);
#486=LINE('',#7061,#932);
#487=LINE('',#7067,#933);
#488=LINE('',#7070,#934);
#489=LINE('',#7073,#935);
#490=LINE('',#7075,#936);
#491=LINE('',#7077,#937);
#492=LINE('',#7078,#938);
#493=LINE('',#7080,#939);
#494=LINE('',#7081,#940);
#495=LINE('',#7087,#941);
#496=LINE('',#7090,#942);
#497=LINE('',#7096,#943);
#498=LINE('',#7100,#944);
#499=LINE('',#7107,#945);
#500=LINE('',#7110,#946);
#501=LINE('',#7113,#947);
#502=LINE('',#7118,#948);
#503=LINE('',#7121,#949);
#504=LINE('',#7122,#950);
#505=LINE('',#7123,#951);
#506=LINE('',#7124,#952);
#507=LINE('',#7126,#953);
#508=LINE('',#7136,#954);
#509=LINE('',#7139,#955);
#510=LINE('',#7140,#956);
#511=LINE('',#7142,#957);
#512=LINE('',#7144,#958);
#513=LINE('',#7146,#959);
#514=LINE('',#7148,#960);
#515=LINE('',#7150,#961);
#516=LINE('',#7151,#962);
#517=LINE('',#7155,#963);
#518=LINE('',#7161,#964);
#519=LINE('',#7164,#965);
#520=LINE('',#7166,#966);
#521=LINE('',#7168,#967);
#522=LINE('',#7170,#968);
#523=LINE('',#7171,#969);
#524=LINE('',#7173,#970);
#525=LINE('',#7175,#971);
#526=LINE('',#7177,#972);
#527=LINE('',#7179,#973);
#528=LINE('',#7181,#974);
#529=LINE('',#7182,#975);
#530=LINE('',#7183,#976);
#531=LINE('',#7189,#977);
#532=LINE('',#7193,#978);
#533=LINE('',#7194,#979);
#534=LINE('',#7195,#980);
#535=LINE('',#7198,#981);
#536=LINE('',#7199,#982);
#537=LINE('',#7202,#983);
#538=LINE('',#7204,#984);
#539=LINE('',#7205,#985);
#540=LINE('',#7207,#986);
#541=LINE('',#7211,#987);
#542=LINE('',#7213,#988);
#543=LINE('',#7215,#989);
#544=LINE('',#7216,#990);
#545=LINE('',#7219,#991);
#546=LINE('',#7221,#992);
#547=LINE('',#7222,#993);
#548=LINE('',#7224,#994);
#549=LINE('',#7225,#995);
#550=LINE('',#7228,#996);
#551=LINE('',#7229,#997);
#552=LINE('',#7230,#998);
#553=LINE('',#7233,#999);
#554=LINE('',#7235,#1000);
#555=LINE('',#7237,#1001);
#556=LINE('',#7238,#1002);
#557=LINE('',#7239,#1003);
#558=LINE('',#7241,#1004);
#559=LINE('',#7243,#1005);
#560=LINE('',#7245,#1006);
#561=LINE('',#7246,#1007);
#562=LINE('',#7248,#1008);
#563=LINE('',#7261,#1009);
#564=LINE('',#7265,#1010);
#565=LINE('',#7271,#1011);
#566=LINE('',#7273,#1012);
#567=LINE('',#7275,#1013);
#568=LINE('',#7277,#1014);
#569=LINE('',#7279,#1015);
#570=LINE('',#7281,#1016);
#571=LINE('',#7283,#1017);
#572=LINE('',#7285,#1018);
#573=LINE('',#7287,#1019);
#574=LINE('',#7289,#1020);
#575=LINE('',#7291,#1021);
#576=LINE('',#7293,#1022);
#577=LINE('',#7295,#1023);
#578=LINE('',#7297,#1024);
#579=LINE('',#7299,#1025);
#580=LINE('',#7301,#1026);
#581=LINE('',#7303,#1027);
#582=LINE('',#7305,#1028);
#583=LINE('',#7307,#1029);
#584=LINE('',#7309,#1030);
#585=LINE('',#7310,#1031);
#586=LINE('',#7313,#1032);
#587=LINE('',#7317,#1033);
#588=LINE('',#7321,#1034);
#589=LINE('',#7325,#1035);
#590=LINE('',#7329,#1036);
#591=LINE('',#7330,#1037);
#592=LINE('',#7333,#1038);
#593=LINE('',#7334,#1039);
#594=LINE('',#7336,#1040);
#595=LINE('',#7338,#1041);
#596=LINE('',#7340,#1042);
#597=LINE('',#7341,#1043);
#598=LINE('',#7343,#1044);
#599=LINE('',#7344,#1045);
#600=LINE('',#7346,#1046);
#601=LINE('',#7349,#1047);
#602=LINE('',#7351,#1048);
#603=LINE('',#7352,#1049);
#604=LINE('',#7354,#1050);
#605=LINE('',#7356,#1051);
#606=LINE('',#7357,#1052);
#607=LINE('',#7359,#1053);
#608=LINE('',#7362,#1054);
#609=LINE('',#7364,#1055);
#610=LINE('',#7365,#1056);
#611=LINE('',#7367,#1057);
#612=LINE('',#7369,#1058);
#613=LINE('',#7372,#1059);
#614=LINE('',#7374,#1060);
#615=LINE('',#7375,#1061);
#616=LINE('',#7378,#1062);
#617=LINE('',#7379,#1063);
#618=LINE('',#7382,#1064);
#619=LINE('',#7383,#1065);
#620=LINE('',#7385,#1066);
#621=LINE('',#7388,#1067);
#622=LINE('',#7389,#1068);
#623=LINE('',#7392,#1069);
#624=LINE('',#7393,#1070);
#625=LINE('',#7395,#1071);
#626=LINE('',#7399,#1072);
#627=LINE('',#7400,#1073);
#628=LINE('',#7403,#1074);
#629=LINE('',#7404,#1075);
#630=LINE('',#7406,#1076);
#631=LINE('',#7409,#1077);
#632=LINE('',#7416,#1078);
#633=LINE('',#7417,#1079);
#634=LINE('',#7420,#1080);
#635=LINE('',#7427,#1081);
#636=LINE('',#7430,#1082);
#637=LINE('',#7432,#1083);
#638=LINE('',#7434,#1084);
#639=LINE('',#7436,#1085);
#640=LINE('',#7437,#1086);
#641=LINE('',#7441,#1087);
#642=LINE('',#7444,#1088);
#643=LINE('',#7454,#1089);
#644=LINE('',#7455,#1090);
#645=LINE('',#7458,#1091);
#646=LINE('',#7465,#1092);
#647=LINE('',#7468,#1093);
#648=LINE('',#7470,#1094);
#649=LINE('',#7472,#1095);
#650=LINE('',#7474,#1096);
#651=LINE('',#7475,#1097);
#652=LINE('',#7479,#1098);
#653=LINE('',#7482,#1099);
#654=LINE('',#7490,#1100);
#655=LINE('',#7493,#1101);
#656=LINE('',#7496,#1102);
#657=LINE('',#7502,#1103);
#658=LINE('',#7506,#1104);
#659=LINE('',#7510,#1105);
#660=LINE('',#7514,#1106);
#661=LINE('',#7517,#1107);
#662=LINE('',#7520,#1108);
#663=LINE('',#7526,#1109);
#664=LINE('',#7530,#1110);
#665=LINE('',#7534,#1111);
#666=LINE('',#7537,#1112);
#667=LINE('',#7539,#1113);
#668=LINE('',#7545,#1114);
#669=LINE('',#7549,#1115);
#670=LINE('',#7550,#1116);
#671=LINE('',#7552,#1117);
#672=VECTOR('',#4748,10.);
#673=VECTOR('',#4749,10.);
#674=VECTOR('',#4764,10.);
#675=VECTOR('',#4767,10.);
#676=VECTOR('',#4770,10.);
#677=VECTOR('',#4771,10.);
#678=VECTOR('',#4772,10.);
#679=VECTOR('',#4773,10.);
#680=VECTOR('',#4780,10.);
#681=VECTOR('',#4785,10.);
#682=VECTOR('',#4788,10.);
#683=VECTOR('',#4791,10.);
#684=VECTOR('',#4792,10.);
#685=VECTOR('',#4793,10.);
#686=VECTOR('',#4794,10.);
#687=VECTOR('',#4799,10.);
#688=VECTOR('',#4840,10.);
#689=VECTOR('',#4843,10.);
#690=VECTOR('',#4846,10.);
#691=VECTOR('',#4847,10.);
#692=VECTOR('',#4850,10.);
#693=VECTOR('',#4851,10.);
#694=VECTOR('',#4854,10.);
#695=VECTOR('',#4857,10.);
#696=VECTOR('',#4858,10.);
#697=VECTOR('',#4859,10.);
#698=VECTOR('',#4860,10.);
#699=VECTOR('',#4863,10.);
#700=VECTOR('',#4864,10.);
#701=VECTOR('',#4865,10.);
#702=VECTOR('',#4866,10.);
#703=VECTOR('',#4869,10.);
#704=VECTOR('',#4870,10.);
#705=VECTOR('',#4871,10.);
#706=VECTOR('',#4872,10.);
#707=VECTOR('',#4875,10.);
#708=VECTOR('',#4876,10.);
#709=VECTOR('',#4879,10.);
#710=VECTOR('',#4880,10.);
#711=VECTOR('',#4885,10.);
#712=VECTOR('',#4888,10.);
#713=VECTOR('',#4889,10.);
#714=VECTOR('',#4890,10.);
#715=VECTOR('',#4895,10.);
#716=VECTOR('',#4898,10.);
#717=VECTOR('',#4905,10.);
#718=VECTOR('',#4906,10.);
#719=VECTOR('',#4911,10.);
#720=VECTOR('',#4914,10.);
#721=VECTOR('',#4925,10.);
#722=VECTOR('',#4928,10.);
#723=VECTOR('',#4933,10.);
#724=VECTOR('',#4936,10.);
#725=VECTOR('',#4939,10.);
#726=VECTOR('',#4942,10.);
#727=VECTOR('',#4945,10.);
#728=VECTOR('',#4948,10.);
#729=VECTOR('',#4951,10.);
#730=VECTOR('',#4954,10.);
#731=VECTOR('',#4959,10.);
#732=VECTOR('',#4962,10.);
#733=VECTOR('',#4965,10.);
#734=VECTOR('',#4966,10.);
#735=VECTOR('',#4969,10.);
#736=VECTOR('',#4970,10.);
#737=VECTOR('',#4973,10.);
#738=VECTOR('',#4976,10.);
#739=VECTOR('',#4977,10.);
#740=VECTOR('',#4978,10.);
#741=VECTOR('',#4979,10.);
#742=VECTOR('',#4982,10.);
#743=VECTOR('',#4983,10.);
#744=VECTOR('',#4984,10.);
#745=VECTOR('',#4985,10.);
#746=VECTOR('',#4988,10.);
#747=VECTOR('',#4989,10.);
#748=VECTOR('',#4990,10.);
#749=VECTOR('',#4991,10.);
#750=VECTOR('',#4994,10.);
#751=VECTOR('',#4995,10.);
#752=VECTOR('',#4996,10.);
#753=VECTOR('',#4997,10.);
#754=VECTOR('',#5002,10.);
#755=VECTOR('',#5005,10.);
#756=VECTOR('',#5006,10.);
#757=VECTOR('',#5011,10.);
#758=VECTOR('',#5014,10.);
#759=VECTOR('',#5021,10.);
#760=VECTOR('',#5022,10.);
#761=VECTOR('',#5025,10.);
#762=VECTOR('',#5038,10.);
#763=VECTOR('',#5041,10.);
#764=VECTOR('',#5044,10.);
#765=VECTOR('',#5045,10.);
#766=VECTOR('',#5048,10.);
#767=VECTOR('',#5049,10.);
#768=VECTOR('',#5052,10.);
#769=VECTOR('',#5055,10.);
#770=VECTOR('',#5056,10.);
#771=VECTOR('',#5057,10.);
#772=VECTOR('',#5058,10.);
#773=VECTOR('',#5061,10.);
#774=VECTOR('',#5062,10.);
#775=VECTOR('',#5063,10.);
#776=VECTOR('',#5064,10.);
#777=VECTOR('',#5067,10.);
#778=VECTOR('',#5068,10.);
#779=VECTOR('',#5069,10.);
#780=VECTOR('',#5070,10.);
#781=VECTOR('',#5073,10.);
#782=VECTOR('',#5074,10.);
#783=VECTOR('',#5075,10.);
#784=VECTOR('',#5076,10.);
#785=VECTOR('',#5081,10.);
#786=VECTOR('',#5084,10.);
#787=VECTOR('',#5085,10.);
#788=VECTOR('',#5090,10.);
#789=VECTOR('',#5093,10.);
#790=VECTOR('',#5100,10.);
#791=VECTOR('',#5101,10.);
#792=VECTOR('',#5104,10.);
#793=VECTOR('',#5115,10.);
#794=VECTOR('',#5118,10.);
#795=VECTOR('',#5123,10.);
#796=VECTOR('',#5124,10.);
#797=VECTOR('',#5127,10.);
#798=VECTOR('',#5128,10.);
#799=VECTOR('',#5131,10.);
#800=VECTOR('',#5134,10.);
#801=VECTOR('',#5135,10.);
#802=VECTOR('',#5136,10.);
#803=VECTOR('',#5137,10.);
#804=VECTOR('',#5140,10.);
#805=VECTOR('',#5141,10.);
#806=VECTOR('',#5142,10.);
#807=VECTOR('',#5143,10.);
#808=VECTOR('',#5146,10.);
#809=VECTOR('',#5147,10.);
#810=VECTOR('',#5148,10.);
#811=VECTOR('',#5149,10.);
#812=VECTOR('',#5152,10.);
#813=VECTOR('',#5153,10.);
#814=VECTOR('',#5154,10.);
#815=VECTOR('',#5155,10.);
#816=VECTOR('',#5160,10.);
#817=VECTOR('',#5163,10.);
#818=VECTOR('',#5164,10.);
#819=VECTOR('',#5169,10.);
#820=VECTOR('',#5172,10.);
#821=VECTOR('',#5179,10.);
#822=VECTOR('',#5180,10.);
#823=VECTOR('',#5183,10.);
#824=VECTOR('',#5194,10.);
#825=VECTOR('',#5195,10.);
#826=VECTOR('',#5196,10.);
#827=VECTOR('',#5199,10.);
#828=VECTOR('',#5200,10.);
#829=VECTOR('',#5203,10.);
#830=VECTOR('',#5204,10.);
#831=VECTOR('',#5211,10.);
#832=VECTOR('',#5212,10.);
#833=VECTOR('',#5213,10.);
#834=VECTOR('',#5214,10.);
#835=VECTOR('',#5217,10.);
#836=VECTOR('',#5218,10.);
#837=VECTOR('',#5219,10.);
#838=VECTOR('',#5220,10.);
#839=VECTOR('',#5223,10.);
#840=VECTOR('',#5224,10.);
#841=VECTOR('',#5225,10.);
#842=VECTOR('',#5226,10.);
#843=VECTOR('',#5229,10.);
#844=VECTOR('',#5230,10.);
#845=VECTOR('',#5231,10.);
#846=VECTOR('',#5232,10.);
#847=VECTOR('',#5237,10.);
#848=VECTOR('',#5240,10.);
#849=VECTOR('',#5241,10.);
#850=VECTOR('',#5246,10.);
#851=VECTOR('',#5249,10.);
#852=VECTOR('',#5256,10.);
#853=VECTOR('',#5257,10.);
#854=VECTOR('',#5260,10.);
#855=VECTOR('',#5275,10.);
#856=VECTOR('',#5282,10.);
#857=VECTOR('',#5291,10.);
#858=VECTOR('',#5292,10.);
#859=VECTOR('',#5293,10.);
#860=VECTOR('',#5296,10.);
#861=VECTOR('',#5299,10.);
#862=VECTOR('',#5300,10.);
#863=VECTOR('',#5301,10.);
#864=VECTOR('',#5306,10.);
#865=VECTOR('',#5309,10.);
#866=VECTOR('',#5310,10.);
#867=VECTOR('',#5315,10.);
#868=VECTOR('',#5318,10.);
#869=VECTOR('',#5319,10.);
#870=VECTOR('',#5320,10.);
#871=VECTOR('',#5325,10.);
#872=VECTOR('',#5326,10.);
#873=VECTOR('',#5327,10.);
#874=VECTOR('',#5330,10.);
#875=VECTOR('',#5333,10.);
#876=VECTOR('',#5334,10.);
#877=VECTOR('',#5335,10.);
#878=VECTOR('',#5338,10.);
#879=VECTOR('',#5339,10.);
#880=VECTOR('',#5340,10.);
#881=VECTOR('',#5345,10.);
#882=VECTOR('',#5346,10.);
#883=VECTOR('',#5349,10.);
#884=VECTOR('',#5354,10.);
#885=VECTOR('',#5357,10.);
#886=VECTOR('',#5358,10.);
#887=VECTOR('',#5361,10.);
#888=VECTOR('',#5364,10.);
#889=VECTOR('',#5367,10.);
#890=VECTOR('',#5370,10.);
#891=VECTOR('',#5373,10.);
#892=VECTOR('',#5376,10.);
#893=VECTOR('',#5379,10.);
#894=VECTOR('',#5382,10.);
#895=VECTOR('',#5385,10.);
#896=VECTOR('',#5388,10.);
#897=VECTOR('',#5391,10.);
#898=VECTOR('',#5394,10.);
#899=VECTOR('',#5397,10.);
#900=VECTOR('',#5400,10.);
#901=VECTOR('',#5403,10.);
#902=VECTOR('',#5404,10.);
#903=VECTOR('',#5405,10.);
#904=VECTOR('',#5406,10.);
#905=VECTOR('',#5407,10.);
#906=VECTOR('',#5408,10.);
#907=VECTOR('',#5409,10.);
#908=VECTOR('',#5412,10.);
#909=VECTOR('',#5413,10.);
#910=VECTOR('',#5416,10.);
#911=VECTOR('',#5417,10.);
#912=VECTOR('',#5424,10.);
#913=VECTOR('',#5425,10.);
#914=VECTOR('',#5426,10.);
#915=VECTOR('',#5427,10.);
#916=VECTOR('',#5428,10.);
#917=VECTOR('',#5431,10.);
#918=VECTOR('',#5436,10.);
#919=VECTOR('',#5437,10.);
#920=VECTOR('',#5440,10.);
#921=VECTOR('',#5445,10.);
#922=VECTOR('',#5448,10.);
#923=VECTOR('',#5451,10.);
#924=VECTOR('',#5454,10.);
#925=VECTOR('',#5455,10.);
#926=VECTOR('',#5456,10.);
#927=VECTOR('',#5457,10.);
#928=VECTOR('',#5458,10.);
#929=VECTOR('',#5461,10.);
#930=VECTOR('',#5466,10.);
#931=VECTOR('',#5469,10.);
#932=VECTOR('',#5470,10.);
#933=VECTOR('',#5475,10.);
#934=VECTOR('',#5478,10.);
#935=VECTOR('',#5481,10.);
#936=VECTOR('',#5482,10.);
#937=VECTOR('',#5483,10.);
#938=VECTOR('',#5484,10.);
#939=VECTOR('',#5485,10.);
#940=VECTOR('',#5486,10.);
#941=VECTOR('',#5491,10.);
#942=VECTOR('',#5494,10.);
#943=VECTOR('',#5501,10.);
#944=VECTOR('',#5504,10.);
#945=VECTOR('',#5511,10.);
#946=VECTOR('',#5514,10.);
#947=VECTOR('',#5517,10.);
#948=VECTOR('',#5522,10.);
#949=VECTOR('',#5525,10.);
#950=VECTOR('',#5526,10.);
#951=VECTOR('',#5527,10.);
#952=VECTOR('',#5528,10.);
#953=VECTOR('',#5531,10.);
#954=VECTOR('',#5546,10.);
#955=VECTOR('',#5549,10.);
#956=VECTOR('',#5550,10.);
#957=VECTOR('',#5551,10.);
#958=VECTOR('',#5552,10.);
#959=VECTOR('',#5553,10.);
#960=VECTOR('',#5554,10.);
#961=VECTOR('',#5555,10.);
#962=VECTOR('',#5556,10.);
#963=VECTOR('',#5561,10.);
#964=VECTOR('',#5568,10.);
#965=VECTOR('',#5571,10.);
#966=VECTOR('',#5572,10.);
#967=VECTOR('',#5573,10.);
#968=VECTOR('',#5574,10.);
#969=VECTOR('',#5575,10.);
#970=VECTOR('',#5576,10.);
#971=VECTOR('',#5577,10.);
#972=VECTOR('',#5578,10.);
#973=VECTOR('',#5579,10.);
#974=VECTOR('',#5580,10.);
#975=VECTOR('',#5581,10.);
#976=VECTOR('',#5582,10.);
#977=VECTOR('',#5591,10.);
#978=VECTOR('',#5594,10.);
#979=VECTOR('',#5595,10.);
#980=VECTOR('',#5596,10.);
#981=VECTOR('',#5599,10.);
#982=VECTOR('',#5600,10.);
#983=VECTOR('',#5603,10.);
#984=VECTOR('',#5604,10.);
#985=VECTOR('',#5605,10.);
#986=VECTOR('',#5608,10.);
#987=VECTOR('',#5611,10.);
#988=VECTOR('',#5612,10.);
#989=VECTOR('',#5613,10.);
#990=VECTOR('',#5614,10.);
#991=VECTOR('',#5617,10.);
#992=VECTOR('',#5618,10.);
#993=VECTOR('',#5619,10.);
#994=VECTOR('',#5622,10.);
#995=VECTOR('',#5623,10.);
#996=VECTOR('',#5626,10.);
#997=VECTOR('',#5627,10.);
#998=VECTOR('',#5628,10.);
#999=VECTOR('',#5631,10.);
#1000=VECTOR('',#5632,10.);
#1001=VECTOR('',#5633,10.);
#1002=VECTOR('',#5634,10.);
#1003=VECTOR('',#5635,10.);
#1004=VECTOR('',#5638,10.);
#1005=VECTOR('',#5641,10.);
#1006=VECTOR('',#5642,10.);
#1007=VECTOR('',#5643,10.);
#1008=VECTOR('',#5646,10.);
#1009=VECTOR('',#5665,10.);
#1010=VECTOR('',#5668,10.);
#1011=VECTOR('',#5675,10.);
#1012=VECTOR('',#5676,10.);
#1013=VECTOR('',#5677,10.);
#1014=VECTOR('',#5678,10.);
#1015=VECTOR('',#5679,10.);
#1016=VECTOR('',#5680,10.);
#1017=VECTOR('',#5681,10.);
#1018=VECTOR('',#5682,10.);
#1019=VECTOR('',#5683,10.);
#1020=VECTOR('',#5684,10.);
#1021=VECTOR('',#5685,10.);
#1022=VECTOR('',#5686,10.);
#1023=VECTOR('',#5687,10.);
#1024=VECTOR('',#5688,10.);
#1025=VECTOR('',#5689,10.);
#1026=VECTOR('',#5690,10.);
#1027=VECTOR('',#5691,10.);
#1028=VECTOR('',#5692,10.);
#1029=VECTOR('',#5693,10.);
#1030=VECTOR('',#5694,10.);
#1031=VECTOR('',#5695,10.);
#1032=VECTOR('',#5696,10.);
#1033=VECTOR('',#5699,10.);
#1034=VECTOR('',#5702,10.);
#1035=VECTOR('',#5705,10.);
#1036=VECTOR('',#5710,10.);
#1037=VECTOR('',#5711,10.);
#1038=VECTOR('',#5714,10.);
#1039=VECTOR('',#5715,10.);
#1040=VECTOR('',#5718,10.);
#1041=VECTOR('',#5719,10.);
#1042=VECTOR('',#5720,10.);
#1043=VECTOR('',#5721,10.);
#1044=VECTOR('',#5724,10.);
#1045=VECTOR('',#5725,10.);
#1046=VECTOR('',#5728,10.);
#1047=VECTOR('',#5731,10.);
#1048=VECTOR('',#5732,10.);
#1049=VECTOR('',#5733,10.);
#1050=VECTOR('',#5736,10.);
#1051=VECTOR('',#5739,10.);
#1052=VECTOR('',#5740,10.);
#1053=VECTOR('',#5743,10.);
#1054=VECTOR('',#5746,10.);
#1055=VECTOR('',#5747,10.);
#1056=VECTOR('',#5748,10.);
#1057=VECTOR('',#5751,10.);
#1058=VECTOR('',#5754,10.);
#1059=VECTOR('',#5757,10.);
#1060=VECTOR('',#5758,10.);
#1061=VECTOR('',#5759,10.);
#1062=VECTOR('',#5762,10.);
#1063=VECTOR('',#5763,10.);
#1064=VECTOR('',#5766,10.);
#1065=VECTOR('',#5767,10.);
#1066=VECTOR('',#5770,10.);
#1067=VECTOR('',#5773,10.);
#1068=VECTOR('',#5774,10.);
#1069=VECTOR('',#5777,10.);
#1070=VECTOR('',#5778,10.);
#1071=VECTOR('',#5781,10.);
#1072=VECTOR('',#5786,10.);
#1073=VECTOR('',#5787,10.);
#1074=VECTOR('',#5790,10.);
#1075=VECTOR('',#5791,10.);
#1076=VECTOR('',#5794,10.);
#1077=VECTOR('',#5799,10.);
#1078=VECTOR('',#5808,10.);
#1079=VECTOR('',#5809,10.);
#1080=VECTOR('',#5812,10.);
#1081=VECTOR('',#5819,10.);
#1082=VECTOR('',#5822,10.);
#1083=VECTOR('',#5823,10.);
#1084=VECTOR('',#5824,10.);
#1085=VECTOR('',#5825,10.);
#1086=VECTOR('',#5826,10.);
#1087=VECTOR('',#5831,10.);
#1088=VECTOR('',#5834,10.);
#1089=VECTOR('',#5845,10.);
#1090=VECTOR('',#5846,10.);
#1091=VECTOR('',#5849,10.);
#1092=VECTOR('',#5856,10.);
#1093=VECTOR('',#5859,10.);
#1094=VECTOR('',#5860,10.);
#1095=VECTOR('',#5861,10.);
#1096=VECTOR('',#5862,10.);
#1097=VECTOR('',#5863,10.);
#1098=VECTOR('',#5868,10.);
#1099=VECTOR('',#5871,10.);
#1100=VECTOR('',#5880,10.);
#1101=VECTOR('',#5883,10.);
#1102=VECTOR('',#5886,10.);
#1103=VECTOR('',#5895,10.);
#1104=VECTOR('',#5900,10.);
#1105=VECTOR('',#5905,10.);
#1106=VECTOR('',#5910,10.);
#1107=VECTOR('',#5913,10.);
#1108=VECTOR('',#5916,10.);
#1109=VECTOR('',#5925,10.);
#1110=VECTOR('',#5930,10.);
#1111=VECTOR('',#5935,10.);
#1112=VECTOR('',#5940,10.);
#1113=VECTOR('',#5943,10.);
#1114=VECTOR('',#5950,3.);
#1115=VECTOR('',#5955,10.);
#1116=VECTOR('',#5956,10.);
#1117=VECTOR('',#5959,10.);
#1118=CYLINDRICAL_SURFACE('',#4357,0.4);
#1119=CYLINDRICAL_SURFACE('',#4363,0.4);
#1120=CYLINDRICAL_SURFACE('',#4371,0.4);
#1121=CYLINDRICAL_SURFACE('',#4375,0.4);
#1122=CYLINDRICAL_SURFACE('',#4378,18.);
#1123=CYLINDRICAL_SURFACE('',#4394,3.);
#1124=CYLINDRICAL_SURFACE('',#4419,2.5);
#1125=CYLINDRICAL_SURFACE('',#4420,28.8);
#1126=CYLINDRICAL_SURFACE('',#4432,3.);
#1127=CYLINDRICAL_SURFACE('',#4455,2.5);
#1128=CYLINDRICAL_SURFACE('',#4456,3.);
#1129=CYLINDRICAL_SURFACE('',#4479,2.5);
#1130=CYLINDRICAL_SURFACE('',#4480,3.);
#1131=CYLINDRICAL_SURFACE('',#4503,2.5);
#1132=CYLINDRICAL_SURFACE('',#4507,3.);
#1133=CYLINDRICAL_SURFACE('',#4526,2.5);
#1134=CYLINDRICAL_SURFACE('',#4556,0.4);
#1135=CYLINDRICAL_SURFACE('',#4558,0.4);
#1136=CYLINDRICAL_SURFACE('',#4560,0.4);
#1137=CYLINDRICAL_SURFACE('',#4562,0.4);
#1138=CYLINDRICAL_SURFACE('',#4566,0.4);
#1139=CYLINDRICAL_SURFACE('',#4568,0.4);
#1140=CYLINDRICAL_SURFACE('',#4573,0.4);
#1141=CYLINDRICAL_SURFACE('',#4576,0.4);
#1142=CYLINDRICAL_SURFACE('',#4579,0.4);
#1143=CYLINDRICAL_SURFACE('',#4581,0.4);
#1144=CYLINDRICAL_SURFACE('',#4586,0.4);
#1145=CYLINDRICAL_SURFACE('',#4589,0.4);
#1146=CYLINDRICAL_SURFACE('',#4593,0.4);
#1147=CYLINDRICAL_SURFACE('',#4596,30.);
#1148=CYLINDRICAL_SURFACE('',#4601,0.4);
#1149=CYLINDRICAL_SURFACE('',#4608,0.4);
#1150=CYLINDRICAL_SURFACE('',#4609,0.4);
#1151=CYLINDRICAL_SURFACE('',#4611,0.4);
#1152=CYLINDRICAL_SURFACE('',#4613,0.4);
#1153=CYLINDRICAL_SURFACE('',#4617,0.4);
#1154=CYLINDRICAL_SURFACE('',#4619,0.4);
#1155=CYLINDRICAL_SURFACE('',#4623,0.4);
#1156=CYLINDRICAL_SURFACE('',#4625,0.4);
#1157=CYLINDRICAL_SURFACE('',#4645,27.8567765543682);
#1158=CYLINDRICAL_SURFACE('',#4683,0.4);
#1159=CYLINDRICAL_SURFACE('',#4690,0.4);
#1160=CYLINDRICAL_SURFACE('',#4696,0.4);
#1161=CYLINDRICAL_SURFACE('',#4703,0.4);
#1162=CYLINDRICAL_SURFACE('',#4709,0.4);
#1163=CYLINDRICAL_SURFACE('',#4711,10.075);
#1164=CYLINDRICAL_SURFACE('',#4713,0.4);
#1165=CYLINDRICAL_SURFACE('',#4715,0.4);
#1166=CYLINDRICAL_SURFACE('',#4717,10.075);
#1167=CYLINDRICAL_SURFACE('',#4719,0.4);
#1168=CYLINDRICAL_SURFACE('',#4721,0.4);
#1169=CYLINDRICAL_SURFACE('',#4723,10.075);
#1170=CYLINDRICAL_SURFACE('',#4725,0.4);
#1171=CYLINDRICAL_SURFACE('',#4727,0.4);
#1172=CYLINDRICAL_SURFACE('',#4729,10.075);
#1173=CYLINDRICAL_SURFACE('',#4731,0.4);
#1174=FACE_OUTER_BOUND('',#1397,.T.);
#1175=FACE_OUTER_BOUND('',#1398,.T.);
#1176=FACE_OUTER_BOUND('',#1399,.T.);
#1177=FACE_OUTER_BOUND('',#1400,.T.);
#1178=FACE_OUTER_BOUND('',#1401,.T.);
#1179=FACE_OUTER_BOUND('',#1402,.T.);
#1180=FACE_OUTER_BOUND('',#1403,.T.);
#1181=FACE_OUTER_BOUND('',#1404,.T.);
#1182=FACE_OUTER_BOUND('',#1405,.T.);
#1183=FACE_OUTER_BOUND('',#1406,.T.);
#1184=FACE_OUTER_BOUND('',#1407,.T.);
#1185=FACE_OUTER_BOUND('',#1408,.T.);
#1186=FACE_OUTER_BOUND('',#1409,.T.);
#1187=FACE_OUTER_BOUND('',#1411,.T.);
#1188=FACE_OUTER_BOUND('',#1412,.T.);
#1189=FACE_OUTER_BOUND('',#1413,.T.);
#1190=FACE_OUTER_BOUND('',#1414,.T.);
#1191=FACE_OUTER_BOUND('',#1415,.T.);
#1192=FACE_OUTER_BOUND('',#1416,.T.);
#1193=FACE_OUTER_BOUND('',#1417,.T.);
#1194=FACE_OUTER_BOUND('',#1418,.T.);
#1195=FACE_OUTER_BOUND('',#1419,.T.);
#1196=FACE_OUTER_BOUND('',#1420,.T.);
#1197=FACE_OUTER_BOUND('',#1421,.T.);
#1198=FACE_OUTER_BOUND('',#1422,.T.);
#1199=FACE_OUTER_BOUND('',#1423,.T.);
#1200=FACE_OUTER_BOUND('',#1424,.T.);
#1201=FACE_OUTER_BOUND('',#1425,.T.);
#1202=FACE_OUTER_BOUND('',#1426,.T.);
#1203=FACE_OUTER_BOUND('',#1428,.T.);
#1204=FACE_OUTER_BOUND('',#1429,.T.);
#1205=FACE_OUTER_BOUND('',#1435,.T.);
#1206=FACE_OUTER_BOUND('',#1436,.T.);
#1207=FACE_OUTER_BOUND('',#1437,.T.);
#1208=FACE_OUTER_BOUND('',#1438,.T.);
#1209=FACE_OUTER_BOUND('',#1439,.T.);
#1210=FACE_OUTER_BOUND('',#1440,.T.);
#1211=FACE_OUTER_BOUND('',#1441,.T.);
#1212=FACE_OUTER_BOUND('',#1442,.T.);
#1213=FACE_OUTER_BOUND('',#1443,.T.);
#1214=FACE_OUTER_BOUND('',#1444,.T.);
#1215=FACE_OUTER_BOUND('',#1445,.T.);
#1216=FACE_OUTER_BOUND('',#1446,.T.);
#1217=FACE_OUTER_BOUND('',#1447,.T.);
#1218=FACE_OUTER_BOUND('',#1448,.T.);
#1219=FACE_OUTER_BOUND('',#1449,.T.);
#1220=FACE_OUTER_BOUND('',#1450,.T.);
#1221=FACE_OUTER_BOUND('',#1452,.T.);
#1222=FACE_OUTER_BOUND('',#1453,.T.);
#1223=FACE_OUTER_BOUND('',#1454,.T.);
#1224=FACE_OUTER_BOUND('',#1455,.T.);
#1225=FACE_OUTER_BOUND('',#1456,.T.);
#1226=FACE_OUTER_BOUND('',#1457,.T.);
#1227=FACE_OUTER_BOUND('',#1458,.T.);
#1228=FACE_OUTER_BOUND('',#1459,.T.);
#1229=FACE_OUTER_BOUND('',#1460,.T.);
#1230=FACE_OUTER_BOUND('',#1461,.T.);
#1231=FACE_OUTER_BOUND('',#1462,.T.);
#1232=FACE_OUTER_BOUND('',#1463,.T.);
#1233=FACE_OUTER_BOUND('',#1464,.T.);
#1234=FACE_OUTER_BOUND('',#1465,.T.);
#1235=FACE_OUTER_BOUND('',#1466,.T.);
#1236=FACE_OUTER_BOUND('',#1467,.T.);
#1237=FACE_OUTER_BOUND('',#1468,.T.);
#1238=FACE_OUTER_BOUND('',#1470,.T.);
#1239=FACE_OUTER_BOUND('',#1471,.T.);
#1240=FACE_OUTER_BOUND('',#1472,.T.);
#1241=FACE_OUTER_BOUND('',#1473,.T.);
#1242=FACE_OUTER_BOUND('',#1474,.T.);
#1243=FACE_OUTER_BOUND('',#1475,.T.);
#1244=FACE_OUTER_BOUND('',#1476,.T.);
#1245=FACE_OUTER_BOUND('',#1477,.T.);
#1246=FACE_OUTER_BOUND('',#1478,.T.);
#1247=FACE_OUTER_BOUND('',#1479,.T.);
#1248=FACE_OUTER_BOUND('',#1480,.T.);
#1249=FACE_OUTER_BOUND('',#1481,.T.);
#1250=FACE_OUTER_BOUND('',#1482,.T.);
#1251=FACE_OUTER_BOUND('',#1483,.T.);
#1252=FACE_OUTER_BOUND('',#1484,.T.);
#1253=FACE_OUTER_BOUND('',#1485,.T.);
#1254=FACE_OUTER_BOUND('',#1486,.T.);
#1255=FACE_OUTER_BOUND('',#1488,.T.);
#1256=FACE_OUTER_BOUND('',#1489,.T.);
#1257=FACE_OUTER_BOUND('',#1490,.T.);
#1258=FACE_OUTER_BOUND('',#1491,.T.);
#1259=FACE_OUTER_BOUND('',#1492,.T.);
#1260=FACE_OUTER_BOUND('',#1493,.T.);
#1261=FACE_OUTER_BOUND('',#1494,.T.);
#1262=FACE_OUTER_BOUND('',#1495,.T.);
#1263=FACE_OUTER_BOUND('',#1496,.T.);
#1264=FACE_OUTER_BOUND('',#1497,.T.);
#1265=FACE_OUTER_BOUND('',#1498,.T.);
#1266=FACE_OUTER_BOUND('',#1499,.T.);
#1267=FACE_OUTER_BOUND('',#1500,.T.);
#1268=FACE_OUTER_BOUND('',#1501,.T.);
#1269=FACE_OUTER_BOUND('',#1502,.T.);
#1270=FACE_OUTER_BOUND('',#1503,.T.);
#1271=FACE_OUTER_BOUND('',#1504,.T.);
#1272=FACE_OUTER_BOUND('',#1506,.T.);
#1273=FACE_OUTER_BOUND('',#1507,.T.);
#1274=FACE_OUTER_BOUND('',#1508,.T.);
#1275=FACE_OUTER_BOUND('',#1509,.T.);
#1276=FACE_OUTER_BOUND('',#1510,.T.);
#1277=FACE_OUTER_BOUND('',#1511,.T.);
#1278=FACE_OUTER_BOUND('',#1512,.T.);
#1279=FACE_OUTER_BOUND('',#1513,.T.);
#1280=FACE_OUTER_BOUND('',#1514,.T.);
#1281=FACE_OUTER_BOUND('',#1515,.T.);
#1282=FACE_OUTER_BOUND('',#1516,.T.);
#1283=FACE_OUTER_BOUND('',#1517,.T.);
#1284=FACE_OUTER_BOUND('',#1518,.T.);
#1285=FACE_OUTER_BOUND('',#1519,.T.);
#1286=FACE_OUTER_BOUND('',#1520,.T.);
#1287=FACE_OUTER_BOUND('',#1521,.T.);
#1288=FACE_OUTER_BOUND('',#1522,.T.);
#1289=FACE_OUTER_BOUND('',#1523,.T.);
#1290=FACE_OUTER_BOUND('',#1524,.T.);
#1291=FACE_OUTER_BOUND('',#1525,.T.);
#1292=FACE_OUTER_BOUND('',#1526,.T.);
#1293=FACE_OUTER_BOUND('',#1527,.T.);
#1294=FACE_OUTER_BOUND('',#1528,.T.);
#1295=FACE_OUTER_BOUND('',#1529,.T.);
#1296=FACE_OUTER_BOUND('',#1530,.T.);
#1297=FACE_OUTER_BOUND('',#1531,.T.);
#1298=FACE_OUTER_BOUND('',#1532,.T.);
#1299=FACE_OUTER_BOUND('',#1533,.T.);
#1300=FACE_OUTER_BOUND('',#1534,.T.);
#1301=FACE_OUTER_BOUND('',#1535,.T.);
#1302=FACE_OUTER_BOUND('',#1536,.T.);
#1303=FACE_OUTER_BOUND('',#1537,.T.);
#1304=FACE_OUTER_BOUND('',#1538,.T.);
#1305=FACE_OUTER_BOUND('',#1539,.T.);
#1306=FACE_OUTER_BOUND('',#1540,.T.);
#1307=FACE_OUTER_BOUND('',#1541,.T.);
#1308=FACE_OUTER_BOUND('',#1542,.T.);
#1309=FACE_OUTER_BOUND('',#1543,.T.);
#1310=FACE_OUTER_BOUND('',#1544,.T.);
#1311=FACE_OUTER_BOUND('',#1545,.T.);
#1312=FACE_OUTER_BOUND('',#1546,.T.);
#1313=FACE_OUTER_BOUND('',#1547,.T.);
#1314=FACE_OUTER_BOUND('',#1548,.T.);
#1315=FACE_OUTER_BOUND('',#1549,.T.);
#1316=FACE_OUTER_BOUND('',#1550,.T.);
#1317=FACE_OUTER_BOUND('',#1551,.T.);
#1318=FACE_OUTER_BOUND('',#1552,.T.);
#1319=FACE_OUTER_BOUND('',#1553,.T.);
#1320=FACE_OUTER_BOUND('',#1554,.T.);
#1321=FACE_OUTER_BOUND('',#1555,.T.);
#1322=FACE_OUTER_BOUND('',#1556,.T.);
#1323=FACE_OUTER_BOUND('',#1557,.T.);
#1324=FACE_OUTER_BOUND('',#1558,.T.);
#1325=FACE_OUTER_BOUND('',#1559,.T.);
#1326=FACE_OUTER_BOUND('',#1560,.T.);
#1327=FACE_OUTER_BOUND('',#1561,.T.);
#1328=FACE_OUTER_BOUND('',#1562,.T.);
#1329=FACE_OUTER_BOUND('',#1563,.T.);
#1330=FACE_OUTER_BOUND('',#1564,.T.);
#1331=FACE_OUTER_BOUND('',#1565,.T.);
#1332=FACE_OUTER_BOUND('',#1566,.T.);
#1333=FACE_OUTER_BOUND('',#1567,.T.);
#1334=FACE_OUTER_BOUND('',#1568,.T.);
#1335=FACE_OUTER_BOUND('',#1569,.T.);
#1336=FACE_OUTER_BOUND('',#1570,.T.);
#1337=FACE_OUTER_BOUND('',#1571,.T.);
#1338=FACE_OUTER_BOUND('',#1572,.T.);
#1339=FACE_OUTER_BOUND('',#1573,.T.);
#1340=FACE_OUTER_BOUND('',#1574,.T.);
#1341=FACE_OUTER_BOUND('',#1576,.T.);
#1342=FACE_OUTER_BOUND('',#1577,.T.);
#1343=FACE_OUTER_BOUND('',#1578,.T.);
#1344=FACE_OUTER_BOUND('',#1579,.T.);
#1345=FACE_OUTER_BOUND('',#1580,.T.);
#1346=FACE_OUTER_BOUND('',#1581,.T.);
#1347=FACE_OUTER_BOUND('',#1582,.T.);
#1348=FACE_OUTER_BOUND('',#1583,.T.);
#1349=FACE_OUTER_BOUND('',#1584,.T.);
#1350=FACE_OUTER_BOUND('',#1585,.T.);
#1351=FACE_OUTER_BOUND('',#1586,.T.);
#1352=FACE_OUTER_BOUND('',#1587,.T.);
#1353=FACE_OUTER_BOUND('',#1588,.T.);
#1354=FACE_OUTER_BOUND('',#1589,.T.);
#1355=FACE_OUTER_BOUND('',#1590,.T.);
#1356=FACE_OUTER_BOUND('',#1591,.T.);
#1357=FACE_OUTER_BOUND('',#1592,.T.);
#1358=FACE_OUTER_BOUND('',#1593,.T.);
#1359=FACE_OUTER_BOUND('',#1594,.T.);
#1360=FACE_OUTER_BOUND('',#1595,.T.);
#1361=FACE_OUTER_BOUND('',#1596,.T.);
#1362=FACE_OUTER_BOUND('',#1597,.T.);
#1363=FACE_OUTER_BOUND('',#1598,.T.);
#1364=FACE_OUTER_BOUND('',#1599,.T.);
#1365=FACE_OUTER_BOUND('',#1600,.T.);
#1366=FACE_OUTER_BOUND('',#1601,.T.);
#1367=FACE_OUTER_BOUND('',#1602,.T.);
#1368=FACE_OUTER_BOUND('',#1603,.T.);
#1369=FACE_OUTER_BOUND('',#1604,.T.);
#1370=FACE_OUTER_BOUND('',#1605,.T.);
#1371=FACE_OUTER_BOUND('',#1606,.T.);
#1372=FACE_OUTER_BOUND('',#1607,.T.);
#1373=FACE_OUTER_BOUND('',#1608,.T.);
#1374=FACE_OUTER_BOUND('',#1609,.T.);
#1375=FACE_OUTER_BOUND('',#1610,.T.);
#1376=FACE_OUTER_BOUND('',#1611,.T.);
#1377=FACE_OUTER_BOUND('',#1612,.T.);
#1378=FACE_OUTER_BOUND('',#1613,.T.);
#1379=FACE_OUTER_BOUND('',#1614,.T.);
#1380=FACE_OUTER_BOUND('',#1615,.T.);
#1381=FACE_OUTER_BOUND('',#1616,.T.);
#1382=FACE_OUTER_BOUND('',#1617,.T.);
#1383=FACE_OUTER_BOUND('',#1618,.T.);
#1384=FACE_OUTER_BOUND('',#1619,.T.);
#1385=FACE_OUTER_BOUND('',#1620,.T.);
#1386=FACE_OUTER_BOUND('',#1621,.T.);
#1387=FACE_OUTER_BOUND('',#1622,.T.);
#1388=FACE_OUTER_BOUND('',#1623,.T.);
#1389=FACE_OUTER_BOUND('',#1624,.T.);
#1390=FACE_OUTER_BOUND('',#1625,.T.);
#1391=FACE_OUTER_BOUND('',#1626,.T.);
#1392=FACE_OUTER_BOUND('',#1627,.T.);
#1393=FACE_OUTER_BOUND('',#1629,.T.);
#1394=FACE_OUTER_BOUND('',#1630,.T.);
#1395=FACE_OUTER_BOUND('',#1631,.T.);
#1396=FACE_OUTER_BOUND('',#1632,.T.);
#1397=EDGE_LOOP('',(#2845,#2846,#2847,#2848,#2849,#2850));
#1398=EDGE_LOOP('',(#2851,#2852,#2853,#2854));
#1399=EDGE_LOOP('',(#2855,#2856,#2857,#2858));
#1400=EDGE_LOOP('',(#2859,#2860,#2861,#2862));
#1401=EDGE_LOOP('',(#2863,#2864,#2865,#2866));
#1402=EDGE_LOOP('',(#2867,#2868,#2869,#2870,#2871,#2872,#2873));
#1403=EDGE_LOOP('',(#2874,#2875,#2876,#2877,#2878,#2879));
#1404=EDGE_LOOP('',(#2880,#2881,#2882,#2883));
#1405=EDGE_LOOP('',(#2884,#2885,#2886,#2887,#2888,#2889,#2890));
#1406=EDGE_LOOP('',(#2891,#2892,#2893,#2894,#2895,#2896));
#1407=EDGE_LOOP('',(#2897,#2898,#2899,#2900));
#1408=EDGE_LOOP('',(#2901,#2902,#2903,#2904,#2905,#2906));
#1409=EDGE_LOOP('',(#2907,#2908,#2909,#2910,#2911,#2912));
#1410=EDGE_LOOP('',(#2913,#2914,#2915,#2916,#2917,#2918,#2919,#2920,#2921,
#2922,#2923,#2924,#2925,#2926,#2927,#2928,#2929,#2930,#2931,#2932,#2933,
#2934,#2935,#2936,#2937,#2938,#2939,#2940));
#1411=EDGE_LOOP('',(#2941,#2942,#2943,#2944,#2945,#2946));
#1412=EDGE_LOOP('',(#2947,#2948,#2949,#2950));
#1413=EDGE_LOOP('',(#2951,#2952,#2953,#2954));
#1414=EDGE_LOOP('',(#2955,#2956,#2957,#2958));
#1415=EDGE_LOOP('',(#2959,#2960,#2961,#2962));
#1416=EDGE_LOOP('',(#2963,#2964,#2965,#2966,#2967));
#1417=EDGE_LOOP('',(#2968,#2969,#2970,#2971,#2972));
#1418=EDGE_LOOP('',(#2973,#2974,#2975,#2976,#2977,#2978,#2979,#2980));
#1419=EDGE_LOOP('',(#2981,#2982,#2983,#2984));
#1420=EDGE_LOOP('',(#2985,#2986,#2987,#2988,#2989));
#1421=EDGE_LOOP('',(#2990,#2991,#2992));
#1422=EDGE_LOOP('',(#2993,#2994,#2995,#2996));
#1423=EDGE_LOOP('',(#2997,#2998,#2999));
#1424=EDGE_LOOP('',(#3000,#3001,#3002,#3003,#3004));
#1425=EDGE_LOOP('',(#3005,#3006,#3007,#3008,#3009));
#1426=EDGE_LOOP('',(#3010,#3011,#3012,#3013));
#1427=EDGE_LOOP('',(#3014,#3015,#3016,#3017));
#1428=EDGE_LOOP('',(#3018,#3019,#3020,#3021,#3022,#3023,#3024));
#1429=EDGE_LOOP('',(#3025,#3026,#3027,#3028,#3029,#3030,#3031,#3032));
#1430=EDGE_LOOP('',(#3033,#3034,#3035,#3036));
#1431=EDGE_LOOP('',(#3037,#3038,#3039,#3040));
#1432=EDGE_LOOP('',(#3041,#3042,#3043,#3044));
#1433=EDGE_LOOP('',(#3045,#3046,#3047,#3048));
#1434=EDGE_LOOP('',(#3049,#3050,#3051,#3052));
#1435=EDGE_LOOP('',(#3053,#3054,#3055,#3056,#3057,#3058,#3059,#3060));
#1436=EDGE_LOOP('',(#3061,#3062,#3063,#3064));
#1437=EDGE_LOOP('',(#3065,#3066,#3067,#3068));
#1438=EDGE_LOOP('',(#3069,#3070,#3071,#3072));
#1439=EDGE_LOOP('',(#3073,#3074,#3075,#3076));
#1440=EDGE_LOOP('',(#3077,#3078,#3079,#3080,#3081));
#1441=EDGE_LOOP('',(#3082,#3083,#3084,#3085,#3086));
#1442=EDGE_LOOP('',(#3087,#3088,#3089,#3090,#3091,#3092,#3093,#3094));
#1443=EDGE_LOOP('',(#3095,#3096,#3097,#3098));
#1444=EDGE_LOOP('',(#3099,#3100,#3101,#3102,#3103));
#1445=EDGE_LOOP('',(#3104,#3105,#3106));
#1446=EDGE_LOOP('',(#3107,#3108,#3109,#3110));
#1447=EDGE_LOOP('',(#3111,#3112,#3113));
#1448=EDGE_LOOP('',(#3114,#3115,#3116,#3117,#3118));
#1449=EDGE_LOOP('',(#3119,#3120,#3121,#3122,#3123));
#1450=EDGE_LOOP('',(#3124,#3125,#3126,#3127));
#1451=EDGE_LOOP('',(#3128,#3129,#3130,#3131));
#1452=EDGE_LOOP('',(#3132,#3133,#3134,#3135,#3136,#3137,#3138));
#1453=EDGE_LOOP('',(#3139,#3140,#3141,#3142,#3143,#3144));
#1454=EDGE_LOOP('',(#3145,#3146,#3147,#3148));
#1455=EDGE_LOOP('',(#3149,#3150,#3151,#3152));
#1456=EDGE_LOOP('',(#3153,#3154,#3155,#3156));
#1457=EDGE_LOOP('',(#3157,#3158,#3159,#3160));
#1458=EDGE_LOOP('',(#3161,#3162,#3163,#3164,#3165));
#1459=EDGE_LOOP('',(#3166,#3167,#3168,#3169,#3170));
#1460=EDGE_LOOP('',(#3171,#3172,#3173,#3174,#3175,#3176,#3177,#3178));
#1461=EDGE_LOOP('',(#3179,#3180,#3181,#3182));
#1462=EDGE_LOOP('',(#3183,#3184,#3185,#3186,#3187));
#1463=EDGE_LOOP('',(#3188,#3189,#3190));
#1464=EDGE_LOOP('',(#3191,#3192,#3193,#3194));
#1465=EDGE_LOOP('',(#3195,#3196,#3197));
#1466=EDGE_LOOP('',(#3198,#3199,#3200,#3201,#3202));
#1467=EDGE_LOOP('',(#3203,#3204,#3205,#3206,#3207));
#1468=EDGE_LOOP('',(#3208,#3209,#3210,#3211));
#1469=EDGE_LOOP('',(#3212,#3213,#3214,#3215));
#1470=EDGE_LOOP('',(#3216,#3217,#3218,#3219,#3220,#3221,#3222));
#1471=EDGE_LOOP('',(#3223,#3224,#3225,#3226,#3227,#3228,#3229,#3230));
#1472=EDGE_LOOP('',(#3231,#3232,#3233,#3234));
#1473=EDGE_LOOP('',(#3235,#3236,#3237,#3238));
#1474=EDGE_LOOP('',(#3239,#3240,#3241,#3242));
#1475=EDGE_LOOP('',(#3243,#3244,#3245,#3246));
#1476=EDGE_LOOP('',(#3247,#3248,#3249,#3250,#3251));
#1477=EDGE_LOOP('',(#3252,#3253,#3254,#3255,#3256));
#1478=EDGE_LOOP('',(#3257,#3258,#3259,#3260,#3261,#3262,#3263,#3264));
#1479=EDGE_LOOP('',(#3265,#3266,#3267,#3268));
#1480=EDGE_LOOP('',(#3269,#3270,#3271,#3272,#3273));
#1481=EDGE_LOOP('',(#3274,#3275,#3276));
#1482=EDGE_LOOP('',(#3277,#3278,#3279,#3280));
#1483=EDGE_LOOP('',(#3281,#3282,#3283));
#1484=EDGE_LOOP('',(#3284,#3285,#3286,#3287,#3288));
#1485=EDGE_LOOP('',(#3289,#3290,#3291,#3292,#3293));
#1486=EDGE_LOOP('',(#3294,#3295,#3296,#3297));
#1487=EDGE_LOOP('',(#3298,#3299,#3300,#3301));
#1488=EDGE_LOOP('',(#3302,#3303,#3304,#3305,#3306,#3307,#3308));
#1489=EDGE_LOOP('',(#3309,#3310,#3311,#3312));
#1490=EDGE_LOOP('',(#3313,#3314,#3315,#3316));
#1491=EDGE_LOOP('',(#3317,#3318,#3319,#3320));
#1492=EDGE_LOOP('',(#3321,#3322,#3323,#3324,#3325,#3326,#3327,#3328));
#1493=EDGE_LOOP('',(#3329,#3330,#3331,#3332));
#1494=EDGE_LOOP('',(#3333,#3334,#3335,#3336,#3337));
#1495=EDGE_LOOP('',(#3338,#3339,#3340,#3341,#3342));
#1496=EDGE_LOOP('',(#3343,#3344,#3345,#3346,#3347,#3348,#3349,#3350));
#1497=EDGE_LOOP('',(#3351,#3352,#3353,#3354));
#1498=EDGE_LOOP('',(#3355,#3356,#3357,#3358,#3359));
#1499=EDGE_LOOP('',(#3360,#3361,#3362));
#1500=EDGE_LOOP('',(#3363,#3364,#3365,#3366));
#1501=EDGE_LOOP('',(#3367,#3368,#3369));
#1502=EDGE_LOOP('',(#3370,#3371,#3372,#3373,#3374));
#1503=EDGE_LOOP('',(#3375,#3376,#3377,#3378,#3379));
#1504=EDGE_LOOP('',(#3380,#3381,#3382,#3383));
#1505=EDGE_LOOP('',(#3384,#3385,#3386,#3387));
#1506=EDGE_LOOP('',(#3388,#3389,#3390,#3391,#3392,#3393,#3394));
#1507=EDGE_LOOP('',(#3395,#3396,#3397,#3398,#3399,#3400,#3401));
#1508=EDGE_LOOP('',(#3402,#3403,#3404,#3405,#3406,#3407,#3408));
#1509=EDGE_LOOP('',(#3409,#3410,#3411,#3412,#3413,#3414));
#1510=EDGE_LOOP('',(#3415,#3416,#3417,#3418));
#1511=EDGE_LOOP('',(#3419,#3420,#3421,#3422,#3423,#3424));
#1512=EDGE_LOOP('',(#3425,#3426,#3427,#3428,#3429,#3430));
#1513=EDGE_LOOP('',(#3431,#3432,#3433,#3434,#3435,#3436));
#1514=EDGE_LOOP('',(#3437,#3438,#3439,#3440));
#1515=EDGE_LOOP('',(#3441,#3442,#3443,#3444));
#1516=EDGE_LOOP('',(#3445,#3446,#3447,#3448,#3449,#3450));
#1517=EDGE_LOOP('',(#3451,#3452,#3453,#3454,#3455,#3456));
#1518=EDGE_LOOP('',(#3457,#3458,#3459,#3460));
#1519=EDGE_LOOP('',(#3461,#3462,#3463,#3464));
#1520=EDGE_LOOP('',(#3465,#3466,#3467,#3468));
#1521=EDGE_LOOP('',(#3469,#3470,#3471,#3472));
#1522=EDGE_LOOP('',(#3473,#3474,#3475,#3476));
#1523=EDGE_LOOP('',(#3477,#3478,#3479,#3480));
#1524=EDGE_LOOP('',(#3481,#3482,#3483,#3484));
#1525=EDGE_LOOP('',(#3485,#3486,#3487,#3488));
#1526=EDGE_LOOP('',(#3489,#3490,#3491,#3492,#3493,#3494,#3495,#3496,#3497,
#3498));
#1527=EDGE_LOOP('',(#3499,#3500,#3501,#3502));
#1528=EDGE_LOOP('',(#3503,#3504,#3505,#3506));
#1529=EDGE_LOOP('',(#3507,#3508,#3509,#3510));
#1530=EDGE_LOOP('',(#3511,#3512,#3513,#3514,#3515,#3516,#3517,#3518));
#1531=EDGE_LOOP('',(#3519,#3520,#3521,#3522));
#1532=EDGE_LOOP('',(#3523,#3524,#3525,#3526));
#1533=EDGE_LOOP('',(#3527,#3528,#3529,#3530));
#1534=EDGE_LOOP('',(#3531,#3532,#3533,#3534));
#1535=EDGE_LOOP('',(#3535,#3536,#3537,#3538,#3539,#3540,#3541,#3542,#3543,
#3544,#3545,#3546,#3547,#3548,#3549));
#1536=EDGE_LOOP('',(#3550,#3551,#3552,#3553));
#1537=EDGE_LOOP('',(#3554,#3555,#3556,#3557,#3558,#3559,#3560,#3561,#3562,
#3563,#3564,#3565));
#1538=EDGE_LOOP('',(#3566,#3567,#3568,#3569));
#1539=EDGE_LOOP('',(#3570,#3571,#3572,#3573));
#1540=EDGE_LOOP('',(#3574,#3575,#3576,#3577,#3578,#3579,#3580,#3581));
#1541=EDGE_LOOP('',(#3582,#3583,#3584,#3585));
#1542=EDGE_LOOP('',(#3586,#3587,#3588,#3589,#3590,#3591,#3592,#3593));
#1543=EDGE_LOOP('',(#3594,#3595,#3596,#3597));
#1544=EDGE_LOOP('',(#3598,#3599,#3600,#3601,#3602));
#1545=EDGE_LOOP('',(#3603,#3604,#3605,#3606,#3607,#3608,#3609,#3610));
#1546=EDGE_LOOP('',(#3611,#3612,#3613,#3614));
#1547=EDGE_LOOP('',(#3615,#3616,#3617,#3618));
#1548=EDGE_LOOP('',(#3619,#3620,#3621,#3622));
#1549=EDGE_LOOP('',(#3623,#3624,#3625,#3626));
#1550=EDGE_LOOP('',(#3627,#3628,#3629,#3630,#3631,#3632,#3633,#3634,#3635,
#3636));
#1551=EDGE_LOOP('',(#3637,#3638,#3639,#3640));
#1552=EDGE_LOOP('',(#3641,#3642,#3643,#3644));
#1553=EDGE_LOOP('',(#3645,#3646,#3647,#3648,#3649,#3650,#3651,#3652,#3653,
#3654,#3655,#3656,#3657,#3658,#3659,#3660));
#1554=EDGE_LOOP('',(#3661,#3662,#3663,#3664));
#1555=EDGE_LOOP('',(#3665,#3666,#3667,#3668));
#1556=EDGE_LOOP('',(#3669,#3670,#3671,#3672));
#1557=EDGE_LOOP('',(#3673,#3674,#3675,#3676));
#1558=EDGE_LOOP('',(#3677,#3678,#3679,#3680));
#1559=EDGE_LOOP('',(#3681,#3682,#3683,#3684));
#1560=EDGE_LOOP('',(#3685,#3686,#3687,#3688));
#1561=EDGE_LOOP('',(#3689,#3690,#3691,#3692));
#1562=EDGE_LOOP('',(#3693,#3694,#3695,#3696));
#1563=EDGE_LOOP('',(#3697,#3698,#3699,#3700,#3701,#3702,#3703,#3704,#3705,
#3706,#3707,#3708));
#1564=EDGE_LOOP('',(#3709,#3710,#3711,#3712,#3713,#3714,#3715,#3716,#3717,
#3718));
#1565=EDGE_LOOP('',(#3719,#3720,#3721,#3722,#3723,#3724,#3725,#3726,#3727,
#3728,#3729,#3730));
#1566=EDGE_LOOP('',(#3731,#3732,#3733,#3734,#3735,#3736,#3737,#3738,#3739,
#3740,#3741,#3742,#3743,#3744,#3745,#3746,#3747,#3748));
#1567=EDGE_LOOP('',(#3749,#3750,#3751,#3752,#3753,#3754,#3755,#3756,#3757,
#3758));
#1568=EDGE_LOOP('',(#3759,#3760,#3761,#3762,#3763,#3764,#3765,#3766,#3767));
#1569=EDGE_LOOP('',(#3768,#3769,#3770,#3771,#3772,#3773,#3774,#3775));
#1570=EDGE_LOOP('',(#3776,#3777,#3778,#3779));
#1571=EDGE_LOOP('',(#3780,#3781,#3782,#3783,#3784));
#1572=EDGE_LOOP('',(#3785,#3786,#3787,#3788,#3789,#3790,#3791,#3792));
#1573=EDGE_LOOP('',(#3793,#3794,#3795,#3796,#3797,#3798,#3799,#3800,#3801,
#3802,#3803,#3804,#3805,#3806,#3807,#3808,#3809,#3810,#3811,#3812));
#1574=EDGE_LOOP('',(#3813,#3814,#3815,#3816,#3817,#3818,#3819,#3820,#3821,
#3822,#3823,#3824,#3825,#3826,#3827,#3828,#3829,#3830,#3831,#3832,#3833,
#3834));
#1575=EDGE_LOOP('',(#3835,#3836,#3837,#3838,#3839,#3840,#3841,#3842));
#1576=EDGE_LOOP('',(#3843,#3844,#3845,#3846));
#1577=EDGE_LOOP('',(#3847,#3848,#3849,#3850));
#1578=EDGE_LOOP('',(#3851,#3852,#3853,#3854,#3855,#3856,#3857));
#1579=EDGE_LOOP('',(#3858,#3859,#3860,#3861));
#1580=EDGE_LOOP('',(#3862,#3863,#3864,#3865));
#1581=EDGE_LOOP('',(#3866,#3867,#3868,#3869));
#1582=EDGE_LOOP('',(#3870,#3871,#3872,#3873,#3874,#3875));
#1583=EDGE_LOOP('',(#3876,#3877,#3878,#3879));
#1584=EDGE_LOOP('',(#3880,#3881,#3882,#3883));
#1585=EDGE_LOOP('',(#3884,#3885,#3886,#3887));
#1586=EDGE_LOOP('',(#3888,#3889,#3890,#3891));
#1587=EDGE_LOOP('',(#3892,#3893,#3894,#3895));
#1588=EDGE_LOOP('',(#3896,#3897,#3898,#3899));
#1589=EDGE_LOOP('',(#3900,#3901,#3902,#3903));
#1590=EDGE_LOOP('',(#3904,#3905,#3906,#3907));
#1591=EDGE_LOOP('',(#3908,#3909,#3910,#3911,#3912,#3913,#3914));
#1592=EDGE_LOOP('',(#3915,#3916,#3917,#3918));
#1593=EDGE_LOOP('',(#3919,#3920,#3921,#3922));
#1594=EDGE_LOOP('',(#3923,#3924,#3925,#3926));
#1595=EDGE_LOOP('',(#3927,#3928,#3929,#3930));
#1596=EDGE_LOOP('',(#3931,#3932,#3933,#3934));
#1597=EDGE_LOOP('',(#3935,#3936,#3937,#3938));
#1598=EDGE_LOOP('',(#3939,#3940,#3941,#3942));
#1599=EDGE_LOOP('',(#3943,#3944,#3945,#3946));
#1600=EDGE_LOOP('',(#3947,#3948,#3949,#3950));
#1601=EDGE_LOOP('',(#3951,#3952,#3953,#3954,#3955,#3956));
#1602=EDGE_LOOP('',(#3957,#3958,#3959,#3960,#3961,#3962));
#1603=EDGE_LOOP('',(#3963,#3964,#3965,#3966));
#1604=EDGE_LOOP('',(#3967,#3968,#3969,#3970,#3971,#3972));
#1605=EDGE_LOOP('',(#3973,#3974,#3975,#3976,#3977,#3978,#3979,#3980));
#1606=EDGE_LOOP('',(#3981,#3982,#3983,#3984));
#1607=EDGE_LOOP('',(#3985,#3986,#3987,#3988,#3989,#3990));
#1608=EDGE_LOOP('',(#3991,#3992,#3993,#3994));
#1609=EDGE_LOOP('',(#3995,#3996,#3997,#3998,#3999,#4000));
#1610=EDGE_LOOP('',(#4001,#4002,#4003,#4004,#4005,#4006,#4007,#4008));
#1611=EDGE_LOOP('',(#4009,#4010,#4011,#4012));
#1612=EDGE_LOOP('',(#4013,#4014,#4015,#4016,#4017,#4018));
#1613=EDGE_LOOP('',(#4019,#4020,#4021,#4022));
#1614=EDGE_LOOP('',(#4023,#4024,#4025,#4026));
#1615=EDGE_LOOP('',(#4027,#4028,#4029,#4030));
#1616=EDGE_LOOP('',(#4031,#4032,#4033,#4034));
#1617=EDGE_LOOP('',(#4035,#4036,#4037,#4038));
#1618=EDGE_LOOP('',(#4039,#4040,#4041,#4042));
#1619=EDGE_LOOP('',(#4043,#4044,#4045,#4046));
#1620=EDGE_LOOP('',(#4047,#4048,#4049,#4050));
#1621=EDGE_LOOP('',(#4051,#4052,#4053,#4054));
#1622=EDGE_LOOP('',(#4055,#4056,#4057,#4058));
#1623=EDGE_LOOP('',(#4059,#4060,#4061,#4062));
#1624=EDGE_LOOP('',(#4063,#4064,#4065,#4066));
#1625=EDGE_LOOP('',(#4067,#4068,#4069,#4070,#4071,#4072,#4073,#4074));
#1626=EDGE_LOOP('',(#4075,#4076,#4077,#4078,#4079,#4080,#4081,#4082));
#1627=EDGE_LOOP('',(#4083,#4084,#4085,#4086,#4087,#4088,#4089,#4090,#4091,
#4092,#4093,#4094,#4095,#4096,#4097,#4098));
#1628=EDGE_LOOP('',(#4099));
#1629=EDGE_LOOP('',(#4100,#4101,#4102,#4103));
#1630=EDGE_LOOP('',(#4104,#4105,#4106,#4107));
#1631=EDGE_LOOP('',(#4108,#4109,#4110,#4111));
#1632=EDGE_LOOP('',(#4112,#4113,#4114,#4115));
#1633=EDGE_LOOP('',(#4116));
#1634=CIRCLE('',#4356,18.);
#1635=CIRCLE('',#4359,27.85);
#1636=CIRCLE('',#4360,27.8567765543682);
#1637=CIRCLE('',#4362,18.);
#1638=CIRCLE('',#4364,0.4);
#1639=CIRCLE('',#4365,0.4);
#1640=CIRCLE('',#4368,28.8);
#1641=CIRCLE('',#4369,0.4);
#1642=CIRCLE('',#4370,26.);
#1643=CIRCLE('',#4372,0.4);
#1644=CIRCLE('',#4374,18.);
#1645=CIRCLE('',#4377,18.);
#1646=CIRCLE('',#4380,18.);
#1647=CIRCLE('',#4383,18.);
#1648=CIRCLE('',#4386,18.);
#1649=CIRCLE('',#4389,18.);
#1650=CIRCLE('',#4392,18.);
#1651=CIRCLE('',#4396,3.);
#1652=CIRCLE('',#4406,2.5);
#1653=CIRCLE('',#4409,2.5);
#1654=CIRCLE('',#4411,2.5);
#1655=CIRCLE('',#4413,2.5);
#1656=CIRCLE('',#4418,2.5);
#1657=CIRCLE('',#4421,28.8);
#1658=CIRCLE('',#4422,28.8);
#1659=CIRCLE('',#4423,28.8);
#1660=CIRCLE('',#4434,3.);
#1661=CIRCLE('',#4443,2.5);
#1662=CIRCLE('',#4446,2.5);
#1663=CIRCLE('',#4448,2.5);
#1664=CIRCLE('',#4450,2.5);
#1665=CIRCLE('',#4454,2.5);
#1666=CIRCLE('',#4458,3.);
#1667=CIRCLE('',#4467,2.5);
#1668=CIRCLE('',#4470,2.5);
#1669=CIRCLE('',#4472,2.5);
#1670=CIRCLE('',#4474,2.5);
#1671=CIRCLE('',#4478,2.5);
#1672=CIRCLE('',#4481,3.);
#1673=CIRCLE('',#4491,2.5);
#1674=CIRCLE('',#4494,2.5);
#1675=CIRCLE('',#4496,2.5);
#1676=CIRCLE('',#4498,2.5);
#1677=CIRCLE('',#4502,2.5);
#1678=CIRCLE('',#4508,3.);
#1679=CIRCLE('',#4514,2.5);
#1680=CIRCLE('',#4517,2.5);
#1681=CIRCLE('',#4519,2.5);
#1682=CIRCLE('',#4521,2.5);
#1683=CIRCLE('',#4525,2.5);
#1684=CIRCLE('',#4528,27.8567765543682);
#1685=CIRCLE('',#4529,0.4);
#1686=CIRCLE('',#4530,0.4);
#1687=CIRCLE('',#4532,0.4);
#1688=CIRCLE('',#4533,0.4);
#1689=CIRCLE('',#4534,27.8567765543682);
#1690=CIRCLE('',#4536,0.4);
#1691=CIRCLE('',#4537,0.4);
#1692=CIRCLE('',#4551,0.4);
#1693=CIRCLE('',#4552,0.4);
#1694=CIRCLE('',#4554,0.4);
#1695=CIRCLE('',#4555,0.4);
#1696=CIRCLE('',#4557,0.4);
#1697=CIRCLE('',#4559,0.4);
#1698=CIRCLE('',#4561,0.4);
#1699=CIRCLE('',#4563,0.4);
#1700=CIRCLE('',#4567,0.4);
#1701=CIRCLE('',#4569,0.4);
#1702=CIRCLE('',#4574,0.4);
#1703=CIRCLE('',#4577,0.4);
#1704=CIRCLE('',#4580,0.4);
#1705=CIRCLE('',#4582,0.4);
#1706=CIRCLE('',#4584,0.4);
#1707=CIRCLE('',#4585,0.4);
#1708=CIRCLE('',#4590,0.4);
#1709=CIRCLE('',#4591,0.4);
#1710=CIRCLE('',#4594,0.4);
#1711=CIRCLE('',#4595,0.4);
#1712=CIRCLE('',#4597,30.);
#1713=CIRCLE('',#4598,30.);
#1714=CIRCLE('',#4599,30.);
#1715=CIRCLE('',#4600,30.);
#1716=CIRCLE('',#4602,0.4);
#1717=CIRCLE('',#4603,0.4);
#1718=CIRCLE('',#4605,0.4);
#1719=CIRCLE('',#4606,27.8567765543682);
#1720=CIRCLE('',#4610,0.4);
#1721=CIRCLE('',#4612,0.4);
#1722=CIRCLE('',#4614,0.4);
#1723=CIRCLE('',#4615,0.4);
#1724=CIRCLE('',#4618,0.4);
#1725=CIRCLE('',#4620,0.4);
#1726=CIRCLE('',#4621,0.4);
#1727=CIRCLE('',#4624,0.4);
#1728=CIRCLE('',#4626,0.4);
#1729=CIRCLE('',#4643,27.8567765543682);
#1730=CIRCLE('',#4647,27.8567765543682);
#1731=CIRCLE('',#4648,27.8567765543682);
#1732=CIRCLE('',#4649,27.8567765543682);
#1733=CIRCLE('',#4652,0.4);
#1734=CIRCLE('',#4653,0.4);
#1735=CIRCLE('',#4654,0.4);
#1736=CIRCLE('',#4655,0.4);
#1737=CIRCLE('',#4684,0.4);
#1738=CIRCLE('',#4686,0.4);
#1739=CIRCLE('',#4687,10.075);
#1740=CIRCLE('',#4688,0.4);
#1741=CIRCLE('',#4691,0.4);
#1742=CIRCLE('',#4693,0.4);
#1743=CIRCLE('',#4694,10.075);
#1744=CIRCLE('',#4695,0.4);
#1745=CIRCLE('',#4697,0.4);
#1746=CIRCLE('',#4699,0.4);
#1747=CIRCLE('',#4700,10.075);
#1748=CIRCLE('',#4701,0.4);
#1749=CIRCLE('',#4704,0.4);
#1750=CIRCLE('',#4706,0.4);
#1751=CIRCLE('',#4707,10.075);
#1752=CIRCLE('',#4708,0.4);
#1753=CIRCLE('',#4710,0.4);
#1754=CIRCLE('',#4712,10.075);
#1755=CIRCLE('',#4714,0.4);
#1756=CIRCLE('',#4716,0.4);
#1757=CIRCLE('',#4718,10.075);
#1758=CIRCLE('',#4720,0.4);
#1759=CIRCLE('',#4722,0.4);
#1760=CIRCLE('',#4724,10.075);
#1761=CIRCLE('',#4726,0.4);
#1762=CIRCLE('',#4728,0.4);
#1763=CIRCLE('',#4730,10.075);
#1764=CIRCLE('',#4732,0.4);
#1765=CIRCLE('',#4736,3.28871258963555);
#1766=CIRCLE('',#4738,3.);
#1767=B_SPLINE_CURVE_WITH_KNOTS('',3,(#5985,#5986,#5987,#5988),
 .UNSPECIFIED.,.F.,.F.,(4,4),(-1.60438389050507,-0.0517969546922985),
 .UNSPECIFIED.);
#1768=B_SPLINE_CURVE_WITH_KNOTS('',3,(#5990,#5991,#5992,#5993,#5994,#5995,
#5996),.UNSPECIFIED.,.F.,.F.,(4,3,4),(4.33680868994202E-19,0.00613884083725486,
0.00650958670541712),.UNSPECIFIED.);
#1769=B_SPLINE_CURVE_WITH_KNOTS('',3,(#5998,#5999,#6000,#6001,#6002,#6003,
#6004,#6005,#6006,#6007),.UNSPECIFIED.,.F.,.F.,(4,2,2,2,4),(0.,0.0367176659975837,
0.0628071248063694,0.0797622063967287,0.0865909898133164),.UNSPECIFIED.);
#1770=B_SPLINE_CURVE_WITH_KNOTS('',3,(#6009,#6010,#6011,#6012),
 .UNSPECIFIED.,.F.,.F.,(4,4),(0.099009168147328,1.59006820949255),
 .UNSPECIFIED.);
#1771=B_SPLINE_CURVE_WITH_KNOTS('',3,(#6014,#6015,#6016,#6017,#6018,#6019,
#6020,#6021,#6022,#6023,#6024,#6025,#6026,#6027,#6028,#6029,#6030,#6031,
#6032,#6033,#6034,#6035,#6036,#6037,#6038,#6039,#6040,#6041,#6042,#6043,
#6044,#6045,#6046,#6047,#6048,#6049,#6050,#6051,#6052,#6053,#6054,#6055,
#6056),.UNSPECIFIED.,.F.,.F.,(4,3,3,3,3,3,3,3,3,3,3,3,3,3,4),(-0.000300523665462598,
0.,0.00703317648236278,0.0141160854532814,0.0175265455652322,0.0244525293659795,
0.0310575470150124,0.0324670433135328,0.0337915775756114,0.0406296372423438,
0.047330676546581,0.049089629298276,0.0558534300901003,0.0623724388635484,
0.0638983589623754),.UNSPECIFIED.);
#1772=B_SPLINE_CURVE_WITH_KNOTS('',3,(#6062,#6063,#6064,#6065,#6066,#6067,
#6068,#6069,#6070,#6071),.UNSPECIFIED.,.F.,.F.,(4,2,2,2,4),(0.122761233225153,
0.137733324323892,0.152705415422631,0.167548493172259,0.182391570921887),
 .UNSPECIFIED.);
#1773=B_SPLINE_CURVE_WITH_KNOTS('',3,(#6077,#6078,#6079,#6080),
 .UNSPECIFIED.,.F.,.F.,(4,4),(0.0688054068887483,0.0759992300755689),
 .UNSPECIFIED.);
#1774=B_SPLINE_CURVE_WITH_KNOTS('',3,(#6085,#6086,#6087,#6088),
 .UNSPECIFIED.,.F.,.F.,(4,4),(-2.12181825698422,-0.569231321171106),
 .UNSPECIFIED.);
#1775=B_SPLINE_CURVE_WITH_KNOTS('',3,(#6125,#6126,#6127,#6128),
 .UNSPECIFIED.,.F.,.F.,(4,4),(0.583547002183622,2.0746060435293),
 .UNSPECIFIED.);
#1776=B_SPLINE_CURVE_WITH_KNOTS('',3,(#6152,#6153,#6154,#6155,#6156,#6157,
#6158,#6159,#6160,#6161,#6162,#6163),.UNSPECIFIED.,.F.,.F.,(4,2,2,2,2,4),
(0.00653863994651321,0.00998333584884046,0.0216469167878005,0.0382505957403458,
0.0586702739609377,0.0806683084939314),.UNSPECIFIED.);
#1777=B_SPLINE_CURVE_WITH_KNOTS('',3,(#6166,#6167,#6168,#6169,#6170,#6171,
#6172,#6173,#6174,#6175,#6176,#6177,#6178,#6179,#6180,#6181,#6182,#6183,
#6184,#6185,#6186,#6187,#6188,#6189,#6190,#6191,#6192,#6193,#6194,#6195,
#6196,#6197,#6198,#6199,#6200,#6201,#6202,#6203,#6204,#6205,#6206,#6207,
#6208),.UNSPECIFIED.,.F.,.F.,(4,3,3,3,3,3,3,3,3,3,3,3,3,3,4),(0.,0.00648731161598489,
0.0132276255422974,0.0147727370753254,0.0214407190586391,0.0282642845783694,
0.0300336069115166,0.0313549218980364,0.0379291999486811,0.0448247830800085,
0.0462591067910472,0.0533047170422053,0.0603453951536373,0.0637430541241475,
0.0640428473701008),.UNSPECIFIED.);
#1778=B_SPLINE_CURVE_WITH_KNOTS('',3,(#6212,#6213,#6214,#6215,#6216,#6217,
#6218,#6219,#6220,#6221),.UNSPECIFIED.,.F.,.F.,(4,2,2,2,4),(0.182391570921887,
0.197234648671515,0.212077726421143,0.227049817519882,0.242021908618622),
 .UNSPECIFIED.);
#1779=B_SPLINE_CURVE_WITH_KNOTS('',3,(#6227,#6228,#6229,#6230,#6231,#6232,
#6233,#6234,#6235,#6236,#6237,#6238,#6239,#6240,#6241,#6242,#6243,#6244,
#6245,#6246,#6247,#6248),.UNSPECIFIED.,.F.,.F.,(4,2,2,2,2,2,2,2,2,2,4),
(-1.13233678032311,-1.01910189253943,-0.905867004755756,-0.79263211697208,
-0.679397229188403,-0.566165365783141,-0.452933502377878,-0.339701638972616,
-0.226469775567353,-0.113234887783676,-0.101676268871238),.UNSPECIFIED.);
#1780=B_SPLINE_CURVE_WITH_KNOTS('',3,(#6256,#6257,#6258,#6259,#6260,#6261),
 .UNSPECIFIED.,.F.,.F.,(4,2,4),(0.101676268871238,0.113234887783676,0.226469775567353),
 .UNSPECIFIED.);
#1781=B_SPLINE_CURVE_WITH_KNOTS('',3,(#6263,#6264,#6265,#6266,#6267,#6268),
 .UNSPECIFIED.,.F.,.F.,(4,2,4),(-1.13233678032311,-1.01910189253943,-1.00754327376243),
 .UNSPECIFIED.);
#1782=B_SPLINE_CURVE_WITH_KNOTS('',3,(#6276,#6277,#6278,#6279,#6280,#6281),
 .UNSPECIFIED.,.F.,.F.,(4,2,4),(0.101676268871237,0.113234887783677,0.226469775567353),
 .UNSPECIFIED.);
#1783=B_SPLINE_CURVE_WITH_KNOTS('',3,(#6283,#6284,#6285,#6286,#6287,#6288),
 .UNSPECIFIED.,.F.,.F.,(4,2,4),(1.00754327376243,1.01910189253943,1.13233678032311),
 .UNSPECIFIED.);
#1784=B_SPLINE_CURVE_WITH_KNOTS('',3,(#6296,#6297,#6298,#6299,#6300,#6301),
 .UNSPECIFIED.,.F.,.F.,(4,2,4),(-0.226469775567353,-0.113234887783677,-0.101676269006677),
 .UNSPECIFIED.);
#1785=B_SPLINE_CURVE_WITH_KNOTS('',3,(#6303,#6304,#6305,#6306,#6307,#6308),
 .UNSPECIFIED.,.F.,.F.,(4,2,4),(-1.13233678032311,-1.01910189253943,-1.00754327362699),
 .UNSPECIFIED.);
#1786=B_SPLINE_CURVE_WITH_KNOTS('',3,(#6316,#6317,#6318,#6319,#6320,#6321),
 .UNSPECIFIED.,.F.,.F.,(4,2,4),(0.101676269006676,0.113234887783676,0.226469775567353),
 .UNSPECIFIED.);
#1787=B_SPLINE_CURVE_WITH_KNOTS('',3,(#6323,#6324,#6325,#6326,#6327,#6328),
 .UNSPECIFIED.,.F.,.F.,(4,2,4),(-1.13233678032311,-1.01910189253943,-1.00754327362699),
 .UNSPECIFIED.);
#1788=B_SPLINE_CURVE_WITH_KNOTS('',3,(#6336,#6337,#6338,#6339,#6340,#6341,
#6342,#6343,#6344,#6345,#6346,#6347,#6348,#6349,#6350,#6351,#6352,#6353,
#6354,#6355,#6356,#6357,#6358),.UNSPECIFIED.,.F.,.F.,(4,2,2,2,2,2,2,2,3,
2,4),(-0.804190735884519,-0.79263211697208,-0.679397229188403,-0.566165365783141,
-0.452933502377878,-0.339701638972616,-0.226469775567353,-0.113234887783676,
0.,0.113234887783676,0.226469775567353),.UNSPECIFIED.);
#1789=B_SPLINE_CURVE_WITH_KNOTS('',3,(#6360,#6361,#6362,#6363,#6364,#6365,
#6366,#6367,#6368,#6369,#6370,#6371,#6372,#6373,#6374,#6375,#6376,#6377),
 .UNSPECIFIED.,.F.,.F.,(4,2,2,2,2,2,2,2,4),(-0.804190735884519,-0.79263211697208,
-0.679397229188404,-0.566165365783141,-0.452933502377878,-0.339701638972616,
-0.226469775567353,-0.113234887783677,-0.101676269006676),.UNSPECIFIED.);
#1790=B_SPLINE_CURVE_WITH_KNOTS('',3,(#6379,#6380,#6381,#6382,#6383,#6384,
#6385,#6386,#6387,#6388,#6389,#6390,#6391,#6392,#6393,#6394,#6395,#6396),
 .UNSPECIFIED.,.F.,.F.,(4,2,2,2,2,2,2,2,4),(0.101676269006677,0.113234887783676,
0.226469775567353,0.339701638972616,0.452933502377878,0.56616536578314,
0.679397229188403,0.79263211697208,0.80419073574908),.UNSPECIFIED.);
#1791=B_SPLINE_CURVE_WITH_KNOTS('',3,(#6397,#6398,#6399,#6400,#6401,#6402,
#6403,#6404,#6405,#6406,#6407,#6408,#6409,#6410,#6411,#6412,#6413,#6414),
 .UNSPECIFIED.,.F.,.F.,(4,2,2,2,2,2,2,2,4),(-0.80419073574908,-0.79263211697208,
-0.679397229188404,-0.566165365783141,-0.452933502377878,-0.339701638972616,
-0.226469775567353,-0.113234887783677,-0.101676268871238),.UNSPECIFIED.);
#1792=VERTEX_POINT('',#5983);
#1793=VERTEX_POINT('',#5984);
#1794=VERTEX_POINT('',#5989);
#1795=VERTEX_POINT('',#5997);
#1796=VERTEX_POINT('',#6008);
#1797=VERTEX_POINT('',#6013);
#1798=VERTEX_POINT('',#6059);
#1799=VERTEX_POINT('',#6061);
#1800=VERTEX_POINT('',#6074);
#1801=VERTEX_POINT('',#6076);
#1802=VERTEX_POINT('',#6083);
#1803=VERTEX_POINT('',#6090);
#1804=VERTEX_POINT('',#6091);
#1805=VERTEX_POINT('',#6093);
#1806=VERTEX_POINT('',#6095);
#1807=VERTEX_POINT('',#6099);
#1808=VERTEX_POINT('',#6102);
#1809=VERTEX_POINT('',#6106);
#1810=VERTEX_POINT('',#6108);
#1811=VERTEX_POINT('',#6110);
#1812=VERTEX_POINT('',#6114);
#1813=VERTEX_POINT('',#6116);
#1814=VERTEX_POINT('',#6120);
#1815=VERTEX_POINT('',#6122);
#1816=VERTEX_POINT('',#6124);
#1817=VERTEX_POINT('',#6129);
#1818=VERTEX_POINT('',#6164);
#1819=VERTEX_POINT('',#6210);
#1820=VERTEX_POINT('',#6225);
#1821=VERTEX_POINT('',#6226);
#1822=VERTEX_POINT('',#6249);
#1823=VERTEX_POINT('',#6251);
#1824=VERTEX_POINT('',#6253);
#1825=VERTEX_POINT('',#6255);
#1826=VERTEX_POINT('',#6262);
#1827=VERTEX_POINT('',#6269);
#1828=VERTEX_POINT('',#6271);
#1829=VERTEX_POINT('',#6273);
#1830=VERTEX_POINT('',#6275);
#1831=VERTEX_POINT('',#6282);
#1832=VERTEX_POINT('',#6289);
#1833=VERTEX_POINT('',#6291);
#1834=VERTEX_POINT('',#6293);
#1835=VERTEX_POINT('',#6295);
#1836=VERTEX_POINT('',#6302);
#1837=VERTEX_POINT('',#6309);
#1838=VERTEX_POINT('',#6311);
#1839=VERTEX_POINT('',#6313);
#1840=VERTEX_POINT('',#6315);
#1841=VERTEX_POINT('',#6322);
#1842=VERTEX_POINT('',#6329);
#1843=VERTEX_POINT('',#6331);
#1844=VERTEX_POINT('',#6333);
#1845=VERTEX_POINT('',#6335);
#1846=VERTEX_POINT('',#6359);
#1847=VERTEX_POINT('',#6378);
#1848=VERTEX_POINT('',#6417);
#1849=VERTEX_POINT('',#6419);
#1850=VERTEX_POINT('',#6423);
#1851=VERTEX_POINT('',#6427);
#1852=VERTEX_POINT('',#6433);
#1853=VERTEX_POINT('',#6434);
#1854=VERTEX_POINT('',#6436);
#1855=VERTEX_POINT('',#6438);
#1856=VERTEX_POINT('',#6442);
#1857=VERTEX_POINT('',#6444);
#1858=VERTEX_POINT('',#6446);
#1859=VERTEX_POINT('',#6450);
#1860=VERTEX_POINT('',#6452);
#1861=VERTEX_POINT('',#6454);
#1862=VERTEX_POINT('',#6458);
#1863=VERTEX_POINT('',#6460);
#1864=VERTEX_POINT('',#6462);
#1865=VERTEX_POINT('',#6464);
#1866=VERTEX_POINT('',#6468);
#1867=VERTEX_POINT('',#6472);
#1868=VERTEX_POINT('',#6474);
#1869=VERTEX_POINT('',#6478);
#1870=VERTEX_POINT('',#6482);
#1871=VERTEX_POINT('',#6487);
#1872=VERTEX_POINT('',#6491);
#1873=VERTEX_POINT('',#6500);
#1874=VERTEX_POINT('',#6502);
#1875=VERTEX_POINT('',#6504);
#1876=VERTEX_POINT('',#6506);
#1877=VERTEX_POINT('',#6509);
#1878=VERTEX_POINT('',#6510);
#1879=VERTEX_POINT('',#6512);
#1880=VERTEX_POINT('',#6514);
#1881=VERTEX_POINT('',#6517);
#1882=VERTEX_POINT('',#6518);
#1883=VERTEX_POINT('',#6520);
#1884=VERTEX_POINT('',#6522);
#1885=VERTEX_POINT('',#6525);
#1886=VERTEX_POINT('',#6526);
#1887=VERTEX_POINT('',#6528);
#1888=VERTEX_POINT('',#6530);
#1889=VERTEX_POINT('',#6533);
#1890=VERTEX_POINT('',#6534);
#1891=VERTEX_POINT('',#6536);
#1892=VERTEX_POINT('',#6538);
#1893=VERTEX_POINT('',#6543);
#1894=VERTEX_POINT('',#6545);
#1895=VERTEX_POINT('',#6549);
#1896=VERTEX_POINT('',#6553);
#1897=VERTEX_POINT('',#6559);
#1898=VERTEX_POINT('',#6560);
#1899=VERTEX_POINT('',#6562);
#1900=VERTEX_POINT('',#6564);
#1901=VERTEX_POINT('',#6568);
#1902=VERTEX_POINT('',#6570);
#1903=VERTEX_POINT('',#6572);
#1904=VERTEX_POINT('',#6576);
#1905=VERTEX_POINT('',#6578);
#1906=VERTEX_POINT('',#6580);
#1907=VERTEX_POINT('',#6584);
#1908=VERTEX_POINT('',#6587);
#1909=VERTEX_POINT('',#6591);
#1910=VERTEX_POINT('',#6595);
#1911=VERTEX_POINT('',#6599);
#1912=VERTEX_POINT('',#6603);
#1913=VERTEX_POINT('',#6608);
#1914=VERTEX_POINT('',#6619);
#1915=VERTEX_POINT('',#6621);
#1916=VERTEX_POINT('',#6625);
#1917=VERTEX_POINT('',#6629);
#1918=VERTEX_POINT('',#6635);
#1919=VERTEX_POINT('',#6636);
#1920=VERTEX_POINT('',#6638);
#1921=VERTEX_POINT('',#6640);
#1922=VERTEX_POINT('',#6644);
#1923=VERTEX_POINT('',#6646);
#1924=VERTEX_POINT('',#6648);
#1925=VERTEX_POINT('',#6652);
#1926=VERTEX_POINT('',#6654);
#1927=VERTEX_POINT('',#6656);
#1928=VERTEX_POINT('',#6660);
#1929=VERTEX_POINT('',#6663);
#1930=VERTEX_POINT('',#6667);
#1931=VERTEX_POINT('',#6671);
#1932=VERTEX_POINT('',#6675);
#1933=VERTEX_POINT('',#6679);
#1934=VERTEX_POINT('',#6684);
#1935=VERTEX_POINT('',#6694);
#1936=VERTEX_POINT('',#6696);
#1937=VERTEX_POINT('',#6701);
#1938=VERTEX_POINT('',#6705);
#1939=VERTEX_POINT('',#6711);
#1940=VERTEX_POINT('',#6712);
#1941=VERTEX_POINT('',#6714);
#1942=VERTEX_POINT('',#6716);
#1943=VERTEX_POINT('',#6720);
#1944=VERTEX_POINT('',#6722);
#1945=VERTEX_POINT('',#6724);
#1946=VERTEX_POINT('',#6728);
#1947=VERTEX_POINT('',#6730);
#1948=VERTEX_POINT('',#6732);
#1949=VERTEX_POINT('',#6736);
#1950=VERTEX_POINT('',#6739);
#1951=VERTEX_POINT('',#6743);
#1952=VERTEX_POINT('',#6747);
#1953=VERTEX_POINT('',#6751);
#1954=VERTEX_POINT('',#6755);
#1955=VERTEX_POINT('',#6760);
#1956=VERTEX_POINT('',#6770);
#1957=VERTEX_POINT('',#6772);
#1958=VERTEX_POINT('',#6776);
#1959=VERTEX_POINT('',#6780);
#1960=VERTEX_POINT('',#6786);
#1961=VERTEX_POINT('',#6787);
#1962=VERTEX_POINT('',#6789);
#1963=VERTEX_POINT('',#6791);
#1964=VERTEX_POINT('',#6795);
#1965=VERTEX_POINT('',#6797);
#1966=VERTEX_POINT('',#6799);
#1967=VERTEX_POINT('',#6803);
#1968=VERTEX_POINT('',#6805);
#1969=VERTEX_POINT('',#6807);
#1970=VERTEX_POINT('',#6811);
#1971=VERTEX_POINT('',#6814);
#1972=VERTEX_POINT('',#6818);
#1973=VERTEX_POINT('',#6822);
#1974=VERTEX_POINT('',#6826);
#1975=VERTEX_POINT('',#6830);
#1976=VERTEX_POINT('',#6835);
#1977=VERTEX_POINT('',#6845);
#1978=VERTEX_POINT('',#6847);
#1979=VERTEX_POINT('',#6849);
#1980=VERTEX_POINT('',#6853);
#1981=VERTEX_POINT('',#6855);
#1982=VERTEX_POINT('',#6857);
#1983=VERTEX_POINT('',#6861);
#1984=VERTEX_POINT('',#6862);
#1985=VERTEX_POINT('',#6864);
#1986=VERTEX_POINT('',#6866);
#1987=VERTEX_POINT('',#6868);
#1988=VERTEX_POINT('',#6870);
#1989=VERTEX_POINT('',#6874);
#1990=VERTEX_POINT('',#6876);
#1991=VERTEX_POINT('',#6880);
#1992=VERTEX_POINT('',#6881);
#1993=VERTEX_POINT('',#6883);
#1994=VERTEX_POINT('',#6885);
#1995=VERTEX_POINT('',#6890);
#1996=VERTEX_POINT('',#6891);
#1997=VERTEX_POINT('',#6893);
#1998=VERTEX_POINT('',#6895);
#1999=VERTEX_POINT('',#6897);
#2000=VERTEX_POINT('',#6899);
#2001=VERTEX_POINT('',#6903);
#2002=VERTEX_POINT('',#6904);
#2003=VERTEX_POINT('',#6906);
#2004=VERTEX_POINT('',#6908);
#2005=VERTEX_POINT('',#6910);
#2006=VERTEX_POINT('',#6912);
#2007=VERTEX_POINT('',#6916);
#2008=VERTEX_POINT('',#6918);
#2009=VERTEX_POINT('',#6922);
#2010=VERTEX_POINT('',#6924);
#2011=VERTEX_POINT('',#6928);
#2012=VERTEX_POINT('',#6929);
#2013=VERTEX_POINT('',#6932);
#2014=VERTEX_POINT('',#6934);
#2015=VERTEX_POINT('',#6938);
#2016=VERTEX_POINT('',#6939);
#2017=VERTEX_POINT('',#6941);
#2018=VERTEX_POINT('',#6943);
#2019=VERTEX_POINT('',#6948);
#2020=VERTEX_POINT('',#6950);
#2021=VERTEX_POINT('',#6954);
#2022=VERTEX_POINT('',#6956);
#2023=VERTEX_POINT('',#6960);
#2024=VERTEX_POINT('',#6962);
#2025=VERTEX_POINT('',#6966);
#2026=VERTEX_POINT('',#6968);
#2027=VERTEX_POINT('',#6976);
#2028=VERTEX_POINT('',#6978);
#2029=VERTEX_POINT('',#6982);
#2030=VERTEX_POINT('',#6984);
#2031=VERTEX_POINT('',#6988);
#2032=VERTEX_POINT('',#6990);
#2033=VERTEX_POINT('',#6992);
#2034=VERTEX_POINT('',#6994);
#2035=VERTEX_POINT('',#6996);
#2036=VERTEX_POINT('',#6998);
#2037=VERTEX_POINT('',#7002);
#2038=VERTEX_POINT('',#7006);
#2039=VERTEX_POINT('',#7012);
#2040=VERTEX_POINT('',#7014);
#2041=VERTEX_POINT('',#7016);
#2042=VERTEX_POINT('',#7018);
#2043=VERTEX_POINT('',#7022);
#2044=VERTEX_POINT('',#7026);
#2045=VERTEX_POINT('',#7030);
#2046=VERTEX_POINT('',#7034);
#2047=VERTEX_POINT('',#7036);
#2048=VERTEX_POINT('',#7042);
#2049=VERTEX_POINT('',#7044);
#2050=VERTEX_POINT('',#7046);
#2051=VERTEX_POINT('',#7048);
#2052=VERTEX_POINT('',#7050);
#2053=VERTEX_POINT('',#7052);
#2054=VERTEX_POINT('',#7059);
#2055=VERTEX_POINT('',#7063);
#2056=VERTEX_POINT('',#7064);
#2057=VERTEX_POINT('',#7066);
#2058=VERTEX_POINT('',#7068);
#2059=VERTEX_POINT('',#7072);
#2060=VERTEX_POINT('',#7074);
#2061=VERTEX_POINT('',#7076);
#2062=VERTEX_POINT('',#7079);
#2063=VERTEX_POINT('',#7083);
#2064=VERTEX_POINT('',#7084);
#2065=VERTEX_POINT('',#7086);
#2066=VERTEX_POINT('',#7088);
#2067=VERTEX_POINT('',#7093);
#2068=VERTEX_POINT('',#7095);
#2069=VERTEX_POINT('',#7097);
#2070=VERTEX_POINT('',#7099);
#2071=VERTEX_POINT('',#7103);
#2072=VERTEX_POINT('',#7104);
#2073=VERTEX_POINT('',#7106);
#2074=VERTEX_POINT('',#7108);
#2075=VERTEX_POINT('',#7112);
#2076=VERTEX_POINT('',#7114);
#2077=VERTEX_POINT('',#7116);
#2078=VERTEX_POINT('',#7120);
#2079=VERTEX_POINT('',#7132);
#2080=VERTEX_POINT('',#7134);
#2081=VERTEX_POINT('',#7138);
#2082=VERTEX_POINT('',#7141);
#2083=VERTEX_POINT('',#7143);
#2084=VERTEX_POINT('',#7145);
#2085=VERTEX_POINT('',#7147);
#2086=VERTEX_POINT('',#7149);
#2087=VERTEX_POINT('',#7153);
#2088=VERTEX_POINT('',#7157);
#2089=VERTEX_POINT('',#7159);
#2090=VERTEX_POINT('',#7163);
#2091=VERTEX_POINT('',#7165);
#2092=VERTEX_POINT('',#7167);
#2093=VERTEX_POINT('',#7169);
#2094=VERTEX_POINT('',#7172);
#2095=VERTEX_POINT('',#7174);
#2096=VERTEX_POINT('',#7176);
#2097=VERTEX_POINT('',#7178);
#2098=VERTEX_POINT('',#7180);
#2099=VERTEX_POINT('',#7187);
#2100=VERTEX_POINT('',#7191);
#2101=VERTEX_POINT('',#7192);
#2102=VERTEX_POINT('',#7197);
#2103=VERTEX_POINT('',#7201);
#2104=VERTEX_POINT('',#7203);
#2105=VERTEX_POINT('',#7209);
#2106=VERTEX_POINT('',#7210);
#2107=VERTEX_POINT('',#7212);
#2108=VERTEX_POINT('',#7214);
#2109=VERTEX_POINT('',#7218);
#2110=VERTEX_POINT('',#7220);
#2111=VERTEX_POINT('',#7227);
#2112=VERTEX_POINT('',#7232);
#2113=VERTEX_POINT('',#7234);
#2114=VERTEX_POINT('',#7236);
#2115=VERTEX_POINT('',#7244);
#2116=VERTEX_POINT('',#7256);
#2117=VERTEX_POINT('',#7258);
#2118=VERTEX_POINT('',#7260);
#2119=VERTEX_POINT('',#7262);
#2120=VERTEX_POINT('',#7264);
#2121=VERTEX_POINT('',#7266);
#2122=VERTEX_POINT('',#7270);
#2123=VERTEX_POINT('',#7272);
#2124=VERTEX_POINT('',#7274);
#2125=VERTEX_POINT('',#7276);
#2126=VERTEX_POINT('',#7278);
#2127=VERTEX_POINT('',#7280);
#2128=VERTEX_POINT('',#7282);
#2129=VERTEX_POINT('',#7284);
#2130=VERTEX_POINT('',#7286);
#2131=VERTEX_POINT('',#7288);
#2132=VERTEX_POINT('',#7290);
#2133=VERTEX_POINT('',#7292);
#2134=VERTEX_POINT('',#7294);
#2135=VERTEX_POINT('',#7296);
#2136=VERTEX_POINT('',#7298);
#2137=VERTEX_POINT('',#7300);
#2138=VERTEX_POINT('',#7302);
#2139=VERTEX_POINT('',#7304);
#2140=VERTEX_POINT('',#7306);
#2141=VERTEX_POINT('',#7308);
#2142=VERTEX_POINT('',#7311);
#2143=VERTEX_POINT('',#7312);
#2144=VERTEX_POINT('',#7314);
#2145=VERTEX_POINT('',#7316);
#2146=VERTEX_POINT('',#7318);
#2147=VERTEX_POINT('',#7320);
#2148=VERTEX_POINT('',#7322);
#2149=VERTEX_POINT('',#7324);
#2150=VERTEX_POINT('',#7328);
#2151=VERTEX_POINT('',#7332);
#2152=VERTEX_POINT('',#7337);
#2153=VERTEX_POINT('',#7339);
#2154=VERTEX_POINT('',#7348);
#2155=VERTEX_POINT('',#7350);
#2156=VERTEX_POINT('',#7361);
#2157=VERTEX_POINT('',#7363);
#2158=VERTEX_POINT('',#7371);
#2159=VERTEX_POINT('',#7373);
#2160=VERTEX_POINT('',#7377);
#2161=VERTEX_POINT('',#7381);
#2162=VERTEX_POINT('',#7387);
#2163=VERTEX_POINT('',#7391);
#2164=VERTEX_POINT('',#7398);
#2165=VERTEX_POINT('',#7402);
#2166=VERTEX_POINT('',#7413);
#2167=VERTEX_POINT('',#7414);
#2168=VERTEX_POINT('',#7419);
#2169=VERTEX_POINT('',#7421);
#2170=VERTEX_POINT('',#7423);
#2171=VERTEX_POINT('',#7425);
#2172=VERTEX_POINT('',#7429);
#2173=VERTEX_POINT('',#7431);
#2174=VERTEX_POINT('',#7433);
#2175=VERTEX_POINT('',#7435);
#2176=VERTEX_POINT('',#7439);
#2177=VERTEX_POINT('',#7443);
#2178=VERTEX_POINT('',#7445);
#2179=VERTEX_POINT('',#7447);
#2180=VERTEX_POINT('',#7451);
#2181=VERTEX_POINT('',#7452);
#2182=VERTEX_POINT('',#7457);
#2183=VERTEX_POINT('',#7459);
#2184=VERTEX_POINT('',#7461);
#2185=VERTEX_POINT('',#7463);
#2186=VERTEX_POINT('',#7467);
#2187=VERTEX_POINT('',#7469);
#2188=VERTEX_POINT('',#7471);
#2189=VERTEX_POINT('',#7473);
#2190=VERTEX_POINT('',#7477);
#2191=VERTEX_POINT('',#7481);
#2192=VERTEX_POINT('',#7483);
#2193=VERTEX_POINT('',#7485);
#2194=VERTEX_POINT('',#7489);
#2195=VERTEX_POINT('',#7491);
#2196=VERTEX_POINT('',#7495);
#2197=VERTEX_POINT('',#7501);
#2198=VERTEX_POINT('',#7505);
#2199=VERTEX_POINT('',#7509);
#2200=VERTEX_POINT('',#7513);
#2201=VERTEX_POINT('',#7515);
#2202=VERTEX_POINT('',#7519);
#2203=VERTEX_POINT('',#7525);
#2204=VERTEX_POINT('',#7529);
#2205=VERTEX_POINT('',#7533);
#2206=VERTEX_POINT('',#7541);
#2207=VERTEX_POINT('',#7544);
#2208=VERTEX_POINT('',#7548);
#2209=EDGE_CURVE('',#1792,#1793,#1767,.T.);
#2210=EDGE_CURVE('',#1793,#1794,#1768,.T.);
#2211=EDGE_CURVE('',#1795,#1794,#1769,.T.);
#2212=EDGE_CURVE('',#1795,#1796,#1770,.T.);
#2213=EDGE_CURVE('',#1796,#1797,#1771,.T.);
#2214=EDGE_CURVE('',#1797,#1792,#1634,.T.);
#2215=EDGE_CURVE('',#1796,#1798,#226,.T.);
#2216=EDGE_CURVE('',#1798,#1799,#1772,.T.);
#2217=EDGE_CURVE('',#1799,#1797,#227,.T.);
#2218=EDGE_CURVE('',#1800,#1793,#1635,.T.);
#2219=EDGE_CURVE('',#1801,#1800,#1773,.T.);
#2220=EDGE_CURVE('',#1794,#1801,#1636,.T.);
#2221=EDGE_CURVE('',#1792,#1802,#1637,.T.);
#2222=EDGE_CURVE('',#1800,#1802,#1774,.T.);
#2223=EDGE_CURVE('',#1803,#1804,#1638,.T.);
#2224=EDGE_CURVE('',#1804,#1805,#228,.T.);
#2225=EDGE_CURVE('',#1805,#1806,#1639,.F.);
#2226=EDGE_CURVE('',#1806,#1803,#229,.T.);
#2227=EDGE_CURVE('',#1807,#1795,#230,.T.);
#2228=EDGE_CURVE('',#1805,#1807,#231,.T.);
#2229=EDGE_CURVE('',#1808,#1804,#232,.T.);
#2230=EDGE_CURVE('',#1798,#1808,#233,.T.);
#2231=EDGE_CURVE('',#1803,#1809,#1640,.T.);
#2232=EDGE_CURVE('',#1810,#1809,#1641,.T.);
#2233=EDGE_CURVE('',#1811,#1810,#234,.T.);
#2234=EDGE_CURVE('',#1808,#1811,#1642,.T.);
#2235=EDGE_CURVE('',#1809,#1812,#235,.T.);
#2236=EDGE_CURVE('',#1812,#1813,#1643,.F.);
#2237=EDGE_CURVE('',#1813,#1810,#236,.T.);
#2238=EDGE_CURVE('',#1814,#1813,#237,.T.);
#2239=EDGE_CURVE('',#1815,#1814,#238,.T.);
#2240=EDGE_CURVE('',#1816,#1815,#1775,.T.);
#2241=EDGE_CURVE('',#1817,#1816,#239,.T.);
#2242=EDGE_CURVE('',#1811,#1817,#240,.T.);
#2243=EDGE_CURVE('',#1815,#1801,#1776,.F.);
#2244=EDGE_CURVE('',#1802,#1818,#1644,.T.);
#2245=EDGE_CURVE('',#1818,#1816,#1777,.T.);
#2246=EDGE_CURVE('',#1818,#1819,#241,.T.);
#2247=EDGE_CURVE('',#1819,#1817,#1778,.T.);
#2248=EDGE_CURVE('',#1819,#1799,#1645,.T.);
#2249=EDGE_CURVE('',#1820,#1821,#1779,.T.);
#2250=EDGE_CURVE('',#1822,#1820,#29,.T.);
#2251=EDGE_CURVE('',#1823,#1822,#1646,.T.);
#2252=EDGE_CURVE('',#1824,#1823,#30,.T.);
#2253=EDGE_CURVE('',#1825,#1824,#1780,.T.);
#2254=EDGE_CURVE('',#1826,#1825,#1781,.T.);
#2255=EDGE_CURVE('',#1827,#1826,#31,.T.);
#2256=EDGE_CURVE('',#1828,#1827,#1647,.T.);
#2257=EDGE_CURVE('',#1829,#1828,#32,.T.);
#2258=EDGE_CURVE('',#1830,#1829,#1782,.T.);
#2259=EDGE_CURVE('',#1830,#1831,#1783,.T.);
#2260=EDGE_CURVE('',#1831,#1832,#33,.T.);
#2261=EDGE_CURVE('',#1832,#1833,#1648,.T.);
#2262=EDGE_CURVE('',#1833,#1834,#34,.T.);
#2263=EDGE_CURVE('',#1834,#1835,#1784,.T.);
#2264=EDGE_CURVE('',#1836,#1835,#1785,.T.);
#2265=EDGE_CURVE('',#1837,#1836,#35,.T.);
#2266=EDGE_CURVE('',#1838,#1837,#1649,.T.);
#2267=EDGE_CURVE('',#1839,#1838,#36,.T.);
#2268=EDGE_CURVE('',#1840,#1839,#1786,.T.);
#2269=EDGE_CURVE('',#1841,#1840,#1787,.T.);
#2270=EDGE_CURVE('',#1842,#1841,#37,.T.);
#2271=EDGE_CURVE('',#1843,#1842,#1650,.T.);
#2272=EDGE_CURVE('',#1844,#1843,#38,.T.);
#2273=EDGE_CURVE('',#1845,#1844,#1788,.T.);
#2274=EDGE_CURVE('',#1846,#1845,#1789,.T.);
#2275=EDGE_CURVE('',#1846,#1847,#1790,.T.);
#2276=EDGE_CURVE('',#1821,#1847,#1791,.T.);
#2277=EDGE_CURVE('',#1821,#1825,#39,.T.);
#2278=EDGE_CURVE('',#1848,#1824,#242,.T.);
#2279=EDGE_CURVE('',#1848,#1849,#1651,.T.);
#2280=EDGE_CURVE('',#1849,#1820,#243,.T.);
#2281=EDGE_CURVE('',#1849,#1850,#244,.T.);
#2282=EDGE_CURVE('',#1850,#1822,#245,.T.);
#2283=EDGE_CURVE('',#1850,#1851,#246,.T.);
#2284=EDGE_CURVE('',#1851,#1823,#247,.T.);
#2285=EDGE_CURVE('',#1851,#1848,#248,.T.);
#2286=EDGE_CURVE('',#1852,#1853,#249,.T.);
#2287=EDGE_CURVE('',#1854,#1852,#250,.T.);
#2288=EDGE_CURVE('',#1855,#1854,#251,.T.);
#2289=EDGE_CURVE('',#1855,#1853,#252,.T.);
#2290=EDGE_CURVE('',#1853,#1856,#253,.T.);
#2291=EDGE_CURVE('',#1857,#1855,#254,.T.);
#2292=EDGE_CURVE('',#1858,#1857,#255,.T.);
#2293=EDGE_CURVE('',#1856,#1858,#256,.T.);
#2294=EDGE_CURVE('',#1859,#1852,#257,.T.);
#2295=EDGE_CURVE('',#1860,#1859,#258,.T.);
#2296=EDGE_CURVE('',#1860,#1861,#259,.T.);
#2297=EDGE_CURVE('',#1854,#1861,#260,.T.);
#2298=EDGE_CURVE('',#1862,#1856,#261,.T.);
#2299=EDGE_CURVE('',#1863,#1862,#262,.T.);
#2300=EDGE_CURVE('',#1863,#1864,#40,.T.);
#2301=EDGE_CURVE('',#1865,#1864,#263,.T.);
#2302=EDGE_CURVE('',#1859,#1865,#264,.T.);
#2303=EDGE_CURVE('',#1866,#1858,#1652,.T.);
#2304=EDGE_CURVE('',#1862,#1866,#265,.T.);
#2305=EDGE_CURVE('',#1867,#1863,#266,.T.);
#2306=EDGE_CURVE('',#1866,#1868,#267,.T.);
#2307=EDGE_CURVE('',#1868,#1867,#268,.F.);
#2308=EDGE_CURVE('',#1869,#1866,#1653,.T.);
#2309=EDGE_CURVE('',#1869,#1868,#269,.T.);
#2310=EDGE_CURVE('',#1870,#1865,#270,.T.);
#2311=EDGE_CURVE('',#1860,#1870,#1654,.T.);
#2312=EDGE_CURVE('',#1870,#1869,#1655,.T.);
#2313=EDGE_CURVE('',#1871,#1870,#271,.T.);
#2314=EDGE_CURVE('',#1871,#1869,#272,.T.);
#2315=EDGE_CURVE('',#1872,#1867,#41,.T.);
#2316=EDGE_CURVE('',#1872,#1871,#273,.F.);
#2317=EDGE_CURVE('',#1864,#1872,#274,.T.);
#2318=EDGE_CURVE('',#1861,#1857,#1656,.T.);
#2319=EDGE_CURVE('',#1873,#1806,#1657,.T.);
#2320=EDGE_CURVE('',#1874,#1873,#275,.T.);
#2321=EDGE_CURVE('',#1875,#1874,#1658,.T.);
#2322=EDGE_CURVE('',#1876,#1875,#276,.T.);
#2323=EDGE_CURVE('',#1812,#1876,#1659,.T.);
#2324=EDGE_CURVE('',#1877,#1878,#42,.T.);
#2325=EDGE_CURVE('',#1879,#1877,#277,.T.);
#2326=EDGE_CURVE('',#1880,#1879,#43,.T.);
#2327=EDGE_CURVE('',#1878,#1880,#278,.T.);
#2328=EDGE_CURVE('',#1881,#1882,#44,.T.);
#2329=EDGE_CURVE('',#1883,#1881,#279,.T.);
#2330=EDGE_CURVE('',#1884,#1883,#45,.T.);
#2331=EDGE_CURVE('',#1882,#1884,#280,.T.);
#2332=EDGE_CURVE('',#1885,#1886,#46,.F.);
#2333=EDGE_CURVE('',#1886,#1887,#281,.T.);
#2334=EDGE_CURVE('',#1887,#1888,#47,.T.);
#2335=EDGE_CURVE('',#1888,#1885,#282,.T.);
#2336=EDGE_CURVE('',#1889,#1890,#48,.T.);
#2337=EDGE_CURVE('',#1891,#1889,#283,.T.);
#2338=EDGE_CURVE('',#1892,#1891,#49,.T.);
#2339=EDGE_CURVE('',#1890,#1892,#284,.T.);
#2340=EDGE_CURVE('',#1847,#1830,#50,.T.);
#2341=EDGE_CURVE('',#1893,#1829,#285,.T.);
#2342=EDGE_CURVE('',#1893,#1894,#1660,.T.);
#2343=EDGE_CURVE('',#1894,#1826,#286,.T.);
#2344=EDGE_CURVE('',#1894,#1895,#287,.T.);
#2345=EDGE_CURVE('',#1895,#1827,#288,.T.);
#2346=EDGE_CURVE('',#1895,#1896,#289,.T.);
#2347=EDGE_CURVE('',#1896,#1828,#290,.T.);
#2348=EDGE_CURVE('',#1896,#1893,#291,.T.);
#2349=EDGE_CURVE('',#1897,#1898,#292,.T.);
#2350=EDGE_CURVE('',#1899,#1897,#293,.T.);
#2351=EDGE_CURVE('',#1900,#1899,#294,.T.);
#2352=EDGE_CURVE('',#1900,#1898,#295,.T.);
#2353=EDGE_CURVE('',#1898,#1901,#296,.T.);
#2354=EDGE_CURVE('',#1902,#1900,#297,.T.);
#2355=EDGE_CURVE('',#1903,#1902,#298,.T.);
#2356=EDGE_CURVE('',#1901,#1903,#299,.T.);
#2357=EDGE_CURVE('',#1904,#1897,#300,.T.);
#2358=EDGE_CURVE('',#1905,#1904,#301,.T.);
#2359=EDGE_CURVE('',#1905,#1906,#302,.T.);
#2360=EDGE_CURVE('',#1899,#1906,#303,.T.);
#2361=EDGE_CURVE('',#1907,#1901,#304,.T.);
#2362=EDGE_CURVE('',#1877,#1907,#305,.T.);
#2363=EDGE_CURVE('',#1908,#1878,#306,.T.);
#2364=EDGE_CURVE('',#1904,#1908,#307,.T.);
#2365=EDGE_CURVE('',#1909,#1903,#1661,.T.);
#2366=EDGE_CURVE('',#1907,#1909,#308,.T.);
#2367=EDGE_CURVE('',#1909,#1910,#309,.T.);
#2368=EDGE_CURVE('',#1910,#1879,#310,.F.);
#2369=EDGE_CURVE('',#1911,#1909,#1662,.T.);
#2370=EDGE_CURVE('',#1911,#1910,#311,.T.);
#2371=EDGE_CURVE('',#1912,#1908,#312,.T.);
#2372=EDGE_CURVE('',#1905,#1912,#1663,.T.);
#2373=EDGE_CURVE('',#1912,#1911,#1664,.T.);
#2374=EDGE_CURVE('',#1913,#1912,#313,.T.);
#2375=EDGE_CURVE('',#1913,#1911,#314,.T.);
#2376=EDGE_CURVE('',#1880,#1913,#315,.F.);
#2377=EDGE_CURVE('',#1906,#1902,#1665,.T.);
#2378=EDGE_CURVE('',#1840,#1845,#51,.T.);
#2379=EDGE_CURVE('',#1914,#1844,#316,.T.);
#2380=EDGE_CURVE('',#1914,#1915,#1666,.T.);
#2381=EDGE_CURVE('',#1915,#1841,#317,.T.);
#2382=EDGE_CURVE('',#1915,#1916,#318,.T.);
#2383=EDGE_CURVE('',#1916,#1842,#319,.T.);
#2384=EDGE_CURVE('',#1916,#1917,#320,.T.);
#2385=EDGE_CURVE('',#1917,#1843,#321,.T.);
#2386=EDGE_CURVE('',#1917,#1914,#322,.T.);
#2387=EDGE_CURVE('',#1918,#1919,#323,.T.);
#2388=EDGE_CURVE('',#1920,#1918,#324,.T.);
#2389=EDGE_CURVE('',#1921,#1920,#325,.T.);
#2390=EDGE_CURVE('',#1921,#1919,#326,.T.);
#2391=EDGE_CURVE('',#1919,#1922,#327,.T.);
#2392=EDGE_CURVE('',#1923,#1921,#328,.T.);
#2393=EDGE_CURVE('',#1924,#1923,#329,.T.);
#2394=EDGE_CURVE('',#1922,#1924,#330,.T.);
#2395=EDGE_CURVE('',#1925,#1918,#331,.T.);
#2396=EDGE_CURVE('',#1926,#1925,#332,.T.);
#2397=EDGE_CURVE('',#1926,#1927,#333,.T.);
#2398=EDGE_CURVE('',#1920,#1927,#334,.T.);
#2399=EDGE_CURVE('',#1928,#1922,#335,.T.);
#2400=EDGE_CURVE('',#1889,#1928,#336,.T.);
#2401=EDGE_CURVE('',#1929,#1890,#337,.T.);
#2402=EDGE_CURVE('',#1925,#1929,#338,.T.);
#2403=EDGE_CURVE('',#1930,#1924,#1667,.T.);
#2404=EDGE_CURVE('',#1928,#1930,#339,.T.);
#2405=EDGE_CURVE('',#1930,#1931,#340,.T.);
#2406=EDGE_CURVE('',#1931,#1891,#341,.F.);
#2407=EDGE_CURVE('',#1932,#1930,#1668,.T.);
#2408=EDGE_CURVE('',#1932,#1931,#342,.T.);
#2409=EDGE_CURVE('',#1933,#1929,#343,.T.);
#2410=EDGE_CURVE('',#1926,#1933,#1669,.T.);
#2411=EDGE_CURVE('',#1933,#1932,#1670,.T.);
#2412=EDGE_CURVE('',#1934,#1933,#344,.T.);
#2413=EDGE_CURVE('',#1934,#1932,#345,.T.);
#2414=EDGE_CURVE('',#1892,#1934,#346,.F.);
#2415=EDGE_CURVE('',#1927,#1923,#1671,.T.);
#2416=EDGE_CURVE('',#1935,#1839,#347,.T.);
#2417=EDGE_CURVE('',#1935,#1936,#1672,.T.);
#2418=EDGE_CURVE('',#1936,#1836,#348,.T.);
#2419=EDGE_CURVE('',#1835,#1846,#52,.T.);
#2420=EDGE_CURVE('',#1936,#1937,#349,.T.);
#2421=EDGE_CURVE('',#1937,#1837,#350,.T.);
#2422=EDGE_CURVE('',#1937,#1938,#351,.T.);
#2423=EDGE_CURVE('',#1938,#1838,#352,.T.);
#2424=EDGE_CURVE('',#1938,#1935,#353,.T.);
#2425=EDGE_CURVE('',#1939,#1940,#354,.T.);
#2426=EDGE_CURVE('',#1941,#1939,#355,.T.);
#2427=EDGE_CURVE('',#1942,#1941,#356,.T.);
#2428=EDGE_CURVE('',#1942,#1940,#357,.T.);
#2429=EDGE_CURVE('',#1940,#1943,#358,.T.);
#2430=EDGE_CURVE('',#1944,#1942,#359,.T.);
#2431=EDGE_CURVE('',#1945,#1944,#360,.T.);
#2432=EDGE_CURVE('',#1943,#1945,#361,.T.);
#2433=EDGE_CURVE('',#1946,#1939,#362,.T.);
#2434=EDGE_CURVE('',#1947,#1946,#363,.T.);
#2435=EDGE_CURVE('',#1947,#1948,#364,.T.);
#2436=EDGE_CURVE('',#1941,#1948,#365,.T.);
#2437=EDGE_CURVE('',#1949,#1943,#366,.T.);
#2438=EDGE_CURVE('',#1881,#1949,#367,.T.);
#2439=EDGE_CURVE('',#1950,#1882,#368,.T.);
#2440=EDGE_CURVE('',#1946,#1950,#369,.T.);
#2441=EDGE_CURVE('',#1951,#1945,#1673,.T.);
#2442=EDGE_CURVE('',#1949,#1951,#370,.T.);
#2443=EDGE_CURVE('',#1951,#1952,#371,.T.);
#2444=EDGE_CURVE('',#1952,#1883,#372,.F.);
#2445=EDGE_CURVE('',#1953,#1951,#1674,.T.);
#2446=EDGE_CURVE('',#1953,#1952,#373,.T.);
#2447=EDGE_CURVE('',#1954,#1950,#374,.T.);
#2448=EDGE_CURVE('',#1947,#1954,#1675,.T.);
#2449=EDGE_CURVE('',#1954,#1953,#1676,.T.);
#2450=EDGE_CURVE('',#1955,#1954,#375,.T.);
#2451=EDGE_CURVE('',#1955,#1953,#376,.T.);
#2452=EDGE_CURVE('',#1884,#1955,#377,.F.);
#2453=EDGE_CURVE('',#1948,#1944,#1677,.T.);
#2454=EDGE_CURVE('',#1956,#1831,#378,.T.);
#2455=EDGE_CURVE('',#1956,#1957,#379,.T.);
#2456=EDGE_CURVE('',#1957,#1832,#380,.T.);
#2457=EDGE_CURVE('',#1957,#1958,#381,.T.);
#2458=EDGE_CURVE('',#1958,#1833,#382,.T.);
#2459=EDGE_CURVE('',#1958,#1959,#383,.T.);
#2460=EDGE_CURVE('',#1959,#1834,#384,.T.);
#2461=EDGE_CURVE('',#1959,#1956,#1678,.T.);
#2462=EDGE_CURVE('',#1960,#1961,#385,.T.);
#2463=EDGE_CURVE('',#1962,#1960,#386,.T.);
#2464=EDGE_CURVE('',#1963,#1962,#387,.T.);
#2465=EDGE_CURVE('',#1963,#1961,#388,.T.);
#2466=EDGE_CURVE('',#1961,#1964,#389,.T.);
#2467=EDGE_CURVE('',#1965,#1963,#390,.T.);
#2468=EDGE_CURVE('',#1966,#1965,#391,.T.);
#2469=EDGE_CURVE('',#1964,#1966,#392,.T.);
#2470=EDGE_CURVE('',#1967,#1960,#393,.T.);
#2471=EDGE_CURVE('',#1968,#1967,#394,.T.);
#2472=EDGE_CURVE('',#1968,#1969,#395,.T.);
#2473=EDGE_CURVE('',#1962,#1969,#396,.T.);
#2474=EDGE_CURVE('',#1970,#1964,#397,.T.);
#2475=EDGE_CURVE('',#1888,#1970,#398,.T.);
#2476=EDGE_CURVE('',#1971,#1887,#399,.T.);
#2477=EDGE_CURVE('',#1967,#1971,#400,.T.);
#2478=EDGE_CURVE('',#1972,#1966,#1679,.T.);
#2479=EDGE_CURVE('',#1970,#1972,#401,.T.);
#2480=EDGE_CURVE('',#1972,#1973,#402,.T.);
#2481=EDGE_CURVE('',#1973,#1885,#403,.F.);
#2482=EDGE_CURVE('',#1974,#1972,#1680,.T.);
#2483=EDGE_CURVE('',#1974,#1973,#404,.T.);
#2484=EDGE_CURVE('',#1975,#1971,#405,.T.);
#2485=EDGE_CURVE('',#1968,#1975,#1681,.T.);
#2486=EDGE_CURVE('',#1975,#1974,#1682,.T.);
#2487=EDGE_CURVE('',#1976,#1975,#406,.T.);
#2488=EDGE_CURVE('',#1976,#1974,#407,.T.);
#2489=EDGE_CURVE('',#1886,#1976,#408,.F.);
#2490=EDGE_CURVE('',#1969,#1965,#1683,.T.);
#2491=EDGE_CURVE('',#1807,#1977,#1684,.T.);
#2492=EDGE_CURVE('',#1978,#1977,#1685,.T.);
#2493=EDGE_CURVE('',#1978,#1979,#409,.T.);
#2494=EDGE_CURVE('',#1873,#1979,#1686,.T.);
#2495=EDGE_CURVE('',#1980,#1876,#1687,.T.);
#2496=EDGE_CURVE('',#1980,#1981,#410,.T.);
#2497=EDGE_CURVE('',#1982,#1981,#1688,.T.);
#2498=EDGE_CURVE('',#1982,#1814,#1689,.T.);
#2499=EDGE_CURVE('',#1983,#1984,#1690,.T.);
#2500=EDGE_CURVE('',#1985,#1983,#411,.T.);
#2501=EDGE_CURVE('',#1985,#1986,#412,.T.);
#2502=EDGE_CURVE('',#1987,#1986,#413,.T.);
#2503=EDGE_CURVE('',#1988,#1987,#1691,.T.);
#2504=EDGE_CURVE('',#1984,#1988,#414,.T.);
#2505=EDGE_CURVE('',#1986,#1989,#415,.T.);
#2506=EDGE_CURVE('',#1990,#1985,#416,.T.);
#2507=EDGE_CURVE('',#1990,#1989,#417,.T.);
#2508=EDGE_CURVE('',#1991,#1992,#53,.T.);
#2509=EDGE_CURVE('',#1993,#1991,#418,.T.);
#2510=EDGE_CURVE('',#1994,#1993,#54,.T.);
#2511=EDGE_CURVE('',#1989,#1994,#419,.T.);
#2512=EDGE_CURVE('',#1992,#1990,#420,.T.);
#2513=EDGE_CURVE('',#1995,#1996,#55,.T.);
#2514=EDGE_CURVE('',#1997,#1995,#421,.T.);
#2515=EDGE_CURVE('',#1998,#1997,#56,.T.);
#2516=EDGE_CURVE('',#1999,#1998,#422,.T.);
#2517=EDGE_CURVE('',#1999,#2000,#423,.T.);
#2518=EDGE_CURVE('',#1996,#2000,#424,.T.);
#2519=EDGE_CURVE('',#2001,#2002,#57,.T.);
#2520=EDGE_CURVE('',#2003,#2001,#425,.T.);
#2521=EDGE_CURVE('',#2003,#2004,#426,.T.);
#2522=EDGE_CURVE('',#2005,#2004,#427,.T.);
#2523=EDGE_CURVE('',#2006,#2005,#58,.T.);
#2524=EDGE_CURVE('',#2002,#2006,#428,.T.);
#2525=EDGE_CURVE('',#2007,#1999,#429,.T.);
#2526=EDGE_CURVE('',#2007,#2008,#430,.T.);
#2527=EDGE_CURVE('',#2000,#2008,#431,.T.);
#2528=EDGE_CURVE('',#2004,#2009,#432,.T.);
#2529=EDGE_CURVE('',#2010,#2003,#433,.T.);
#2530=EDGE_CURVE('',#2010,#2009,#434,.T.);
#2531=EDGE_CURVE('',#2011,#2012,#1692,.T.);
#2532=EDGE_CURVE('',#2008,#2011,#435,.T.);
#2533=EDGE_CURVE('',#2013,#2007,#436,.T.);
#2534=EDGE_CURVE('',#2014,#2013,#1693,.T.);
#2535=EDGE_CURVE('',#2012,#2014,#437,.T.);
#2536=EDGE_CURVE('',#2015,#2016,#1694,.T.);
#2537=EDGE_CURVE('',#2017,#2015,#438,.T.);
#2538=EDGE_CURVE('',#2018,#2017,#1695,.T.);
#2539=EDGE_CURVE('',#2009,#2018,#439,.T.);
#2540=EDGE_CURVE('',#2016,#2010,#440,.T.);
#2541=EDGE_CURVE('',#1992,#2019,#441,.T.);
#2542=EDGE_CURVE('',#2019,#2020,#1696,.T.);
#2543=EDGE_CURVE('',#2020,#1991,#442,.T.);
#2544=EDGE_CURVE('',#1984,#2021,#443,.T.);
#2545=EDGE_CURVE('',#2021,#2022,#1697,.F.);
#2546=EDGE_CURVE('',#2022,#1983,#444,.T.);
#2547=EDGE_CURVE('',#1987,#2023,#445,.T.);
#2548=EDGE_CURVE('',#2023,#2024,#1698,.F.);
#2549=EDGE_CURVE('',#2024,#1988,#446,.T.);
#2550=EDGE_CURVE('',#1993,#2025,#447,.T.);
#2551=EDGE_CURVE('',#2025,#2026,#1699,.T.);
#2552=EDGE_CURVE('',#2026,#1994,#448,.T.);
#2553=EDGE_CURVE('',#2025,#2020,#449,.T.);
#2554=EDGE_CURVE('',#2021,#2024,#450,.T.);
#2555=EDGE_CURVE('',#2016,#2027,#451,.T.);
#2556=EDGE_CURVE('',#2027,#2028,#1700,.F.);
#2557=EDGE_CURVE('',#2028,#2015,#452,.T.);
#2558=EDGE_CURVE('',#2002,#2029,#453,.T.);
#2559=EDGE_CURVE('',#2029,#2030,#1701,.T.);
#2560=EDGE_CURVE('',#2030,#2001,#454,.T.);
#2561=EDGE_CURVE('',#2031,#2018,#455,.T.);
#2562=EDGE_CURVE('',#2032,#2031,#456,.T.);
#2563=EDGE_CURVE('',#2033,#2032,#457,.T.);
#2564=EDGE_CURVE('',#2034,#2033,#458,.T.);
#2565=EDGE_CURVE('',#2035,#2034,#459,.T.);
#2566=EDGE_CURVE('',#2036,#2035,#460,.T.);
#2567=EDGE_CURVE('',#2005,#2036,#461,.T.);
#2568=EDGE_CURVE('',#2037,#2028,#462,.T.);
#2569=EDGE_CURVE('',#2017,#2037,#463,.T.);
#2570=EDGE_CURVE('',#2038,#2006,#464,.T.);
#2571=EDGE_CURVE('',#2029,#2038,#465,.T.);
#2572=EDGE_CURVE('',#2037,#2031,#1702,.F.);
#2573=EDGE_CURVE('',#2039,#2011,#466,.T.);
#2574=EDGE_CURVE('',#2040,#2039,#467,.T.);
#2575=EDGE_CURVE('',#2041,#2040,#468,.T.);
#2576=EDGE_CURVE('',#2042,#2041,#469,.T.);
#2577=EDGE_CURVE('',#1996,#2042,#470,.T.);
#2578=EDGE_CURVE('',#2012,#2043,#471,.T.);
#2579=EDGE_CURVE('',#2043,#2039,#1703,.F.);
#2580=EDGE_CURVE('',#2044,#2014,#472,.T.);
#2581=EDGE_CURVE('',#2043,#2044,#473,.T.);
#2582=EDGE_CURVE('',#2013,#2045,#474,.T.);
#2583=EDGE_CURVE('',#2045,#2044,#1704,.F.);
#2584=EDGE_CURVE('',#1997,#2046,#475,.T.);
#2585=EDGE_CURVE('',#2046,#2047,#1705,.T.);
#2586=EDGE_CURVE('',#2047,#1998,#476,.T.);
#2587=EDGE_CURVE('',#2019,#2030,#477,.T.);
#2588=EDGE_CURVE('',#2036,#2038,#1706,.T.);
#2589=EDGE_CURVE('',#2035,#2048,#478,.T.);
#2590=EDGE_CURVE('',#2048,#2049,#479,.T.);
#2591=EDGE_CURVE('',#2049,#2050,#480,.T.);
#2592=EDGE_CURVE('',#2050,#2051,#481,.T.);
#2593=EDGE_CURVE('',#2051,#2052,#482,.T.);
#2594=EDGE_CURVE('',#2053,#2052,#1707,.T.);
#2595=EDGE_CURVE('',#2053,#2026,#483,.T.);
#2596=EDGE_CURVE('',#2027,#2022,#484,.T.);
#2597=EDGE_CURVE('',#2054,#1995,#485,.T.);
#2598=EDGE_CURVE('',#2046,#2054,#486,.T.);
#2599=EDGE_CURVE('',#2055,#2056,#1708,.T.);
#2600=EDGE_CURVE('',#2056,#2057,#487,.T.);
#2601=EDGE_CURVE('',#2057,#2058,#1709,.F.);
#2602=EDGE_CURVE('',#2058,#2055,#488,.T.);
#2603=EDGE_CURVE('',#2059,#2058,#489,.T.);
#2604=EDGE_CURVE('',#2060,#2059,#490,.T.);
#2605=EDGE_CURVE('',#2061,#2060,#491,.T.);
#2606=EDGE_CURVE('',#1981,#2061,#492,.T.);
#2607=EDGE_CURVE('',#2062,#1980,#493,.T.);
#2608=EDGE_CURVE('',#2055,#2062,#494,.T.);
#2609=EDGE_CURVE('',#2063,#2064,#1710,.T.);
#2610=EDGE_CURVE('',#2064,#2065,#495,.T.);
#2611=EDGE_CURVE('',#2065,#2066,#1711,.F.);
#2612=EDGE_CURVE('',#2066,#2063,#496,.T.);
#2613=EDGE_CURVE('',#2063,#2056,#1712,.T.);
#2614=EDGE_CURVE('',#2067,#2066,#1713,.T.);
#2615=EDGE_CURVE('',#2068,#2067,#497,.T.);
#2616=EDGE_CURVE('',#2068,#2069,#1714,.T.);
#2617=EDGE_CURVE('',#2069,#2070,#498,.T.);
#2618=EDGE_CURVE('',#2057,#2070,#1715,.T.);
#2619=EDGE_CURVE('',#2071,#2072,#1716,.T.);
#2620=EDGE_CURVE('',#2072,#2073,#499,.T.);
#2621=EDGE_CURVE('',#2073,#2074,#1717,.F.);
#2622=EDGE_CURVE('',#2074,#2071,#500,.T.);
#2623=EDGE_CURVE('',#2071,#2075,#501,.T.);
#2624=EDGE_CURVE('',#2075,#2076,#1718,.T.);
#2625=EDGE_CURVE('',#2076,#2077,#1719,.T.);
#2626=EDGE_CURVE('',#2077,#2072,#502,.T.);
#2627=EDGE_CURVE('',#2078,#2064,#503,.T.);
#2628=EDGE_CURVE('',#1979,#2078,#504,.T.);
#2629=EDGE_CURVE('',#2075,#1978,#505,.T.);
#2630=EDGE_CURVE('',#2065,#2074,#506,.T.);
#2631=EDGE_CURVE('',#1977,#2076,#507,.T.);
#2632=EDGE_CURVE('',#2078,#1874,#1720,.F.);
#2633=EDGE_CURVE('',#1875,#2062,#1721,.F.);
#2634=EDGE_CURVE('',#2079,#2060,#1722,.T.);
#2635=EDGE_CURVE('',#2059,#2080,#1723,.F.);
#2636=EDGE_CURVE('',#2080,#2079,#508,.T.);
#2637=EDGE_CURVE('',#2081,#2080,#509,.T.);
#2638=EDGE_CURVE('',#2052,#2081,#510,.T.);
#2639=EDGE_CURVE('',#2082,#2051,#511,.T.);
#2640=EDGE_CURVE('',#2083,#2082,#512,.T.);
#2641=EDGE_CURVE('',#2083,#2084,#513,.T.);
#2642=EDGE_CURVE('',#2085,#2084,#514,.T.);
#2643=EDGE_CURVE('',#2085,#2086,#515,.T.);
#2644=EDGE_CURVE('',#2079,#2086,#516,.T.);
#2645=EDGE_CURVE('',#2061,#2087,#1724,.F.);
#2646=EDGE_CURVE('',#2087,#1982,#517,.T.);
#2647=EDGE_CURVE('',#2088,#2041,#1725,.T.);
#2648=EDGE_CURVE('',#2040,#2089,#1726,.F.);
#2649=EDGE_CURVE('',#2089,#2088,#518,.T.);
#2650=EDGE_CURVE('',#2077,#2090,#519,.T.);
#2651=EDGE_CURVE('',#2091,#2090,#520,.T.);
#2652=EDGE_CURVE('',#2091,#2092,#521,.T.);
#2653=EDGE_CURVE('',#2093,#2092,#522,.T.);
#2654=EDGE_CURVE('',#2050,#2093,#523,.T.);
#2655=EDGE_CURVE('',#2094,#2049,#524,.T.);
#2656=EDGE_CURVE('',#2095,#2094,#525,.T.);
#2657=EDGE_CURVE('',#2096,#2095,#526,.T.);
#2658=EDGE_CURVE('',#2097,#2096,#527,.T.);
#2659=EDGE_CURVE('',#2097,#2098,#528,.T.);
#2660=EDGE_CURVE('',#2088,#2098,#529,.T.);
#2661=EDGE_CURVE('',#2073,#2089,#530,.T.);
#2662=EDGE_CURVE('',#2042,#2054,#1727,.T.);
#2663=EDGE_CURVE('',#2081,#2099,#1728,.F.);
#2664=EDGE_CURVE('',#2099,#2053,#531,.T.);
#2665=EDGE_CURVE('',#2100,#2101,#532,.T.);
#2666=EDGE_CURVE('',#2101,#2097,#533,.T.);
#2667=EDGE_CURVE('',#2096,#2100,#534,.T.);
#2668=EDGE_CURVE('',#2101,#2102,#535,.T.);
#2669=EDGE_CURVE('',#2098,#2102,#536,.T.);
#2670=EDGE_CURVE('',#2094,#2103,#537,.T.);
#2671=EDGE_CURVE('',#2103,#2104,#538,.T.);
#2672=EDGE_CURVE('',#2104,#2095,#539,.T.);
#2673=EDGE_CURVE('',#2103,#2048,#540,.T.);
#2674=EDGE_CURVE('',#2105,#2106,#541,.T.);
#2675=EDGE_CURVE('',#2105,#2107,#542,.T.);
#2676=EDGE_CURVE('',#2107,#2108,#543,.T.);
#2677=EDGE_CURVE('',#2108,#2106,#544,.T.);
#2678=EDGE_CURVE('',#2109,#2105,#545,.T.);
#2679=EDGE_CURVE('',#2110,#2109,#546,.T.);
#2680=EDGE_CURVE('',#2107,#2110,#547,.T.);
#2681=EDGE_CURVE('',#2034,#2109,#548,.T.);
#2682=EDGE_CURVE('',#2033,#2110,#549,.T.);
#2683=EDGE_CURVE('',#2111,#2106,#550,.T.);
#2684=EDGE_CURVE('',#2102,#2111,#551,.T.);
#2685=EDGE_CURVE('',#2104,#2100,#552,.T.);
#2686=EDGE_CURVE('',#2112,#2108,#553,.T.);
#2687=EDGE_CURVE('',#2113,#2032,#554,.T.);
#2688=EDGE_CURVE('',#2114,#2113,#555,.T.);
#2689=EDGE_CURVE('',#2068,#2114,#556,.T.);
#2690=EDGE_CURVE('',#2112,#2067,#557,.T.);
#2691=EDGE_CURVE('',#2045,#2112,#558,.T.);
#2692=EDGE_CURVE('',#2023,#2099,#559,.T.);
#2693=EDGE_CURVE('',#2070,#2115,#560,.T.);
#2694=EDGE_CURVE('',#2115,#2113,#561,.T.);
#2695=EDGE_CURVE('',#2111,#2047,#562,.T.);
#2696=EDGE_CURVE('',#2086,#2087,#1729,.T.);
#2697=EDGE_CURVE('',#2116,#2085,#59,.T.);
#2698=EDGE_CURVE('',#2117,#2116,#1730,.T.);
#2699=EDGE_CURVE('',#2118,#2117,#563,.T.);
#2700=EDGE_CURVE('',#2119,#2118,#1731,.T.);
#2701=EDGE_CURVE('',#2120,#2119,#564,.T.);
#2702=EDGE_CURVE('',#2121,#2120,#1732,.T.);
#2703=EDGE_CURVE('',#2090,#2121,#60,.T.);
#2704=EDGE_CURVE('',#2118,#2122,#565,.T.);
#2705=EDGE_CURVE('',#2122,#2123,#566,.T.);
#2706=EDGE_CURVE('',#2123,#2124,#567,.T.);
#2707=EDGE_CURVE('',#2124,#2125,#568,.T.);
#2708=EDGE_CURVE('',#2125,#2126,#569,.T.);
#2709=EDGE_CURVE('',#2126,#2127,#570,.T.);
#2710=EDGE_CURVE('',#2127,#2128,#571,.T.);
#2711=EDGE_CURVE('',#2128,#2129,#572,.T.);
#2712=EDGE_CURVE('',#2129,#2130,#573,.T.);
#2713=EDGE_CURVE('',#2130,#2131,#574,.T.);
#2714=EDGE_CURVE('',#2131,#2132,#575,.T.);
#2715=EDGE_CURVE('',#2132,#2133,#576,.T.);
#2716=EDGE_CURVE('',#2133,#2134,#577,.T.);
#2717=EDGE_CURVE('',#2134,#2135,#578,.T.);
#2718=EDGE_CURVE('',#2135,#2136,#579,.T.);
#2719=EDGE_CURVE('',#2136,#2137,#580,.T.);
#2720=EDGE_CURVE('',#2137,#2138,#581,.T.);
#2721=EDGE_CURVE('',#2138,#2139,#582,.T.);
#2722=EDGE_CURVE('',#2139,#2140,#583,.T.);
#2723=EDGE_CURVE('',#2140,#2141,#584,.T.);
#2724=EDGE_CURVE('',#2141,#2119,#585,.T.);
#2725=EDGE_CURVE('',#2142,#2143,#586,.T.);
#2726=EDGE_CURVE('',#2144,#2143,#1733,.F.);
#2727=EDGE_CURVE('',#2144,#2145,#587,.T.);
#2728=EDGE_CURVE('',#2146,#2145,#1734,.F.);
#2729=EDGE_CURVE('',#2146,#2147,#588,.T.);
#2730=EDGE_CURVE('',#2148,#2147,#1735,.F.);
#2731=EDGE_CURVE('',#2148,#2149,#589,.T.);
#2732=EDGE_CURVE('',#2142,#2149,#1736,.F.);
#2733=EDGE_CURVE('',#2150,#2117,#590,.T.);
#2734=EDGE_CURVE('',#2122,#2150,#591,.T.);
#2735=EDGE_CURVE('',#2116,#2151,#592,.F.);
#2736=EDGE_CURVE('',#2151,#2150,#593,.T.);
#2737=EDGE_CURVE('',#2126,#2085,#594,.F.);
#2738=EDGE_CURVE('',#2125,#2152,#595,.F.);
#2739=EDGE_CURVE('',#2152,#2153,#596,.T.);
#2740=EDGE_CURVE('',#2153,#2151,#597,.T.);
#2741=EDGE_CURVE('',#2131,#2082,#598,.T.);
#2742=EDGE_CURVE('',#2130,#2083,#599,.F.);
#2743=EDGE_CURVE('',#2084,#2127,#600,.F.);
#2744=EDGE_CURVE('',#2120,#2154,#601,.T.);
#2745=EDGE_CURVE('',#2154,#2155,#602,.T.);
#2746=EDGE_CURVE('',#2155,#2121,#603,.F.);
#2747=EDGE_CURVE('',#2132,#2093,#604,.F.);
#2748=EDGE_CURVE('',#2137,#2090,#605,.T.);
#2749=EDGE_CURVE('',#2136,#2091,#606,.F.);
#2750=EDGE_CURVE('',#2092,#2133,#607,.F.);
#2751=EDGE_CURVE('',#2123,#2156,#608,.T.);
#2752=EDGE_CURVE('',#2156,#2157,#609,.F.);
#2753=EDGE_CURVE('',#2124,#2157,#610,.T.);
#2754=EDGE_CURVE('',#2157,#2152,#611,.F.);
#2755=EDGE_CURVE('',#2153,#2156,#612,.F.);
#2756=EDGE_CURVE('',#2139,#2158,#613,.T.);
#2757=EDGE_CURVE('',#2158,#2159,#614,.F.);
#2758=EDGE_CURVE('',#2140,#2159,#615,.T.);
#2759=EDGE_CURVE('',#2160,#2138,#616,.F.);
#2760=EDGE_CURVE('',#2160,#2158,#617,.F.);
#2761=EDGE_CURVE('',#2159,#2161,#618,.F.);
#2762=EDGE_CURVE('',#2161,#2160,#619,.T.);
#2763=EDGE_CURVE('',#2161,#2155,#620,.F.);
#2764=EDGE_CURVE('',#2129,#2162,#621,.T.);
#2765=EDGE_CURVE('',#2162,#2083,#622,.F.);
#2766=EDGE_CURVE('',#2128,#2163,#623,.T.);
#2767=EDGE_CURVE('',#2163,#2162,#624,.F.);
#2768=EDGE_CURVE('',#2084,#2163,#625,.F.);
#2769=EDGE_CURVE('',#2092,#2164,#626,.F.);
#2770=EDGE_CURVE('',#2134,#2164,#627,.T.);
#2771=EDGE_CURVE('',#2135,#2165,#628,.T.);
#2772=EDGE_CURVE('',#2165,#2091,#629,.F.);
#2773=EDGE_CURVE('',#2164,#2165,#630,.F.);
#2774=EDGE_CURVE('',#2141,#2154,#631,.T.);
#2775=EDGE_CURVE('',#2166,#2167,#1737,.T.);
#2776=EDGE_CURVE('',#2167,#2142,#632,.T.);
#2777=EDGE_CURVE('',#2149,#2166,#633,.T.);
#2778=EDGE_CURVE('',#2166,#2168,#634,.T.);
#2779=EDGE_CURVE('',#2169,#2168,#1738,.T.);
#2780=EDGE_CURVE('',#2169,#2170,#1739,.T.);
#2781=EDGE_CURVE('',#2171,#2170,#1740,.T.);
#2782=EDGE_CURVE('',#2171,#2167,#635,.T.);
#2783=EDGE_CURVE('',#2172,#2148,#636,.T.);
#2784=EDGE_CURVE('',#2173,#2172,#637,.T.);
#2785=EDGE_CURVE('',#2174,#2173,#638,.T.);
#2786=EDGE_CURVE('',#2175,#2174,#639,.T.);
#2787=EDGE_CURVE('',#2168,#2175,#640,.T.);
#2788=EDGE_CURVE('',#2176,#2172,#1741,.T.);
#2789=EDGE_CURVE('',#2147,#2176,#641,.T.);
#2790=EDGE_CURVE('',#2176,#2177,#642,.T.);
#2791=EDGE_CURVE('',#2178,#2177,#1742,.T.);
#2792=EDGE_CURVE('',#2178,#2179,#1743,.T.);
#2793=EDGE_CURVE('',#2173,#2179,#1744,.T.);
#2794=EDGE_CURVE('',#2180,#2181,#1745,.T.);
#2795=EDGE_CURVE('',#2181,#2146,#643,.T.);
#2796=EDGE_CURVE('',#2145,#2180,#644,.T.);
#2797=EDGE_CURVE('',#2180,#2182,#645,.T.);
#2798=EDGE_CURVE('',#2183,#2182,#1746,.T.);
#2799=EDGE_CURVE('',#2183,#2184,#1747,.T.);
#2800=EDGE_CURVE('',#2185,#2184,#1748,.T.);
#2801=EDGE_CURVE('',#2185,#2181,#646,.T.);
#2802=EDGE_CURVE('',#2186,#2144,#647,.T.);
#2803=EDGE_CURVE('',#2187,#2186,#648,.T.);
#2804=EDGE_CURVE('',#2188,#2187,#649,.T.);
#2805=EDGE_CURVE('',#2189,#2188,#650,.T.);
#2806=EDGE_CURVE('',#2182,#2189,#651,.T.);
#2807=EDGE_CURVE('',#2190,#2186,#1749,.T.);
#2808=EDGE_CURVE('',#2143,#2190,#652,.T.);
#2809=EDGE_CURVE('',#2190,#2191,#653,.T.);
#2810=EDGE_CURVE('',#2192,#2191,#1750,.T.);
#2811=EDGE_CURVE('',#2192,#2193,#1751,.T.);
#2812=EDGE_CURVE('',#2187,#2193,#1752,.T.);
#2813=EDGE_CURVE('',#2170,#2194,#654,.T.);
#2814=EDGE_CURVE('',#2194,#2195,#1753,.F.);
#2815=EDGE_CURVE('',#2195,#2171,#655,.T.);
#2816=EDGE_CURVE('',#2196,#2169,#656,.T.);
#2817=EDGE_CURVE('',#2194,#2196,#1754,.T.);
#2818=EDGE_CURVE('',#2175,#2196,#1755,.F.);
#2819=EDGE_CURVE('',#2179,#2197,#657,.T.);
#2820=EDGE_CURVE('',#2197,#2174,#1756,.F.);
#2821=EDGE_CURVE('',#2198,#2178,#658,.T.);
#2822=EDGE_CURVE('',#2197,#2198,#1757,.T.);
#2823=EDGE_CURVE('',#2177,#2199,#659,.T.);
#2824=EDGE_CURVE('',#2199,#2198,#1758,.F.);
#2825=EDGE_CURVE('',#2184,#2200,#660,.T.);
#2826=EDGE_CURVE('',#2200,#2201,#1759,.F.);
#2827=EDGE_CURVE('',#2201,#2185,#661,.T.);
#2828=EDGE_CURVE('',#2202,#2183,#662,.T.);
#2829=EDGE_CURVE('',#2200,#2202,#1760,.T.);
#2830=EDGE_CURVE('',#2189,#2202,#1761,.F.);
#2831=EDGE_CURVE('',#2193,#2203,#663,.T.);
#2832=EDGE_CURVE('',#2203,#2188,#1762,.F.);
#2833=EDGE_CURVE('',#2204,#2192,#664,.T.);
#2834=EDGE_CURVE('',#2203,#2204,#1763,.T.);
#2835=EDGE_CURVE('',#2191,#2205,#665,.T.);
#2836=EDGE_CURVE('',#2205,#2204,#1764,.F.);
#2837=EDGE_CURVE('',#2205,#2195,#666,.T.);
#2838=EDGE_CURVE('',#2199,#2201,#667,.T.);
#2839=EDGE_CURVE('',#2206,#2206,#1765,.F.);
#2840=EDGE_CURVE('',#2206,#2207,#668,.T.);
#2841=EDGE_CURVE('',#2207,#2207,#1766,.T.);
#2842=EDGE_CURVE('',#2114,#2208,#669,.T.);
#2843=EDGE_CURVE('',#2208,#2115,#670,.T.);
#2844=EDGE_CURVE('',#2208,#2069,#671,.T.);
#2845=ORIENTED_EDGE('',*,*,#2209,.T.);
#2846=ORIENTED_EDGE('',*,*,#2210,.T.);
#2847=ORIENTED_EDGE('',*,*,#2211,.F.);
#2848=ORIENTED_EDGE('',*,*,#2212,.T.);
#2849=ORIENTED_EDGE('',*,*,#2213,.T.);
#2850=ORIENTED_EDGE('',*,*,#2214,.T.);
#2851=ORIENTED_EDGE('',*,*,#2215,.T.);
#2852=ORIENTED_EDGE('',*,*,#2216,.T.);
#2853=ORIENTED_EDGE('',*,*,#2217,.T.);
#2854=ORIENTED_EDGE('',*,*,#2213,.F.);
#2855=ORIENTED_EDGE('',*,*,#2210,.F.);
#2856=ORIENTED_EDGE('',*,*,#2218,.F.);
#2857=ORIENTED_EDGE('',*,*,#2219,.F.);
#2858=ORIENTED_EDGE('',*,*,#2220,.F.);
#2859=ORIENTED_EDGE('',*,*,#2209,.F.);
#2860=ORIENTED_EDGE('',*,*,#2221,.T.);
#2861=ORIENTED_EDGE('',*,*,#2222,.F.);
#2862=ORIENTED_EDGE('',*,*,#2218,.T.);
#2863=ORIENTED_EDGE('',*,*,#2223,.T.);
#2864=ORIENTED_EDGE('',*,*,#2224,.T.);
#2865=ORIENTED_EDGE('',*,*,#2225,.T.);
#2866=ORIENTED_EDGE('',*,*,#2226,.T.);
#2867=ORIENTED_EDGE('',*,*,#2212,.F.);
#2868=ORIENTED_EDGE('',*,*,#2227,.F.);
#2869=ORIENTED_EDGE('',*,*,#2228,.F.);
#2870=ORIENTED_EDGE('',*,*,#2224,.F.);
#2871=ORIENTED_EDGE('',*,*,#2229,.F.);
#2872=ORIENTED_EDGE('',*,*,#2230,.F.);
#2873=ORIENTED_EDGE('',*,*,#2215,.F.);
#2874=ORIENTED_EDGE('',*,*,#2223,.F.);
#2875=ORIENTED_EDGE('',*,*,#2231,.T.);
#2876=ORIENTED_EDGE('',*,*,#2232,.F.);
#2877=ORIENTED_EDGE('',*,*,#2233,.F.);
#2878=ORIENTED_EDGE('',*,*,#2234,.F.);
#2879=ORIENTED_EDGE('',*,*,#2229,.T.);
#2880=ORIENTED_EDGE('',*,*,#2232,.T.);
#2881=ORIENTED_EDGE('',*,*,#2235,.T.);
#2882=ORIENTED_EDGE('',*,*,#2236,.T.);
#2883=ORIENTED_EDGE('',*,*,#2237,.T.);
#2884=ORIENTED_EDGE('',*,*,#2237,.F.);
#2885=ORIENTED_EDGE('',*,*,#2238,.F.);
#2886=ORIENTED_EDGE('',*,*,#2239,.F.);
#2887=ORIENTED_EDGE('',*,*,#2240,.F.);
#2888=ORIENTED_EDGE('',*,*,#2241,.F.);
#2889=ORIENTED_EDGE('',*,*,#2242,.F.);
#2890=ORIENTED_EDGE('',*,*,#2233,.T.);
#2891=ORIENTED_EDGE('',*,*,#2240,.T.);
#2892=ORIENTED_EDGE('',*,*,#2243,.T.);
#2893=ORIENTED_EDGE('',*,*,#2219,.T.);
#2894=ORIENTED_EDGE('',*,*,#2222,.T.);
#2895=ORIENTED_EDGE('',*,*,#2244,.T.);
#2896=ORIENTED_EDGE('',*,*,#2245,.T.);
#2897=ORIENTED_EDGE('',*,*,#2246,.T.);
#2898=ORIENTED_EDGE('',*,*,#2247,.T.);
#2899=ORIENTED_EDGE('',*,*,#2241,.T.);
#2900=ORIENTED_EDGE('',*,*,#2245,.F.);
#2901=ORIENTED_EDGE('',*,*,#2216,.F.);
#2902=ORIENTED_EDGE('',*,*,#2230,.T.);
#2903=ORIENTED_EDGE('',*,*,#2234,.T.);
#2904=ORIENTED_EDGE('',*,*,#2242,.T.);
#2905=ORIENTED_EDGE('',*,*,#2247,.F.);
#2906=ORIENTED_EDGE('',*,*,#2248,.T.);
#2907=ORIENTED_EDGE('',*,*,#2217,.F.);
#2908=ORIENTED_EDGE('',*,*,#2248,.F.);
#2909=ORIENTED_EDGE('',*,*,#2246,.F.);
#2910=ORIENTED_EDGE('',*,*,#2244,.F.);
#2911=ORIENTED_EDGE('',*,*,#2221,.F.);
#2912=ORIENTED_EDGE('',*,*,#2214,.F.);
#2913=ORIENTED_EDGE('',*,*,#2249,.F.);
#2914=ORIENTED_EDGE('',*,*,#2250,.F.);
#2915=ORIENTED_EDGE('',*,*,#2251,.F.);
#2916=ORIENTED_EDGE('',*,*,#2252,.F.);
#2917=ORIENTED_EDGE('',*,*,#2253,.F.);
#2918=ORIENTED_EDGE('',*,*,#2254,.F.);
#2919=ORIENTED_EDGE('',*,*,#2255,.F.);
#2920=ORIENTED_EDGE('',*,*,#2256,.F.);
#2921=ORIENTED_EDGE('',*,*,#2257,.F.);
#2922=ORIENTED_EDGE('',*,*,#2258,.F.);
#2923=ORIENTED_EDGE('',*,*,#2259,.T.);
#2924=ORIENTED_EDGE('',*,*,#2260,.T.);
#2925=ORIENTED_EDGE('',*,*,#2261,.T.);
#2926=ORIENTED_EDGE('',*,*,#2262,.T.);
#2927=ORIENTED_EDGE('',*,*,#2263,.T.);
#2928=ORIENTED_EDGE('',*,*,#2264,.F.);
#2929=ORIENTED_EDGE('',*,*,#2265,.F.);
#2930=ORIENTED_EDGE('',*,*,#2266,.F.);
#2931=ORIENTED_EDGE('',*,*,#2267,.F.);
#2932=ORIENTED_EDGE('',*,*,#2268,.F.);
#2933=ORIENTED_EDGE('',*,*,#2269,.F.);
#2934=ORIENTED_EDGE('',*,*,#2270,.F.);
#2935=ORIENTED_EDGE('',*,*,#2271,.F.);
#2936=ORIENTED_EDGE('',*,*,#2272,.F.);
#2937=ORIENTED_EDGE('',*,*,#2273,.F.);
#2938=ORIENTED_EDGE('',*,*,#2274,.F.);
#2939=ORIENTED_EDGE('',*,*,#2275,.T.);
#2940=ORIENTED_EDGE('',*,*,#2276,.F.);
#2941=ORIENTED_EDGE('',*,*,#2277,.T.);
#2942=ORIENTED_EDGE('',*,*,#2253,.T.);
#2943=ORIENTED_EDGE('',*,*,#2278,.F.);
#2944=ORIENTED_EDGE('',*,*,#2279,.T.);
#2945=ORIENTED_EDGE('',*,*,#2280,.T.);
#2946=ORIENTED_EDGE('',*,*,#2249,.T.);
#2947=ORIENTED_EDGE('',*,*,#2250,.T.);
#2948=ORIENTED_EDGE('',*,*,#2280,.F.);
#2949=ORIENTED_EDGE('',*,*,#2281,.T.);
#2950=ORIENTED_EDGE('',*,*,#2282,.T.);
#2951=ORIENTED_EDGE('',*,*,#2251,.T.);
#2952=ORIENTED_EDGE('',*,*,#2282,.F.);
#2953=ORIENTED_EDGE('',*,*,#2283,.T.);
#2954=ORIENTED_EDGE('',*,*,#2284,.T.);
#2955=ORIENTED_EDGE('',*,*,#2252,.T.);
#2956=ORIENTED_EDGE('',*,*,#2284,.F.);
#2957=ORIENTED_EDGE('',*,*,#2285,.T.);
#2958=ORIENTED_EDGE('',*,*,#2278,.T.);
#2959=ORIENTED_EDGE('',*,*,#2286,.F.);
#2960=ORIENTED_EDGE('',*,*,#2287,.F.);
#2961=ORIENTED_EDGE('',*,*,#2288,.F.);
#2962=ORIENTED_EDGE('',*,*,#2289,.T.);
#2963=ORIENTED_EDGE('',*,*,#2290,.F.);
#2964=ORIENTED_EDGE('',*,*,#2289,.F.);
#2965=ORIENTED_EDGE('',*,*,#2291,.F.);
#2966=ORIENTED_EDGE('',*,*,#2292,.F.);
#2967=ORIENTED_EDGE('',*,*,#2293,.F.);
#2968=ORIENTED_EDGE('',*,*,#2294,.F.);
#2969=ORIENTED_EDGE('',*,*,#2295,.F.);
#2970=ORIENTED_EDGE('',*,*,#2296,.T.);
#2971=ORIENTED_EDGE('',*,*,#2297,.F.);
#2972=ORIENTED_EDGE('',*,*,#2287,.T.);
#2973=ORIENTED_EDGE('',*,*,#2294,.T.);
#2974=ORIENTED_EDGE('',*,*,#2286,.T.);
#2975=ORIENTED_EDGE('',*,*,#2290,.T.);
#2976=ORIENTED_EDGE('',*,*,#2298,.F.);
#2977=ORIENTED_EDGE('',*,*,#2299,.F.);
#2978=ORIENTED_EDGE('',*,*,#2300,.T.);
#2979=ORIENTED_EDGE('',*,*,#2301,.F.);
#2980=ORIENTED_EDGE('',*,*,#2302,.F.);
#2981=ORIENTED_EDGE('',*,*,#2293,.T.);
#2982=ORIENTED_EDGE('',*,*,#2303,.F.);
#2983=ORIENTED_EDGE('',*,*,#2304,.F.);
#2984=ORIENTED_EDGE('',*,*,#2298,.T.);
#2985=ORIENTED_EDGE('',*,*,#2305,.T.);
#2986=ORIENTED_EDGE('',*,*,#2299,.T.);
#2987=ORIENTED_EDGE('',*,*,#2304,.T.);
#2988=ORIENTED_EDGE('',*,*,#2306,.T.);
#2989=ORIENTED_EDGE('',*,*,#2307,.T.);
#2990=ORIENTED_EDGE('',*,*,#2308,.F.);
#2991=ORIENTED_EDGE('',*,*,#2309,.T.);
#2992=ORIENTED_EDGE('',*,*,#2306,.F.);
#2993=ORIENTED_EDGE('',*,*,#2295,.T.);
#2994=ORIENTED_EDGE('',*,*,#2302,.T.);
#2995=ORIENTED_EDGE('',*,*,#2310,.F.);
#2996=ORIENTED_EDGE('',*,*,#2311,.F.);
#2997=ORIENTED_EDGE('',*,*,#2312,.F.);
#2998=ORIENTED_EDGE('',*,*,#2313,.F.);
#2999=ORIENTED_EDGE('',*,*,#2314,.T.);
#3000=ORIENTED_EDGE('',*,*,#2315,.T.);
#3001=ORIENTED_EDGE('',*,*,#2307,.F.);
#3002=ORIENTED_EDGE('',*,*,#2309,.F.);
#3003=ORIENTED_EDGE('',*,*,#2314,.F.);
#3004=ORIENTED_EDGE('',*,*,#2316,.F.);
#3005=ORIENTED_EDGE('',*,*,#2317,.T.);
#3006=ORIENTED_EDGE('',*,*,#2316,.T.);
#3007=ORIENTED_EDGE('',*,*,#2313,.T.);
#3008=ORIENTED_EDGE('',*,*,#2310,.T.);
#3009=ORIENTED_EDGE('',*,*,#2301,.T.);
#3010=ORIENTED_EDGE('',*,*,#2279,.F.);
#3011=ORIENTED_EDGE('',*,*,#2285,.F.);
#3012=ORIENTED_EDGE('',*,*,#2283,.F.);
#3013=ORIENTED_EDGE('',*,*,#2281,.F.);
#3014=ORIENTED_EDGE('',*,*,#2297,.T.);
#3015=ORIENTED_EDGE('',*,*,#2318,.T.);
#3016=ORIENTED_EDGE('',*,*,#2291,.T.);
#3017=ORIENTED_EDGE('',*,*,#2288,.T.);
#3018=ORIENTED_EDGE('',*,*,#2296,.F.);
#3019=ORIENTED_EDGE('',*,*,#2311,.T.);
#3020=ORIENTED_EDGE('',*,*,#2312,.T.);
#3021=ORIENTED_EDGE('',*,*,#2308,.T.);
#3022=ORIENTED_EDGE('',*,*,#2303,.T.);
#3023=ORIENTED_EDGE('',*,*,#2292,.T.);
#3024=ORIENTED_EDGE('',*,*,#2318,.F.);
#3025=ORIENTED_EDGE('',*,*,#2319,.F.);
#3026=ORIENTED_EDGE('',*,*,#2320,.F.);
#3027=ORIENTED_EDGE('',*,*,#2321,.F.);
#3028=ORIENTED_EDGE('',*,*,#2322,.F.);
#3029=ORIENTED_EDGE('',*,*,#2323,.F.);
#3030=ORIENTED_EDGE('',*,*,#2235,.F.);
#3031=ORIENTED_EDGE('',*,*,#2231,.F.);
#3032=ORIENTED_EDGE('',*,*,#2226,.F.);
#3033=ORIENTED_EDGE('',*,*,#2324,.F.);
#3034=ORIENTED_EDGE('',*,*,#2325,.F.);
#3035=ORIENTED_EDGE('',*,*,#2326,.F.);
#3036=ORIENTED_EDGE('',*,*,#2327,.F.);
#3037=ORIENTED_EDGE('',*,*,#2328,.F.);
#3038=ORIENTED_EDGE('',*,*,#2329,.F.);
#3039=ORIENTED_EDGE('',*,*,#2330,.F.);
#3040=ORIENTED_EDGE('',*,*,#2331,.F.);
#3041=ORIENTED_EDGE('',*,*,#2332,.T.);
#3042=ORIENTED_EDGE('',*,*,#2333,.T.);
#3043=ORIENTED_EDGE('',*,*,#2334,.T.);
#3044=ORIENTED_EDGE('',*,*,#2335,.T.);
#3045=ORIENTED_EDGE('',*,*,#2336,.F.);
#3046=ORIENTED_EDGE('',*,*,#2337,.F.);
#3047=ORIENTED_EDGE('',*,*,#2338,.F.);
#3048=ORIENTED_EDGE('',*,*,#2339,.F.);
#3049=ORIENTED_EDGE('',*,*,#2300,.F.);
#3050=ORIENTED_EDGE('',*,*,#2305,.F.);
#3051=ORIENTED_EDGE('',*,*,#2315,.F.);
#3052=ORIENTED_EDGE('',*,*,#2317,.F.);
#3053=ORIENTED_EDGE('',*,*,#2277,.F.);
#3054=ORIENTED_EDGE('',*,*,#2276,.T.);
#3055=ORIENTED_EDGE('',*,*,#2340,.T.);
#3056=ORIENTED_EDGE('',*,*,#2258,.T.);
#3057=ORIENTED_EDGE('',*,*,#2341,.F.);
#3058=ORIENTED_EDGE('',*,*,#2342,.T.);
#3059=ORIENTED_EDGE('',*,*,#2343,.T.);
#3060=ORIENTED_EDGE('',*,*,#2254,.T.);
#3061=ORIENTED_EDGE('',*,*,#2255,.T.);
#3062=ORIENTED_EDGE('',*,*,#2343,.F.);
#3063=ORIENTED_EDGE('',*,*,#2344,.T.);
#3064=ORIENTED_EDGE('',*,*,#2345,.T.);
#3065=ORIENTED_EDGE('',*,*,#2256,.T.);
#3066=ORIENTED_EDGE('',*,*,#2345,.F.);
#3067=ORIENTED_EDGE('',*,*,#2346,.T.);
#3068=ORIENTED_EDGE('',*,*,#2347,.T.);
#3069=ORIENTED_EDGE('',*,*,#2257,.T.);
#3070=ORIENTED_EDGE('',*,*,#2347,.F.);
#3071=ORIENTED_EDGE('',*,*,#2348,.T.);
#3072=ORIENTED_EDGE('',*,*,#2341,.T.);
#3073=ORIENTED_EDGE('',*,*,#2349,.F.);
#3074=ORIENTED_EDGE('',*,*,#2350,.F.);
#3075=ORIENTED_EDGE('',*,*,#2351,.F.);
#3076=ORIENTED_EDGE('',*,*,#2352,.T.);
#3077=ORIENTED_EDGE('',*,*,#2353,.F.);
#3078=ORIENTED_EDGE('',*,*,#2352,.F.);
#3079=ORIENTED_EDGE('',*,*,#2354,.F.);
#3080=ORIENTED_EDGE('',*,*,#2355,.F.);
#3081=ORIENTED_EDGE('',*,*,#2356,.F.);
#3082=ORIENTED_EDGE('',*,*,#2357,.F.);
#3083=ORIENTED_EDGE('',*,*,#2358,.F.);
#3084=ORIENTED_EDGE('',*,*,#2359,.T.);
#3085=ORIENTED_EDGE('',*,*,#2360,.F.);
#3086=ORIENTED_EDGE('',*,*,#2350,.T.);
#3087=ORIENTED_EDGE('',*,*,#2357,.T.);
#3088=ORIENTED_EDGE('',*,*,#2349,.T.);
#3089=ORIENTED_EDGE('',*,*,#2353,.T.);
#3090=ORIENTED_EDGE('',*,*,#2361,.F.);
#3091=ORIENTED_EDGE('',*,*,#2362,.F.);
#3092=ORIENTED_EDGE('',*,*,#2324,.T.);
#3093=ORIENTED_EDGE('',*,*,#2363,.F.);
#3094=ORIENTED_EDGE('',*,*,#2364,.F.);
#3095=ORIENTED_EDGE('',*,*,#2356,.T.);
#3096=ORIENTED_EDGE('',*,*,#2365,.F.);
#3097=ORIENTED_EDGE('',*,*,#2366,.F.);
#3098=ORIENTED_EDGE('',*,*,#2361,.T.);
#3099=ORIENTED_EDGE('',*,*,#2325,.T.);
#3100=ORIENTED_EDGE('',*,*,#2362,.T.);
#3101=ORIENTED_EDGE('',*,*,#2366,.T.);
#3102=ORIENTED_EDGE('',*,*,#2367,.T.);
#3103=ORIENTED_EDGE('',*,*,#2368,.T.);
#3104=ORIENTED_EDGE('',*,*,#2369,.F.);
#3105=ORIENTED_EDGE('',*,*,#2370,.T.);
#3106=ORIENTED_EDGE('',*,*,#2367,.F.);
#3107=ORIENTED_EDGE('',*,*,#2358,.T.);
#3108=ORIENTED_EDGE('',*,*,#2364,.T.);
#3109=ORIENTED_EDGE('',*,*,#2371,.F.);
#3110=ORIENTED_EDGE('',*,*,#2372,.F.);
#3111=ORIENTED_EDGE('',*,*,#2373,.F.);
#3112=ORIENTED_EDGE('',*,*,#2374,.F.);
#3113=ORIENTED_EDGE('',*,*,#2375,.T.);
#3114=ORIENTED_EDGE('',*,*,#2326,.T.);
#3115=ORIENTED_EDGE('',*,*,#2368,.F.);
#3116=ORIENTED_EDGE('',*,*,#2370,.F.);
#3117=ORIENTED_EDGE('',*,*,#2375,.F.);
#3118=ORIENTED_EDGE('',*,*,#2376,.F.);
#3119=ORIENTED_EDGE('',*,*,#2327,.T.);
#3120=ORIENTED_EDGE('',*,*,#2376,.T.);
#3121=ORIENTED_EDGE('',*,*,#2374,.T.);
#3122=ORIENTED_EDGE('',*,*,#2371,.T.);
#3123=ORIENTED_EDGE('',*,*,#2363,.T.);
#3124=ORIENTED_EDGE('',*,*,#2342,.F.);
#3125=ORIENTED_EDGE('',*,*,#2348,.F.);
#3126=ORIENTED_EDGE('',*,*,#2346,.F.);
#3127=ORIENTED_EDGE('',*,*,#2344,.F.);
#3128=ORIENTED_EDGE('',*,*,#2360,.T.);
#3129=ORIENTED_EDGE('',*,*,#2377,.T.);
#3130=ORIENTED_EDGE('',*,*,#2354,.T.);
#3131=ORIENTED_EDGE('',*,*,#2351,.T.);
#3132=ORIENTED_EDGE('',*,*,#2359,.F.);
#3133=ORIENTED_EDGE('',*,*,#2372,.T.);
#3134=ORIENTED_EDGE('',*,*,#2373,.T.);
#3135=ORIENTED_EDGE('',*,*,#2369,.T.);
#3136=ORIENTED_EDGE('',*,*,#2365,.T.);
#3137=ORIENTED_EDGE('',*,*,#2355,.T.);
#3138=ORIENTED_EDGE('',*,*,#2377,.F.);
#3139=ORIENTED_EDGE('',*,*,#2378,.T.);
#3140=ORIENTED_EDGE('',*,*,#2273,.T.);
#3141=ORIENTED_EDGE('',*,*,#2379,.F.);
#3142=ORIENTED_EDGE('',*,*,#2380,.T.);
#3143=ORIENTED_EDGE('',*,*,#2381,.T.);
#3144=ORIENTED_EDGE('',*,*,#2269,.T.);
#3145=ORIENTED_EDGE('',*,*,#2270,.T.);
#3146=ORIENTED_EDGE('',*,*,#2381,.F.);
#3147=ORIENTED_EDGE('',*,*,#2382,.T.);
#3148=ORIENTED_EDGE('',*,*,#2383,.T.);
#3149=ORIENTED_EDGE('',*,*,#2271,.T.);
#3150=ORIENTED_EDGE('',*,*,#2383,.F.);
#3151=ORIENTED_EDGE('',*,*,#2384,.T.);
#3152=ORIENTED_EDGE('',*,*,#2385,.T.);
#3153=ORIENTED_EDGE('',*,*,#2272,.T.);
#3154=ORIENTED_EDGE('',*,*,#2385,.F.);
#3155=ORIENTED_EDGE('',*,*,#2386,.T.);
#3156=ORIENTED_EDGE('',*,*,#2379,.T.);
#3157=ORIENTED_EDGE('',*,*,#2387,.F.);
#3158=ORIENTED_EDGE('',*,*,#2388,.F.);
#3159=ORIENTED_EDGE('',*,*,#2389,.F.);
#3160=ORIENTED_EDGE('',*,*,#2390,.T.);
#3161=ORIENTED_EDGE('',*,*,#2391,.F.);
#3162=ORIENTED_EDGE('',*,*,#2390,.F.);
#3163=ORIENTED_EDGE('',*,*,#2392,.F.);
#3164=ORIENTED_EDGE('',*,*,#2393,.F.);
#3165=ORIENTED_EDGE('',*,*,#2394,.F.);
#3166=ORIENTED_EDGE('',*,*,#2395,.F.);
#3167=ORIENTED_EDGE('',*,*,#2396,.F.);
#3168=ORIENTED_EDGE('',*,*,#2397,.T.);
#3169=ORIENTED_EDGE('',*,*,#2398,.F.);
#3170=ORIENTED_EDGE('',*,*,#2388,.T.);
#3171=ORIENTED_EDGE('',*,*,#2395,.T.);
#3172=ORIENTED_EDGE('',*,*,#2387,.T.);
#3173=ORIENTED_EDGE('',*,*,#2391,.T.);
#3174=ORIENTED_EDGE('',*,*,#2399,.F.);
#3175=ORIENTED_EDGE('',*,*,#2400,.F.);
#3176=ORIENTED_EDGE('',*,*,#2336,.T.);
#3177=ORIENTED_EDGE('',*,*,#2401,.F.);
#3178=ORIENTED_EDGE('',*,*,#2402,.F.);
#3179=ORIENTED_EDGE('',*,*,#2394,.T.);
#3180=ORIENTED_EDGE('',*,*,#2403,.F.);
#3181=ORIENTED_EDGE('',*,*,#2404,.F.);
#3182=ORIENTED_EDGE('',*,*,#2399,.T.);
#3183=ORIENTED_EDGE('',*,*,#2337,.T.);
#3184=ORIENTED_EDGE('',*,*,#2400,.T.);
#3185=ORIENTED_EDGE('',*,*,#2404,.T.);
#3186=ORIENTED_EDGE('',*,*,#2405,.T.);
#3187=ORIENTED_EDGE('',*,*,#2406,.T.);
#3188=ORIENTED_EDGE('',*,*,#2407,.F.);
#3189=ORIENTED_EDGE('',*,*,#2408,.T.);
#3190=ORIENTED_EDGE('',*,*,#2405,.F.);
#3191=ORIENTED_EDGE('',*,*,#2396,.T.);
#3192=ORIENTED_EDGE('',*,*,#2402,.T.);
#3193=ORIENTED_EDGE('',*,*,#2409,.F.);
#3194=ORIENTED_EDGE('',*,*,#2410,.F.);
#3195=ORIENTED_EDGE('',*,*,#2411,.F.);
#3196=ORIENTED_EDGE('',*,*,#2412,.F.);
#3197=ORIENTED_EDGE('',*,*,#2413,.T.);
#3198=ORIENTED_EDGE('',*,*,#2338,.T.);
#3199=ORIENTED_EDGE('',*,*,#2406,.F.);
#3200=ORIENTED_EDGE('',*,*,#2408,.F.);
#3201=ORIENTED_EDGE('',*,*,#2413,.F.);
#3202=ORIENTED_EDGE('',*,*,#2414,.F.);
#3203=ORIENTED_EDGE('',*,*,#2339,.T.);
#3204=ORIENTED_EDGE('',*,*,#2414,.T.);
#3205=ORIENTED_EDGE('',*,*,#2412,.T.);
#3206=ORIENTED_EDGE('',*,*,#2409,.T.);
#3207=ORIENTED_EDGE('',*,*,#2401,.T.);
#3208=ORIENTED_EDGE('',*,*,#2380,.F.);
#3209=ORIENTED_EDGE('',*,*,#2386,.F.);
#3210=ORIENTED_EDGE('',*,*,#2384,.F.);
#3211=ORIENTED_EDGE('',*,*,#2382,.F.);
#3212=ORIENTED_EDGE('',*,*,#2398,.T.);
#3213=ORIENTED_EDGE('',*,*,#2415,.T.);
#3214=ORIENTED_EDGE('',*,*,#2392,.T.);
#3215=ORIENTED_EDGE('',*,*,#2389,.T.);
#3216=ORIENTED_EDGE('',*,*,#2397,.F.);
#3217=ORIENTED_EDGE('',*,*,#2410,.T.);
#3218=ORIENTED_EDGE('',*,*,#2411,.T.);
#3219=ORIENTED_EDGE('',*,*,#2407,.T.);
#3220=ORIENTED_EDGE('',*,*,#2403,.T.);
#3221=ORIENTED_EDGE('',*,*,#2393,.T.);
#3222=ORIENTED_EDGE('',*,*,#2415,.F.);
#3223=ORIENTED_EDGE('',*,*,#2378,.F.);
#3224=ORIENTED_EDGE('',*,*,#2268,.T.);
#3225=ORIENTED_EDGE('',*,*,#2416,.F.);
#3226=ORIENTED_EDGE('',*,*,#2417,.T.);
#3227=ORIENTED_EDGE('',*,*,#2418,.T.);
#3228=ORIENTED_EDGE('',*,*,#2264,.T.);
#3229=ORIENTED_EDGE('',*,*,#2419,.T.);
#3230=ORIENTED_EDGE('',*,*,#2274,.T.);
#3231=ORIENTED_EDGE('',*,*,#2265,.T.);
#3232=ORIENTED_EDGE('',*,*,#2418,.F.);
#3233=ORIENTED_EDGE('',*,*,#2420,.T.);
#3234=ORIENTED_EDGE('',*,*,#2421,.T.);
#3235=ORIENTED_EDGE('',*,*,#2266,.T.);
#3236=ORIENTED_EDGE('',*,*,#2421,.F.);
#3237=ORIENTED_EDGE('',*,*,#2422,.T.);
#3238=ORIENTED_EDGE('',*,*,#2423,.T.);
#3239=ORIENTED_EDGE('',*,*,#2267,.T.);
#3240=ORIENTED_EDGE('',*,*,#2423,.F.);
#3241=ORIENTED_EDGE('',*,*,#2424,.T.);
#3242=ORIENTED_EDGE('',*,*,#2416,.T.);
#3243=ORIENTED_EDGE('',*,*,#2425,.F.);
#3244=ORIENTED_EDGE('',*,*,#2426,.F.);
#3245=ORIENTED_EDGE('',*,*,#2427,.F.);
#3246=ORIENTED_EDGE('',*,*,#2428,.T.);
#3247=ORIENTED_EDGE('',*,*,#2429,.F.);
#3248=ORIENTED_EDGE('',*,*,#2428,.F.);
#3249=ORIENTED_EDGE('',*,*,#2430,.F.);
#3250=ORIENTED_EDGE('',*,*,#2431,.F.);
#3251=ORIENTED_EDGE('',*,*,#2432,.F.);
#3252=ORIENTED_EDGE('',*,*,#2433,.F.);
#3253=ORIENTED_EDGE('',*,*,#2434,.F.);
#3254=ORIENTED_EDGE('',*,*,#2435,.T.);
#3255=ORIENTED_EDGE('',*,*,#2436,.F.);
#3256=ORIENTED_EDGE('',*,*,#2426,.T.);
#3257=ORIENTED_EDGE('',*,*,#2433,.T.);
#3258=ORIENTED_EDGE('',*,*,#2425,.T.);
#3259=ORIENTED_EDGE('',*,*,#2429,.T.);
#3260=ORIENTED_EDGE('',*,*,#2437,.F.);
#3261=ORIENTED_EDGE('',*,*,#2438,.F.);
#3262=ORIENTED_EDGE('',*,*,#2328,.T.);
#3263=ORIENTED_EDGE('',*,*,#2439,.F.);
#3264=ORIENTED_EDGE('',*,*,#2440,.F.);
#3265=ORIENTED_EDGE('',*,*,#2432,.T.);
#3266=ORIENTED_EDGE('',*,*,#2441,.F.);
#3267=ORIENTED_EDGE('',*,*,#2442,.F.);
#3268=ORIENTED_EDGE('',*,*,#2437,.T.);
#3269=ORIENTED_EDGE('',*,*,#2329,.T.);
#3270=ORIENTED_EDGE('',*,*,#2438,.T.);
#3271=ORIENTED_EDGE('',*,*,#2442,.T.);
#3272=ORIENTED_EDGE('',*,*,#2443,.T.);
#3273=ORIENTED_EDGE('',*,*,#2444,.T.);
#3274=ORIENTED_EDGE('',*,*,#2445,.F.);
#3275=ORIENTED_EDGE('',*,*,#2446,.T.);
#3276=ORIENTED_EDGE('',*,*,#2443,.F.);
#3277=ORIENTED_EDGE('',*,*,#2434,.T.);
#3278=ORIENTED_EDGE('',*,*,#2440,.T.);
#3279=ORIENTED_EDGE('',*,*,#2447,.F.);
#3280=ORIENTED_EDGE('',*,*,#2448,.F.);
#3281=ORIENTED_EDGE('',*,*,#2449,.F.);
#3282=ORIENTED_EDGE('',*,*,#2450,.F.);
#3283=ORIENTED_EDGE('',*,*,#2451,.T.);
#3284=ORIENTED_EDGE('',*,*,#2330,.T.);
#3285=ORIENTED_EDGE('',*,*,#2444,.F.);
#3286=ORIENTED_EDGE('',*,*,#2446,.F.);
#3287=ORIENTED_EDGE('',*,*,#2451,.F.);
#3288=ORIENTED_EDGE('',*,*,#2452,.F.);
#3289=ORIENTED_EDGE('',*,*,#2331,.T.);
#3290=ORIENTED_EDGE('',*,*,#2452,.T.);
#3291=ORIENTED_EDGE('',*,*,#2450,.T.);
#3292=ORIENTED_EDGE('',*,*,#2447,.T.);
#3293=ORIENTED_EDGE('',*,*,#2439,.T.);
#3294=ORIENTED_EDGE('',*,*,#2417,.F.);
#3295=ORIENTED_EDGE('',*,*,#2424,.F.);
#3296=ORIENTED_EDGE('',*,*,#2422,.F.);
#3297=ORIENTED_EDGE('',*,*,#2420,.F.);
#3298=ORIENTED_EDGE('',*,*,#2436,.T.);
#3299=ORIENTED_EDGE('',*,*,#2453,.T.);
#3300=ORIENTED_EDGE('',*,*,#2430,.T.);
#3301=ORIENTED_EDGE('',*,*,#2427,.T.);
#3302=ORIENTED_EDGE('',*,*,#2435,.F.);
#3303=ORIENTED_EDGE('',*,*,#2448,.T.);
#3304=ORIENTED_EDGE('',*,*,#2449,.T.);
#3305=ORIENTED_EDGE('',*,*,#2445,.T.);
#3306=ORIENTED_EDGE('',*,*,#2441,.T.);
#3307=ORIENTED_EDGE('',*,*,#2431,.T.);
#3308=ORIENTED_EDGE('',*,*,#2453,.F.);
#3309=ORIENTED_EDGE('',*,*,#2260,.F.);
#3310=ORIENTED_EDGE('',*,*,#2454,.F.);
#3311=ORIENTED_EDGE('',*,*,#2455,.T.);
#3312=ORIENTED_EDGE('',*,*,#2456,.T.);
#3313=ORIENTED_EDGE('',*,*,#2261,.F.);
#3314=ORIENTED_EDGE('',*,*,#2456,.F.);
#3315=ORIENTED_EDGE('',*,*,#2457,.T.);
#3316=ORIENTED_EDGE('',*,*,#2458,.T.);
#3317=ORIENTED_EDGE('',*,*,#2262,.F.);
#3318=ORIENTED_EDGE('',*,*,#2458,.F.);
#3319=ORIENTED_EDGE('',*,*,#2459,.T.);
#3320=ORIENTED_EDGE('',*,*,#2460,.T.);
#3321=ORIENTED_EDGE('',*,*,#2340,.F.);
#3322=ORIENTED_EDGE('',*,*,#2275,.F.);
#3323=ORIENTED_EDGE('',*,*,#2419,.F.);
#3324=ORIENTED_EDGE('',*,*,#2263,.F.);
#3325=ORIENTED_EDGE('',*,*,#2460,.F.);
#3326=ORIENTED_EDGE('',*,*,#2461,.T.);
#3327=ORIENTED_EDGE('',*,*,#2454,.T.);
#3328=ORIENTED_EDGE('',*,*,#2259,.F.);
#3329=ORIENTED_EDGE('',*,*,#2462,.F.);
#3330=ORIENTED_EDGE('',*,*,#2463,.F.);
#3331=ORIENTED_EDGE('',*,*,#2464,.F.);
#3332=ORIENTED_EDGE('',*,*,#2465,.T.);
#3333=ORIENTED_EDGE('',*,*,#2466,.F.);
#3334=ORIENTED_EDGE('',*,*,#2465,.F.);
#3335=ORIENTED_EDGE('',*,*,#2467,.F.);
#3336=ORIENTED_EDGE('',*,*,#2468,.F.);
#3337=ORIENTED_EDGE('',*,*,#2469,.F.);
#3338=ORIENTED_EDGE('',*,*,#2470,.F.);
#3339=ORIENTED_EDGE('',*,*,#2471,.F.);
#3340=ORIENTED_EDGE('',*,*,#2472,.T.);
#3341=ORIENTED_EDGE('',*,*,#2473,.F.);
#3342=ORIENTED_EDGE('',*,*,#2463,.T.);
#3343=ORIENTED_EDGE('',*,*,#2470,.T.);
#3344=ORIENTED_EDGE('',*,*,#2462,.T.);
#3345=ORIENTED_EDGE('',*,*,#2466,.T.);
#3346=ORIENTED_EDGE('',*,*,#2474,.F.);
#3347=ORIENTED_EDGE('',*,*,#2475,.F.);
#3348=ORIENTED_EDGE('',*,*,#2334,.F.);
#3349=ORIENTED_EDGE('',*,*,#2476,.F.);
#3350=ORIENTED_EDGE('',*,*,#2477,.F.);
#3351=ORIENTED_EDGE('',*,*,#2469,.T.);
#3352=ORIENTED_EDGE('',*,*,#2478,.F.);
#3353=ORIENTED_EDGE('',*,*,#2479,.F.);
#3354=ORIENTED_EDGE('',*,*,#2474,.T.);
#3355=ORIENTED_EDGE('',*,*,#2335,.F.);
#3356=ORIENTED_EDGE('',*,*,#2475,.T.);
#3357=ORIENTED_EDGE('',*,*,#2479,.T.);
#3358=ORIENTED_EDGE('',*,*,#2480,.T.);
#3359=ORIENTED_EDGE('',*,*,#2481,.T.);
#3360=ORIENTED_EDGE('',*,*,#2482,.F.);
#3361=ORIENTED_EDGE('',*,*,#2483,.T.);
#3362=ORIENTED_EDGE('',*,*,#2480,.F.);
#3363=ORIENTED_EDGE('',*,*,#2471,.T.);
#3364=ORIENTED_EDGE('',*,*,#2477,.T.);
#3365=ORIENTED_EDGE('',*,*,#2484,.F.);
#3366=ORIENTED_EDGE('',*,*,#2485,.F.);
#3367=ORIENTED_EDGE('',*,*,#2486,.F.);
#3368=ORIENTED_EDGE('',*,*,#2487,.F.);
#3369=ORIENTED_EDGE('',*,*,#2488,.T.);
#3370=ORIENTED_EDGE('',*,*,#2332,.F.);
#3371=ORIENTED_EDGE('',*,*,#2481,.F.);
#3372=ORIENTED_EDGE('',*,*,#2483,.F.);
#3373=ORIENTED_EDGE('',*,*,#2488,.F.);
#3374=ORIENTED_EDGE('',*,*,#2489,.F.);
#3375=ORIENTED_EDGE('',*,*,#2333,.F.);
#3376=ORIENTED_EDGE('',*,*,#2489,.T.);
#3377=ORIENTED_EDGE('',*,*,#2487,.T.);
#3378=ORIENTED_EDGE('',*,*,#2484,.T.);
#3379=ORIENTED_EDGE('',*,*,#2476,.T.);
#3380=ORIENTED_EDGE('',*,*,#2461,.F.);
#3381=ORIENTED_EDGE('',*,*,#2459,.F.);
#3382=ORIENTED_EDGE('',*,*,#2457,.F.);
#3383=ORIENTED_EDGE('',*,*,#2455,.F.);
#3384=ORIENTED_EDGE('',*,*,#2473,.T.);
#3385=ORIENTED_EDGE('',*,*,#2490,.T.);
#3386=ORIENTED_EDGE('',*,*,#2467,.T.);
#3387=ORIENTED_EDGE('',*,*,#2464,.T.);
#3388=ORIENTED_EDGE('',*,*,#2472,.F.);
#3389=ORIENTED_EDGE('',*,*,#2485,.T.);
#3390=ORIENTED_EDGE('',*,*,#2486,.T.);
#3391=ORIENTED_EDGE('',*,*,#2482,.T.);
#3392=ORIENTED_EDGE('',*,*,#2478,.T.);
#3393=ORIENTED_EDGE('',*,*,#2468,.T.);
#3394=ORIENTED_EDGE('',*,*,#2490,.F.);
#3395=ORIENTED_EDGE('',*,*,#2228,.T.);
#3396=ORIENTED_EDGE('',*,*,#2491,.T.);
#3397=ORIENTED_EDGE('',*,*,#2492,.F.);
#3398=ORIENTED_EDGE('',*,*,#2493,.T.);
#3399=ORIENTED_EDGE('',*,*,#2494,.F.);
#3400=ORIENTED_EDGE('',*,*,#2319,.T.);
#3401=ORIENTED_EDGE('',*,*,#2225,.F.);
#3402=ORIENTED_EDGE('',*,*,#2238,.T.);
#3403=ORIENTED_EDGE('',*,*,#2236,.F.);
#3404=ORIENTED_EDGE('',*,*,#2323,.T.);
#3405=ORIENTED_EDGE('',*,*,#2495,.F.);
#3406=ORIENTED_EDGE('',*,*,#2496,.T.);
#3407=ORIENTED_EDGE('',*,*,#2497,.F.);
#3408=ORIENTED_EDGE('',*,*,#2498,.T.);
#3409=ORIENTED_EDGE('',*,*,#2499,.F.);
#3410=ORIENTED_EDGE('',*,*,#2500,.F.);
#3411=ORIENTED_EDGE('',*,*,#2501,.T.);
#3412=ORIENTED_EDGE('',*,*,#2502,.F.);
#3413=ORIENTED_EDGE('',*,*,#2503,.F.);
#3414=ORIENTED_EDGE('',*,*,#2504,.F.);
#3415=ORIENTED_EDGE('',*,*,#2505,.F.);
#3416=ORIENTED_EDGE('',*,*,#2501,.F.);
#3417=ORIENTED_EDGE('',*,*,#2506,.F.);
#3418=ORIENTED_EDGE('',*,*,#2507,.T.);
#3419=ORIENTED_EDGE('',*,*,#2508,.F.);
#3420=ORIENTED_EDGE('',*,*,#2509,.F.);
#3421=ORIENTED_EDGE('',*,*,#2510,.F.);
#3422=ORIENTED_EDGE('',*,*,#2511,.F.);
#3423=ORIENTED_EDGE('',*,*,#2507,.F.);
#3424=ORIENTED_EDGE('',*,*,#2512,.F.);
#3425=ORIENTED_EDGE('',*,*,#2513,.F.);
#3426=ORIENTED_EDGE('',*,*,#2514,.F.);
#3427=ORIENTED_EDGE('',*,*,#2515,.F.);
#3428=ORIENTED_EDGE('',*,*,#2516,.F.);
#3429=ORIENTED_EDGE('',*,*,#2517,.T.);
#3430=ORIENTED_EDGE('',*,*,#2518,.F.);
#3431=ORIENTED_EDGE('',*,*,#2519,.F.);
#3432=ORIENTED_EDGE('',*,*,#2520,.F.);
#3433=ORIENTED_EDGE('',*,*,#2521,.T.);
#3434=ORIENTED_EDGE('',*,*,#2522,.F.);
#3435=ORIENTED_EDGE('',*,*,#2523,.F.);
#3436=ORIENTED_EDGE('',*,*,#2524,.F.);
#3437=ORIENTED_EDGE('',*,*,#2525,.F.);
#3438=ORIENTED_EDGE('',*,*,#2526,.T.);
#3439=ORIENTED_EDGE('',*,*,#2527,.F.);
#3440=ORIENTED_EDGE('',*,*,#2517,.F.);
#3441=ORIENTED_EDGE('',*,*,#2528,.F.);
#3442=ORIENTED_EDGE('',*,*,#2521,.F.);
#3443=ORIENTED_EDGE('',*,*,#2529,.F.);
#3444=ORIENTED_EDGE('',*,*,#2530,.T.);
#3445=ORIENTED_EDGE('',*,*,#2531,.F.);
#3446=ORIENTED_EDGE('',*,*,#2532,.F.);
#3447=ORIENTED_EDGE('',*,*,#2526,.F.);
#3448=ORIENTED_EDGE('',*,*,#2533,.F.);
#3449=ORIENTED_EDGE('',*,*,#2534,.F.);
#3450=ORIENTED_EDGE('',*,*,#2535,.F.);
#3451=ORIENTED_EDGE('',*,*,#2536,.F.);
#3452=ORIENTED_EDGE('',*,*,#2537,.F.);
#3453=ORIENTED_EDGE('',*,*,#2538,.F.);
#3454=ORIENTED_EDGE('',*,*,#2539,.F.);
#3455=ORIENTED_EDGE('',*,*,#2530,.F.);
#3456=ORIENTED_EDGE('',*,*,#2540,.F.);
#3457=ORIENTED_EDGE('',*,*,#2508,.T.);
#3458=ORIENTED_EDGE('',*,*,#2541,.T.);
#3459=ORIENTED_EDGE('',*,*,#2542,.T.);
#3460=ORIENTED_EDGE('',*,*,#2543,.T.);
#3461=ORIENTED_EDGE('',*,*,#2499,.T.);
#3462=ORIENTED_EDGE('',*,*,#2544,.T.);
#3463=ORIENTED_EDGE('',*,*,#2545,.T.);
#3464=ORIENTED_EDGE('',*,*,#2546,.T.);
#3465=ORIENTED_EDGE('',*,*,#2503,.T.);
#3466=ORIENTED_EDGE('',*,*,#2547,.T.);
#3467=ORIENTED_EDGE('',*,*,#2548,.T.);
#3468=ORIENTED_EDGE('',*,*,#2549,.T.);
#3469=ORIENTED_EDGE('',*,*,#2510,.T.);
#3470=ORIENTED_EDGE('',*,*,#2550,.T.);
#3471=ORIENTED_EDGE('',*,*,#2551,.T.);
#3472=ORIENTED_EDGE('',*,*,#2552,.T.);
#3473=ORIENTED_EDGE('',*,*,#2509,.T.);
#3474=ORIENTED_EDGE('',*,*,#2543,.F.);
#3475=ORIENTED_EDGE('',*,*,#2553,.F.);
#3476=ORIENTED_EDGE('',*,*,#2550,.F.);
#3477=ORIENTED_EDGE('',*,*,#2504,.T.);
#3478=ORIENTED_EDGE('',*,*,#2549,.F.);
#3479=ORIENTED_EDGE('',*,*,#2554,.F.);
#3480=ORIENTED_EDGE('',*,*,#2544,.F.);
#3481=ORIENTED_EDGE('',*,*,#2536,.T.);
#3482=ORIENTED_EDGE('',*,*,#2555,.T.);
#3483=ORIENTED_EDGE('',*,*,#2556,.T.);
#3484=ORIENTED_EDGE('',*,*,#2557,.T.);
#3485=ORIENTED_EDGE('',*,*,#2519,.T.);
#3486=ORIENTED_EDGE('',*,*,#2558,.T.);
#3487=ORIENTED_EDGE('',*,*,#2559,.T.);
#3488=ORIENTED_EDGE('',*,*,#2560,.T.);
#3489=ORIENTED_EDGE('',*,*,#2522,.T.);
#3490=ORIENTED_EDGE('',*,*,#2528,.T.);
#3491=ORIENTED_EDGE('',*,*,#2539,.T.);
#3492=ORIENTED_EDGE('',*,*,#2561,.F.);
#3493=ORIENTED_EDGE('',*,*,#2562,.F.);
#3494=ORIENTED_EDGE('',*,*,#2563,.F.);
#3495=ORIENTED_EDGE('',*,*,#2564,.F.);
#3496=ORIENTED_EDGE('',*,*,#2565,.F.);
#3497=ORIENTED_EDGE('',*,*,#2566,.F.);
#3498=ORIENTED_EDGE('',*,*,#2567,.F.);
#3499=ORIENTED_EDGE('',*,*,#2537,.T.);
#3500=ORIENTED_EDGE('',*,*,#2557,.F.);
#3501=ORIENTED_EDGE('',*,*,#2568,.F.);
#3502=ORIENTED_EDGE('',*,*,#2569,.F.);
#3503=ORIENTED_EDGE('',*,*,#2524,.T.);
#3504=ORIENTED_EDGE('',*,*,#2570,.F.);
#3505=ORIENTED_EDGE('',*,*,#2571,.F.);
#3506=ORIENTED_EDGE('',*,*,#2558,.F.);
#3507=ORIENTED_EDGE('',*,*,#2538,.T.);
#3508=ORIENTED_EDGE('',*,*,#2569,.T.);
#3509=ORIENTED_EDGE('',*,*,#2572,.T.);
#3510=ORIENTED_EDGE('',*,*,#2561,.T.);
#3511=ORIENTED_EDGE('',*,*,#2518,.T.);
#3512=ORIENTED_EDGE('',*,*,#2527,.T.);
#3513=ORIENTED_EDGE('',*,*,#2532,.T.);
#3514=ORIENTED_EDGE('',*,*,#2573,.F.);
#3515=ORIENTED_EDGE('',*,*,#2574,.F.);
#3516=ORIENTED_EDGE('',*,*,#2575,.F.);
#3517=ORIENTED_EDGE('',*,*,#2576,.F.);
#3518=ORIENTED_EDGE('',*,*,#2577,.F.);
#3519=ORIENTED_EDGE('',*,*,#2531,.T.);
#3520=ORIENTED_EDGE('',*,*,#2578,.T.);
#3521=ORIENTED_EDGE('',*,*,#2579,.T.);
#3522=ORIENTED_EDGE('',*,*,#2573,.T.);
#3523=ORIENTED_EDGE('',*,*,#2535,.T.);
#3524=ORIENTED_EDGE('',*,*,#2580,.F.);
#3525=ORIENTED_EDGE('',*,*,#2581,.F.);
#3526=ORIENTED_EDGE('',*,*,#2578,.F.);
#3527=ORIENTED_EDGE('',*,*,#2534,.T.);
#3528=ORIENTED_EDGE('',*,*,#2582,.T.);
#3529=ORIENTED_EDGE('',*,*,#2583,.T.);
#3530=ORIENTED_EDGE('',*,*,#2580,.T.);
#3531=ORIENTED_EDGE('',*,*,#2515,.T.);
#3532=ORIENTED_EDGE('',*,*,#2584,.T.);
#3533=ORIENTED_EDGE('',*,*,#2585,.T.);
#3534=ORIENTED_EDGE('',*,*,#2586,.T.);
#3535=ORIENTED_EDGE('',*,*,#2542,.F.);
#3536=ORIENTED_EDGE('',*,*,#2587,.T.);
#3537=ORIENTED_EDGE('',*,*,#2559,.F.);
#3538=ORIENTED_EDGE('',*,*,#2571,.T.);
#3539=ORIENTED_EDGE('',*,*,#2588,.F.);
#3540=ORIENTED_EDGE('',*,*,#2566,.T.);
#3541=ORIENTED_EDGE('',*,*,#2589,.T.);
#3542=ORIENTED_EDGE('',*,*,#2590,.T.);
#3543=ORIENTED_EDGE('',*,*,#2591,.T.);
#3544=ORIENTED_EDGE('',*,*,#2592,.T.);
#3545=ORIENTED_EDGE('',*,*,#2593,.T.);
#3546=ORIENTED_EDGE('',*,*,#2594,.F.);
#3547=ORIENTED_EDGE('',*,*,#2595,.T.);
#3548=ORIENTED_EDGE('',*,*,#2551,.F.);
#3549=ORIENTED_EDGE('',*,*,#2553,.T.);
#3550=ORIENTED_EDGE('',*,*,#2523,.T.);
#3551=ORIENTED_EDGE('',*,*,#2567,.T.);
#3552=ORIENTED_EDGE('',*,*,#2588,.T.);
#3553=ORIENTED_EDGE('',*,*,#2570,.T.);
#3554=ORIENTED_EDGE('',*,*,#2500,.T.);
#3555=ORIENTED_EDGE('',*,*,#2546,.F.);
#3556=ORIENTED_EDGE('',*,*,#2596,.F.);
#3557=ORIENTED_EDGE('',*,*,#2555,.F.);
#3558=ORIENTED_EDGE('',*,*,#2540,.T.);
#3559=ORIENTED_EDGE('',*,*,#2529,.T.);
#3560=ORIENTED_EDGE('',*,*,#2520,.T.);
#3561=ORIENTED_EDGE('',*,*,#2560,.F.);
#3562=ORIENTED_EDGE('',*,*,#2587,.F.);
#3563=ORIENTED_EDGE('',*,*,#2541,.F.);
#3564=ORIENTED_EDGE('',*,*,#2512,.T.);
#3565=ORIENTED_EDGE('',*,*,#2506,.T.);
#3566=ORIENTED_EDGE('',*,*,#2514,.T.);
#3567=ORIENTED_EDGE('',*,*,#2597,.F.);
#3568=ORIENTED_EDGE('',*,*,#2598,.F.);
#3569=ORIENTED_EDGE('',*,*,#2584,.F.);
#3570=ORIENTED_EDGE('',*,*,#2599,.T.);
#3571=ORIENTED_EDGE('',*,*,#2600,.T.);
#3572=ORIENTED_EDGE('',*,*,#2601,.T.);
#3573=ORIENTED_EDGE('',*,*,#2602,.T.);
#3574=ORIENTED_EDGE('',*,*,#2602,.F.);
#3575=ORIENTED_EDGE('',*,*,#2603,.F.);
#3576=ORIENTED_EDGE('',*,*,#2604,.F.);
#3577=ORIENTED_EDGE('',*,*,#2605,.F.);
#3578=ORIENTED_EDGE('',*,*,#2606,.F.);
#3579=ORIENTED_EDGE('',*,*,#2496,.F.);
#3580=ORIENTED_EDGE('',*,*,#2607,.F.);
#3581=ORIENTED_EDGE('',*,*,#2608,.F.);
#3582=ORIENTED_EDGE('',*,*,#2609,.T.);
#3583=ORIENTED_EDGE('',*,*,#2610,.T.);
#3584=ORIENTED_EDGE('',*,*,#2611,.T.);
#3585=ORIENTED_EDGE('',*,*,#2612,.T.);
#3586=ORIENTED_EDGE('',*,*,#2600,.F.);
#3587=ORIENTED_EDGE('',*,*,#2613,.F.);
#3588=ORIENTED_EDGE('',*,*,#2612,.F.);
#3589=ORIENTED_EDGE('',*,*,#2614,.F.);
#3590=ORIENTED_EDGE('',*,*,#2615,.F.);
#3591=ORIENTED_EDGE('',*,*,#2616,.T.);
#3592=ORIENTED_EDGE('',*,*,#2617,.T.);
#3593=ORIENTED_EDGE('',*,*,#2618,.F.);
#3594=ORIENTED_EDGE('',*,*,#2619,.T.);
#3595=ORIENTED_EDGE('',*,*,#2620,.T.);
#3596=ORIENTED_EDGE('',*,*,#2621,.T.);
#3597=ORIENTED_EDGE('',*,*,#2622,.T.);
#3598=ORIENTED_EDGE('',*,*,#2619,.F.);
#3599=ORIENTED_EDGE('',*,*,#2623,.T.);
#3600=ORIENTED_EDGE('',*,*,#2624,.T.);
#3601=ORIENTED_EDGE('',*,*,#2625,.T.);
#3602=ORIENTED_EDGE('',*,*,#2626,.T.);
#3603=ORIENTED_EDGE('',*,*,#2610,.F.);
#3604=ORIENTED_EDGE('',*,*,#2627,.F.);
#3605=ORIENTED_EDGE('',*,*,#2628,.F.);
#3606=ORIENTED_EDGE('',*,*,#2493,.F.);
#3607=ORIENTED_EDGE('',*,*,#2629,.F.);
#3608=ORIENTED_EDGE('',*,*,#2623,.F.);
#3609=ORIENTED_EDGE('',*,*,#2622,.F.);
#3610=ORIENTED_EDGE('',*,*,#2630,.F.);
#3611=ORIENTED_EDGE('',*,*,#2492,.T.);
#3612=ORIENTED_EDGE('',*,*,#2631,.T.);
#3613=ORIENTED_EDGE('',*,*,#2624,.F.);
#3614=ORIENTED_EDGE('',*,*,#2629,.T.);
#3615=ORIENTED_EDGE('',*,*,#2494,.T.);
#3616=ORIENTED_EDGE('',*,*,#2628,.T.);
#3617=ORIENTED_EDGE('',*,*,#2632,.T.);
#3618=ORIENTED_EDGE('',*,*,#2320,.T.);
#3619=ORIENTED_EDGE('',*,*,#2495,.T.);
#3620=ORIENTED_EDGE('',*,*,#2322,.T.);
#3621=ORIENTED_EDGE('',*,*,#2633,.T.);
#3622=ORIENTED_EDGE('',*,*,#2607,.T.);
#3623=ORIENTED_EDGE('',*,*,#2634,.T.);
#3624=ORIENTED_EDGE('',*,*,#2604,.T.);
#3625=ORIENTED_EDGE('',*,*,#2635,.T.);
#3626=ORIENTED_EDGE('',*,*,#2636,.T.);
#3627=ORIENTED_EDGE('',*,*,#2636,.F.);
#3628=ORIENTED_EDGE('',*,*,#2637,.F.);
#3629=ORIENTED_EDGE('',*,*,#2638,.F.);
#3630=ORIENTED_EDGE('',*,*,#2593,.F.);
#3631=ORIENTED_EDGE('',*,*,#2639,.F.);
#3632=ORIENTED_EDGE('',*,*,#2640,.F.);
#3633=ORIENTED_EDGE('',*,*,#2641,.T.);
#3634=ORIENTED_EDGE('',*,*,#2642,.F.);
#3635=ORIENTED_EDGE('',*,*,#2643,.T.);
#3636=ORIENTED_EDGE('',*,*,#2644,.F.);
#3637=ORIENTED_EDGE('',*,*,#2497,.T.);
#3638=ORIENTED_EDGE('',*,*,#2606,.T.);
#3639=ORIENTED_EDGE('',*,*,#2645,.T.);
#3640=ORIENTED_EDGE('',*,*,#2646,.T.);
#3641=ORIENTED_EDGE('',*,*,#2647,.T.);
#3642=ORIENTED_EDGE('',*,*,#2575,.T.);
#3643=ORIENTED_EDGE('',*,*,#2648,.T.);
#3644=ORIENTED_EDGE('',*,*,#2649,.T.);
#3645=ORIENTED_EDGE('',*,*,#2620,.F.);
#3646=ORIENTED_EDGE('',*,*,#2626,.F.);
#3647=ORIENTED_EDGE('',*,*,#2650,.T.);
#3648=ORIENTED_EDGE('',*,*,#2651,.F.);
#3649=ORIENTED_EDGE('',*,*,#2652,.T.);
#3650=ORIENTED_EDGE('',*,*,#2653,.F.);
#3651=ORIENTED_EDGE('',*,*,#2654,.F.);
#3652=ORIENTED_EDGE('',*,*,#2591,.F.);
#3653=ORIENTED_EDGE('',*,*,#2655,.F.);
#3654=ORIENTED_EDGE('',*,*,#2656,.F.);
#3655=ORIENTED_EDGE('',*,*,#2657,.F.);
#3656=ORIENTED_EDGE('',*,*,#2658,.F.);
#3657=ORIENTED_EDGE('',*,*,#2659,.T.);
#3658=ORIENTED_EDGE('',*,*,#2660,.F.);
#3659=ORIENTED_EDGE('',*,*,#2649,.F.);
#3660=ORIENTED_EDGE('',*,*,#2661,.F.);
#3661=ORIENTED_EDGE('',*,*,#2513,.T.);
#3662=ORIENTED_EDGE('',*,*,#2577,.T.);
#3663=ORIENTED_EDGE('',*,*,#2662,.T.);
#3664=ORIENTED_EDGE('',*,*,#2597,.T.);
#3665=ORIENTED_EDGE('',*,*,#2594,.T.);
#3666=ORIENTED_EDGE('',*,*,#2638,.T.);
#3667=ORIENTED_EDGE('',*,*,#2663,.T.);
#3668=ORIENTED_EDGE('',*,*,#2664,.T.);
#3669=ORIENTED_EDGE('',*,*,#2665,.T.);
#3670=ORIENTED_EDGE('',*,*,#2666,.T.);
#3671=ORIENTED_EDGE('',*,*,#2658,.T.);
#3672=ORIENTED_EDGE('',*,*,#2667,.T.);
#3673=ORIENTED_EDGE('',*,*,#2666,.F.);
#3674=ORIENTED_EDGE('',*,*,#2668,.T.);
#3675=ORIENTED_EDGE('',*,*,#2669,.F.);
#3676=ORIENTED_EDGE('',*,*,#2659,.F.);
#3677=ORIENTED_EDGE('',*,*,#2656,.T.);
#3678=ORIENTED_EDGE('',*,*,#2670,.T.);
#3679=ORIENTED_EDGE('',*,*,#2671,.T.);
#3680=ORIENTED_EDGE('',*,*,#2672,.T.);
#3681=ORIENTED_EDGE('',*,*,#2670,.F.);
#3682=ORIENTED_EDGE('',*,*,#2655,.T.);
#3683=ORIENTED_EDGE('',*,*,#2590,.F.);
#3684=ORIENTED_EDGE('',*,*,#2673,.F.);
#3685=ORIENTED_EDGE('',*,*,#2674,.F.);
#3686=ORIENTED_EDGE('',*,*,#2675,.T.);
#3687=ORIENTED_EDGE('',*,*,#2676,.T.);
#3688=ORIENTED_EDGE('',*,*,#2677,.T.);
#3689=ORIENTED_EDGE('',*,*,#2675,.F.);
#3690=ORIENTED_EDGE('',*,*,#2678,.F.);
#3691=ORIENTED_EDGE('',*,*,#2679,.F.);
#3692=ORIENTED_EDGE('',*,*,#2680,.F.);
#3693=ORIENTED_EDGE('',*,*,#2681,.F.);
#3694=ORIENTED_EDGE('',*,*,#2564,.T.);
#3695=ORIENTED_EDGE('',*,*,#2682,.T.);
#3696=ORIENTED_EDGE('',*,*,#2679,.T.);
#3697=ORIENTED_EDGE('',*,*,#2674,.T.);
#3698=ORIENTED_EDGE('',*,*,#2683,.F.);
#3699=ORIENTED_EDGE('',*,*,#2684,.F.);
#3700=ORIENTED_EDGE('',*,*,#2668,.F.);
#3701=ORIENTED_EDGE('',*,*,#2665,.F.);
#3702=ORIENTED_EDGE('',*,*,#2685,.F.);
#3703=ORIENTED_EDGE('',*,*,#2671,.F.);
#3704=ORIENTED_EDGE('',*,*,#2673,.T.);
#3705=ORIENTED_EDGE('',*,*,#2589,.F.);
#3706=ORIENTED_EDGE('',*,*,#2565,.T.);
#3707=ORIENTED_EDGE('',*,*,#2681,.T.);
#3708=ORIENTED_EDGE('',*,*,#2678,.T.);
#3709=ORIENTED_EDGE('',*,*,#2686,.T.);
#3710=ORIENTED_EDGE('',*,*,#2676,.F.);
#3711=ORIENTED_EDGE('',*,*,#2680,.T.);
#3712=ORIENTED_EDGE('',*,*,#2682,.F.);
#3713=ORIENTED_EDGE('',*,*,#2563,.T.);
#3714=ORIENTED_EDGE('',*,*,#2687,.F.);
#3715=ORIENTED_EDGE('',*,*,#2688,.F.);
#3716=ORIENTED_EDGE('',*,*,#2689,.F.);
#3717=ORIENTED_EDGE('',*,*,#2615,.T.);
#3718=ORIENTED_EDGE('',*,*,#2690,.F.);
#3719=ORIENTED_EDGE('',*,*,#2691,.T.);
#3720=ORIENTED_EDGE('',*,*,#2690,.T.);
#3721=ORIENTED_EDGE('',*,*,#2614,.T.);
#3722=ORIENTED_EDGE('',*,*,#2611,.F.);
#3723=ORIENTED_EDGE('',*,*,#2630,.T.);
#3724=ORIENTED_EDGE('',*,*,#2621,.F.);
#3725=ORIENTED_EDGE('',*,*,#2661,.T.);
#3726=ORIENTED_EDGE('',*,*,#2648,.F.);
#3727=ORIENTED_EDGE('',*,*,#2574,.T.);
#3728=ORIENTED_EDGE('',*,*,#2579,.F.);
#3729=ORIENTED_EDGE('',*,*,#2581,.T.);
#3730=ORIENTED_EDGE('',*,*,#2583,.F.);
#3731=ORIENTED_EDGE('',*,*,#2562,.T.);
#3732=ORIENTED_EDGE('',*,*,#2572,.F.);
#3733=ORIENTED_EDGE('',*,*,#2568,.T.);
#3734=ORIENTED_EDGE('',*,*,#2556,.F.);
#3735=ORIENTED_EDGE('',*,*,#2596,.T.);
#3736=ORIENTED_EDGE('',*,*,#2545,.F.);
#3737=ORIENTED_EDGE('',*,*,#2554,.T.);
#3738=ORIENTED_EDGE('',*,*,#2548,.F.);
#3739=ORIENTED_EDGE('',*,*,#2692,.T.);
#3740=ORIENTED_EDGE('',*,*,#2663,.F.);
#3741=ORIENTED_EDGE('',*,*,#2637,.T.);
#3742=ORIENTED_EDGE('',*,*,#2635,.F.);
#3743=ORIENTED_EDGE('',*,*,#2603,.T.);
#3744=ORIENTED_EDGE('',*,*,#2601,.F.);
#3745=ORIENTED_EDGE('',*,*,#2618,.T.);
#3746=ORIENTED_EDGE('',*,*,#2693,.T.);
#3747=ORIENTED_EDGE('',*,*,#2694,.T.);
#3748=ORIENTED_EDGE('',*,*,#2687,.T.);
#3749=ORIENTED_EDGE('',*,*,#2516,.T.);
#3750=ORIENTED_EDGE('',*,*,#2586,.F.);
#3751=ORIENTED_EDGE('',*,*,#2695,.F.);
#3752=ORIENTED_EDGE('',*,*,#2683,.T.);
#3753=ORIENTED_EDGE('',*,*,#2677,.F.);
#3754=ORIENTED_EDGE('',*,*,#2686,.F.);
#3755=ORIENTED_EDGE('',*,*,#2691,.F.);
#3756=ORIENTED_EDGE('',*,*,#2582,.F.);
#3757=ORIENTED_EDGE('',*,*,#2533,.T.);
#3758=ORIENTED_EDGE('',*,*,#2525,.T.);
#3759=ORIENTED_EDGE('',*,*,#2585,.F.);
#3760=ORIENTED_EDGE('',*,*,#2598,.T.);
#3761=ORIENTED_EDGE('',*,*,#2662,.F.);
#3762=ORIENTED_EDGE('',*,*,#2576,.T.);
#3763=ORIENTED_EDGE('',*,*,#2647,.F.);
#3764=ORIENTED_EDGE('',*,*,#2660,.T.);
#3765=ORIENTED_EDGE('',*,*,#2669,.T.);
#3766=ORIENTED_EDGE('',*,*,#2684,.T.);
#3767=ORIENTED_EDGE('',*,*,#2695,.T.);
#3768=ORIENTED_EDGE('',*,*,#2511,.T.);
#3769=ORIENTED_EDGE('',*,*,#2552,.F.);
#3770=ORIENTED_EDGE('',*,*,#2595,.F.);
#3771=ORIENTED_EDGE('',*,*,#2664,.F.);
#3772=ORIENTED_EDGE('',*,*,#2692,.F.);
#3773=ORIENTED_EDGE('',*,*,#2547,.F.);
#3774=ORIENTED_EDGE('',*,*,#2502,.T.);
#3775=ORIENTED_EDGE('',*,*,#2505,.T.);
#3776=ORIENTED_EDGE('',*,*,#2667,.F.);
#3777=ORIENTED_EDGE('',*,*,#2657,.T.);
#3778=ORIENTED_EDGE('',*,*,#2672,.F.);
#3779=ORIENTED_EDGE('',*,*,#2685,.T.);
#3780=ORIENTED_EDGE('',*,*,#2634,.F.);
#3781=ORIENTED_EDGE('',*,*,#2644,.T.);
#3782=ORIENTED_EDGE('',*,*,#2696,.T.);
#3783=ORIENTED_EDGE('',*,*,#2645,.F.);
#3784=ORIENTED_EDGE('',*,*,#2605,.T.);
#3785=ORIENTED_EDGE('',*,*,#2599,.F.);
#3786=ORIENTED_EDGE('',*,*,#2608,.T.);
#3787=ORIENTED_EDGE('',*,*,#2633,.F.);
#3788=ORIENTED_EDGE('',*,*,#2321,.T.);
#3789=ORIENTED_EDGE('',*,*,#2632,.F.);
#3790=ORIENTED_EDGE('',*,*,#2627,.T.);
#3791=ORIENTED_EDGE('',*,*,#2609,.F.);
#3792=ORIENTED_EDGE('',*,*,#2613,.T.);
#3793=ORIENTED_EDGE('',*,*,#2239,.T.);
#3794=ORIENTED_EDGE('',*,*,#2498,.F.);
#3795=ORIENTED_EDGE('',*,*,#2646,.F.);
#3796=ORIENTED_EDGE('',*,*,#2696,.F.);
#3797=ORIENTED_EDGE('',*,*,#2643,.F.);
#3798=ORIENTED_EDGE('',*,*,#2697,.F.);
#3799=ORIENTED_EDGE('',*,*,#2698,.F.);
#3800=ORIENTED_EDGE('',*,*,#2699,.F.);
#3801=ORIENTED_EDGE('',*,*,#2700,.F.);
#3802=ORIENTED_EDGE('',*,*,#2701,.F.);
#3803=ORIENTED_EDGE('',*,*,#2702,.F.);
#3804=ORIENTED_EDGE('',*,*,#2703,.F.);
#3805=ORIENTED_EDGE('',*,*,#2650,.F.);
#3806=ORIENTED_EDGE('',*,*,#2625,.F.);
#3807=ORIENTED_EDGE('',*,*,#2631,.F.);
#3808=ORIENTED_EDGE('',*,*,#2491,.F.);
#3809=ORIENTED_EDGE('',*,*,#2227,.T.);
#3810=ORIENTED_EDGE('',*,*,#2211,.T.);
#3811=ORIENTED_EDGE('',*,*,#2220,.T.);
#3812=ORIENTED_EDGE('',*,*,#2243,.F.);
#3813=ORIENTED_EDGE('',*,*,#2700,.T.);
#3814=ORIENTED_EDGE('',*,*,#2704,.T.);
#3815=ORIENTED_EDGE('',*,*,#2705,.T.);
#3816=ORIENTED_EDGE('',*,*,#2706,.T.);
#3817=ORIENTED_EDGE('',*,*,#2707,.T.);
#3818=ORIENTED_EDGE('',*,*,#2708,.T.);
#3819=ORIENTED_EDGE('',*,*,#2709,.T.);
#3820=ORIENTED_EDGE('',*,*,#2710,.T.);
#3821=ORIENTED_EDGE('',*,*,#2711,.T.);
#3822=ORIENTED_EDGE('',*,*,#2712,.T.);
#3823=ORIENTED_EDGE('',*,*,#2713,.T.);
#3824=ORIENTED_EDGE('',*,*,#2714,.T.);
#3825=ORIENTED_EDGE('',*,*,#2715,.T.);
#3826=ORIENTED_EDGE('',*,*,#2716,.T.);
#3827=ORIENTED_EDGE('',*,*,#2717,.T.);
#3828=ORIENTED_EDGE('',*,*,#2718,.T.);
#3829=ORIENTED_EDGE('',*,*,#2719,.T.);
#3830=ORIENTED_EDGE('',*,*,#2720,.T.);
#3831=ORIENTED_EDGE('',*,*,#2721,.T.);
#3832=ORIENTED_EDGE('',*,*,#2722,.T.);
#3833=ORIENTED_EDGE('',*,*,#2723,.T.);
#3834=ORIENTED_EDGE('',*,*,#2724,.T.);
#3835=ORIENTED_EDGE('',*,*,#2725,.T.);
#3836=ORIENTED_EDGE('',*,*,#2726,.F.);
#3837=ORIENTED_EDGE('',*,*,#2727,.T.);
#3838=ORIENTED_EDGE('',*,*,#2728,.F.);
#3839=ORIENTED_EDGE('',*,*,#2729,.T.);
#3840=ORIENTED_EDGE('',*,*,#2730,.F.);
#3841=ORIENTED_EDGE('',*,*,#2731,.T.);
#3842=ORIENTED_EDGE('',*,*,#2732,.F.);
#3843=ORIENTED_EDGE('',*,*,#2699,.T.);
#3844=ORIENTED_EDGE('',*,*,#2733,.F.);
#3845=ORIENTED_EDGE('',*,*,#2734,.F.);
#3846=ORIENTED_EDGE('',*,*,#2704,.F.);
#3847=ORIENTED_EDGE('',*,*,#2698,.T.);
#3848=ORIENTED_EDGE('',*,*,#2735,.T.);
#3849=ORIENTED_EDGE('',*,*,#2736,.T.);
#3850=ORIENTED_EDGE('',*,*,#2733,.T.);
#3851=ORIENTED_EDGE('',*,*,#2697,.T.);
#3852=ORIENTED_EDGE('',*,*,#2737,.F.);
#3853=ORIENTED_EDGE('',*,*,#2708,.F.);
#3854=ORIENTED_EDGE('',*,*,#2738,.T.);
#3855=ORIENTED_EDGE('',*,*,#2739,.T.);
#3856=ORIENTED_EDGE('',*,*,#2740,.T.);
#3857=ORIENTED_EDGE('',*,*,#2735,.F.);
#3858=ORIENTED_EDGE('',*,*,#2640,.T.);
#3859=ORIENTED_EDGE('',*,*,#2741,.F.);
#3860=ORIENTED_EDGE('',*,*,#2713,.F.);
#3861=ORIENTED_EDGE('',*,*,#2742,.T.);
#3862=ORIENTED_EDGE('',*,*,#2642,.T.);
#3863=ORIENTED_EDGE('',*,*,#2743,.T.);
#3864=ORIENTED_EDGE('',*,*,#2709,.F.);
#3865=ORIENTED_EDGE('',*,*,#2737,.T.);
#3866=ORIENTED_EDGE('',*,*,#2702,.T.);
#3867=ORIENTED_EDGE('',*,*,#2744,.T.);
#3868=ORIENTED_EDGE('',*,*,#2745,.T.);
#3869=ORIENTED_EDGE('',*,*,#2746,.T.);
#3870=ORIENTED_EDGE('',*,*,#2639,.T.);
#3871=ORIENTED_EDGE('',*,*,#2592,.F.);
#3872=ORIENTED_EDGE('',*,*,#2654,.T.);
#3873=ORIENTED_EDGE('',*,*,#2747,.F.);
#3874=ORIENTED_EDGE('',*,*,#2714,.F.);
#3875=ORIENTED_EDGE('',*,*,#2741,.T.);
#3876=ORIENTED_EDGE('',*,*,#2651,.T.);
#3877=ORIENTED_EDGE('',*,*,#2748,.F.);
#3878=ORIENTED_EDGE('',*,*,#2719,.F.);
#3879=ORIENTED_EDGE('',*,*,#2749,.T.);
#3880=ORIENTED_EDGE('',*,*,#2653,.T.);
#3881=ORIENTED_EDGE('',*,*,#2750,.T.);
#3882=ORIENTED_EDGE('',*,*,#2715,.F.);
#3883=ORIENTED_EDGE('',*,*,#2747,.T.);
#3884=ORIENTED_EDGE('',*,*,#2706,.F.);
#3885=ORIENTED_EDGE('',*,*,#2751,.T.);
#3886=ORIENTED_EDGE('',*,*,#2752,.T.);
#3887=ORIENTED_EDGE('',*,*,#2753,.F.);
#3888=ORIENTED_EDGE('',*,*,#2707,.F.);
#3889=ORIENTED_EDGE('',*,*,#2753,.T.);
#3890=ORIENTED_EDGE('',*,*,#2754,.T.);
#3891=ORIENTED_EDGE('',*,*,#2738,.F.);
#3892=ORIENTED_EDGE('',*,*,#2752,.F.);
#3893=ORIENTED_EDGE('',*,*,#2755,.F.);
#3894=ORIENTED_EDGE('',*,*,#2739,.F.);
#3895=ORIENTED_EDGE('',*,*,#2754,.F.);
#3896=ORIENTED_EDGE('',*,*,#2722,.F.);
#3897=ORIENTED_EDGE('',*,*,#2756,.T.);
#3898=ORIENTED_EDGE('',*,*,#2757,.T.);
#3899=ORIENTED_EDGE('',*,*,#2758,.F.);
#3900=ORIENTED_EDGE('',*,*,#2721,.F.);
#3901=ORIENTED_EDGE('',*,*,#2759,.F.);
#3902=ORIENTED_EDGE('',*,*,#2760,.T.);
#3903=ORIENTED_EDGE('',*,*,#2756,.F.);
#3904=ORIENTED_EDGE('',*,*,#2761,.F.);
#3905=ORIENTED_EDGE('',*,*,#2757,.F.);
#3906=ORIENTED_EDGE('',*,*,#2760,.F.);
#3907=ORIENTED_EDGE('',*,*,#2762,.F.);
#3908=ORIENTED_EDGE('',*,*,#2703,.T.);
#3909=ORIENTED_EDGE('',*,*,#2746,.F.);
#3910=ORIENTED_EDGE('',*,*,#2763,.F.);
#3911=ORIENTED_EDGE('',*,*,#2762,.T.);
#3912=ORIENTED_EDGE('',*,*,#2759,.T.);
#3913=ORIENTED_EDGE('',*,*,#2720,.F.);
#3914=ORIENTED_EDGE('',*,*,#2748,.T.);
#3915=ORIENTED_EDGE('',*,*,#2712,.F.);
#3916=ORIENTED_EDGE('',*,*,#2764,.T.);
#3917=ORIENTED_EDGE('',*,*,#2765,.T.);
#3918=ORIENTED_EDGE('',*,*,#2742,.F.);
#3919=ORIENTED_EDGE('',*,*,#2711,.F.);
#3920=ORIENTED_EDGE('',*,*,#2766,.T.);
#3921=ORIENTED_EDGE('',*,*,#2767,.T.);
#3922=ORIENTED_EDGE('',*,*,#2764,.F.);
#3923=ORIENTED_EDGE('',*,*,#2710,.F.);
#3924=ORIENTED_EDGE('',*,*,#2743,.F.);
#3925=ORIENTED_EDGE('',*,*,#2768,.T.);
#3926=ORIENTED_EDGE('',*,*,#2766,.F.);
#3927=ORIENTED_EDGE('',*,*,#2641,.F.);
#3928=ORIENTED_EDGE('',*,*,#2765,.F.);
#3929=ORIENTED_EDGE('',*,*,#2767,.F.);
#3930=ORIENTED_EDGE('',*,*,#2768,.F.);
#3931=ORIENTED_EDGE('',*,*,#2716,.F.);
#3932=ORIENTED_EDGE('',*,*,#2750,.F.);
#3933=ORIENTED_EDGE('',*,*,#2769,.T.);
#3934=ORIENTED_EDGE('',*,*,#2770,.F.);
#3935=ORIENTED_EDGE('',*,*,#2718,.F.);
#3936=ORIENTED_EDGE('',*,*,#2771,.T.);
#3937=ORIENTED_EDGE('',*,*,#2772,.T.);
#3938=ORIENTED_EDGE('',*,*,#2749,.F.);
#3939=ORIENTED_EDGE('',*,*,#2717,.F.);
#3940=ORIENTED_EDGE('',*,*,#2770,.T.);
#3941=ORIENTED_EDGE('',*,*,#2773,.T.);
#3942=ORIENTED_EDGE('',*,*,#2771,.F.);
#3943=ORIENTED_EDGE('',*,*,#2769,.F.);
#3944=ORIENTED_EDGE('',*,*,#2652,.F.);
#3945=ORIENTED_EDGE('',*,*,#2772,.F.);
#3946=ORIENTED_EDGE('',*,*,#2773,.F.);
#3947=ORIENTED_EDGE('',*,*,#2701,.T.);
#3948=ORIENTED_EDGE('',*,*,#2724,.F.);
#3949=ORIENTED_EDGE('',*,*,#2774,.T.);
#3950=ORIENTED_EDGE('',*,*,#2744,.F.);
#3951=ORIENTED_EDGE('',*,*,#2723,.F.);
#3952=ORIENTED_EDGE('',*,*,#2758,.T.);
#3953=ORIENTED_EDGE('',*,*,#2761,.T.);
#3954=ORIENTED_EDGE('',*,*,#2763,.T.);
#3955=ORIENTED_EDGE('',*,*,#2745,.F.);
#3956=ORIENTED_EDGE('',*,*,#2774,.F.);
#3957=ORIENTED_EDGE('',*,*,#2705,.F.);
#3958=ORIENTED_EDGE('',*,*,#2734,.T.);
#3959=ORIENTED_EDGE('',*,*,#2736,.F.);
#3960=ORIENTED_EDGE('',*,*,#2740,.F.);
#3961=ORIENTED_EDGE('',*,*,#2755,.T.);
#3962=ORIENTED_EDGE('',*,*,#2751,.F.);
#3963=ORIENTED_EDGE('',*,*,#2775,.T.);
#3964=ORIENTED_EDGE('',*,*,#2776,.T.);
#3965=ORIENTED_EDGE('',*,*,#2732,.T.);
#3966=ORIENTED_EDGE('',*,*,#2777,.T.);
#3967=ORIENTED_EDGE('',*,*,#2775,.F.);
#3968=ORIENTED_EDGE('',*,*,#2778,.T.);
#3969=ORIENTED_EDGE('',*,*,#2779,.F.);
#3970=ORIENTED_EDGE('',*,*,#2780,.T.);
#3971=ORIENTED_EDGE('',*,*,#2781,.F.);
#3972=ORIENTED_EDGE('',*,*,#2782,.T.);
#3973=ORIENTED_EDGE('',*,*,#2777,.F.);
#3974=ORIENTED_EDGE('',*,*,#2731,.F.);
#3975=ORIENTED_EDGE('',*,*,#2783,.F.);
#3976=ORIENTED_EDGE('',*,*,#2784,.F.);
#3977=ORIENTED_EDGE('',*,*,#2785,.F.);
#3978=ORIENTED_EDGE('',*,*,#2786,.F.);
#3979=ORIENTED_EDGE('',*,*,#2787,.F.);
#3980=ORIENTED_EDGE('',*,*,#2778,.F.);
#3981=ORIENTED_EDGE('',*,*,#2788,.T.);
#3982=ORIENTED_EDGE('',*,*,#2783,.T.);
#3983=ORIENTED_EDGE('',*,*,#2730,.T.);
#3984=ORIENTED_EDGE('',*,*,#2789,.T.);
#3985=ORIENTED_EDGE('',*,*,#2788,.F.);
#3986=ORIENTED_EDGE('',*,*,#2790,.T.);
#3987=ORIENTED_EDGE('',*,*,#2791,.F.);
#3988=ORIENTED_EDGE('',*,*,#2792,.T.);
#3989=ORIENTED_EDGE('',*,*,#2793,.F.);
#3990=ORIENTED_EDGE('',*,*,#2784,.T.);
#3991=ORIENTED_EDGE('',*,*,#2794,.T.);
#3992=ORIENTED_EDGE('',*,*,#2795,.T.);
#3993=ORIENTED_EDGE('',*,*,#2728,.T.);
#3994=ORIENTED_EDGE('',*,*,#2796,.T.);
#3995=ORIENTED_EDGE('',*,*,#2794,.F.);
#3996=ORIENTED_EDGE('',*,*,#2797,.T.);
#3997=ORIENTED_EDGE('',*,*,#2798,.F.);
#3998=ORIENTED_EDGE('',*,*,#2799,.T.);
#3999=ORIENTED_EDGE('',*,*,#2800,.F.);
#4000=ORIENTED_EDGE('',*,*,#2801,.T.);
#4001=ORIENTED_EDGE('',*,*,#2796,.F.);
#4002=ORIENTED_EDGE('',*,*,#2727,.F.);
#4003=ORIENTED_EDGE('',*,*,#2802,.F.);
#4004=ORIENTED_EDGE('',*,*,#2803,.F.);
#4005=ORIENTED_EDGE('',*,*,#2804,.F.);
#4006=ORIENTED_EDGE('',*,*,#2805,.F.);
#4007=ORIENTED_EDGE('',*,*,#2806,.F.);
#4008=ORIENTED_EDGE('',*,*,#2797,.F.);
#4009=ORIENTED_EDGE('',*,*,#2807,.T.);
#4010=ORIENTED_EDGE('',*,*,#2802,.T.);
#4011=ORIENTED_EDGE('',*,*,#2726,.T.);
#4012=ORIENTED_EDGE('',*,*,#2808,.T.);
#4013=ORIENTED_EDGE('',*,*,#2807,.F.);
#4014=ORIENTED_EDGE('',*,*,#2809,.T.);
#4015=ORIENTED_EDGE('',*,*,#2810,.F.);
#4016=ORIENTED_EDGE('',*,*,#2811,.T.);
#4017=ORIENTED_EDGE('',*,*,#2812,.F.);
#4018=ORIENTED_EDGE('',*,*,#2803,.T.);
#4019=ORIENTED_EDGE('',*,*,#2781,.T.);
#4020=ORIENTED_EDGE('',*,*,#2813,.T.);
#4021=ORIENTED_EDGE('',*,*,#2814,.T.);
#4022=ORIENTED_EDGE('',*,*,#2815,.T.);
#4023=ORIENTED_EDGE('',*,*,#2813,.F.);
#4024=ORIENTED_EDGE('',*,*,#2780,.F.);
#4025=ORIENTED_EDGE('',*,*,#2816,.F.);
#4026=ORIENTED_EDGE('',*,*,#2817,.F.);
#4027=ORIENTED_EDGE('',*,*,#2779,.T.);
#4028=ORIENTED_EDGE('',*,*,#2787,.T.);
#4029=ORIENTED_EDGE('',*,*,#2818,.T.);
#4030=ORIENTED_EDGE('',*,*,#2816,.T.);
#4031=ORIENTED_EDGE('',*,*,#2793,.T.);
#4032=ORIENTED_EDGE('',*,*,#2819,.T.);
#4033=ORIENTED_EDGE('',*,*,#2820,.T.);
#4034=ORIENTED_EDGE('',*,*,#2785,.T.);
#4035=ORIENTED_EDGE('',*,*,#2819,.F.);
#4036=ORIENTED_EDGE('',*,*,#2792,.F.);
#4037=ORIENTED_EDGE('',*,*,#2821,.F.);
#4038=ORIENTED_EDGE('',*,*,#2822,.F.);
#4039=ORIENTED_EDGE('',*,*,#2791,.T.);
#4040=ORIENTED_EDGE('',*,*,#2823,.T.);
#4041=ORIENTED_EDGE('',*,*,#2824,.T.);
#4042=ORIENTED_EDGE('',*,*,#2821,.T.);
#4043=ORIENTED_EDGE('',*,*,#2800,.T.);
#4044=ORIENTED_EDGE('',*,*,#2825,.T.);
#4045=ORIENTED_EDGE('',*,*,#2826,.T.);
#4046=ORIENTED_EDGE('',*,*,#2827,.T.);
#4047=ORIENTED_EDGE('',*,*,#2825,.F.);
#4048=ORIENTED_EDGE('',*,*,#2799,.F.);
#4049=ORIENTED_EDGE('',*,*,#2828,.F.);
#4050=ORIENTED_EDGE('',*,*,#2829,.F.);
#4051=ORIENTED_EDGE('',*,*,#2798,.T.);
#4052=ORIENTED_EDGE('',*,*,#2806,.T.);
#4053=ORIENTED_EDGE('',*,*,#2830,.T.);
#4054=ORIENTED_EDGE('',*,*,#2828,.T.);
#4055=ORIENTED_EDGE('',*,*,#2812,.T.);
#4056=ORIENTED_EDGE('',*,*,#2831,.T.);
#4057=ORIENTED_EDGE('',*,*,#2832,.T.);
#4058=ORIENTED_EDGE('',*,*,#2804,.T.);
#4059=ORIENTED_EDGE('',*,*,#2831,.F.);
#4060=ORIENTED_EDGE('',*,*,#2811,.F.);
#4061=ORIENTED_EDGE('',*,*,#2833,.F.);
#4062=ORIENTED_EDGE('',*,*,#2834,.F.);
#4063=ORIENTED_EDGE('',*,*,#2810,.T.);
#4064=ORIENTED_EDGE('',*,*,#2835,.T.);
#4065=ORIENTED_EDGE('',*,*,#2836,.T.);
#4066=ORIENTED_EDGE('',*,*,#2833,.T.);
#4067=ORIENTED_EDGE('',*,*,#2776,.F.);
#4068=ORIENTED_EDGE('',*,*,#2782,.F.);
#4069=ORIENTED_EDGE('',*,*,#2815,.F.);
#4070=ORIENTED_EDGE('',*,*,#2837,.F.);
#4071=ORIENTED_EDGE('',*,*,#2835,.F.);
#4072=ORIENTED_EDGE('',*,*,#2809,.F.);
#4073=ORIENTED_EDGE('',*,*,#2808,.F.);
#4074=ORIENTED_EDGE('',*,*,#2725,.F.);
#4075=ORIENTED_EDGE('',*,*,#2789,.F.);
#4076=ORIENTED_EDGE('',*,*,#2729,.F.);
#4077=ORIENTED_EDGE('',*,*,#2795,.F.);
#4078=ORIENTED_EDGE('',*,*,#2801,.F.);
#4079=ORIENTED_EDGE('',*,*,#2827,.F.);
#4080=ORIENTED_EDGE('',*,*,#2838,.F.);
#4081=ORIENTED_EDGE('',*,*,#2823,.F.);
#4082=ORIENTED_EDGE('',*,*,#2790,.F.);
#4083=ORIENTED_EDGE('',*,*,#2817,.T.);
#4084=ORIENTED_EDGE('',*,*,#2818,.F.);
#4085=ORIENTED_EDGE('',*,*,#2786,.T.);
#4086=ORIENTED_EDGE('',*,*,#2820,.F.);
#4087=ORIENTED_EDGE('',*,*,#2822,.T.);
#4088=ORIENTED_EDGE('',*,*,#2824,.F.);
#4089=ORIENTED_EDGE('',*,*,#2838,.T.);
#4090=ORIENTED_EDGE('',*,*,#2826,.F.);
#4091=ORIENTED_EDGE('',*,*,#2829,.T.);
#4092=ORIENTED_EDGE('',*,*,#2830,.F.);
#4093=ORIENTED_EDGE('',*,*,#2805,.T.);
#4094=ORIENTED_EDGE('',*,*,#2832,.F.);
#4095=ORIENTED_EDGE('',*,*,#2834,.T.);
#4096=ORIENTED_EDGE('',*,*,#2836,.F.);
#4097=ORIENTED_EDGE('',*,*,#2837,.T.);
#4098=ORIENTED_EDGE('',*,*,#2814,.F.);
#4099=ORIENTED_EDGE('',*,*,#2839,.T.);
#4100=ORIENTED_EDGE('',*,*,#2839,.F.);
#4101=ORIENTED_EDGE('',*,*,#2840,.T.);
#4102=ORIENTED_EDGE('',*,*,#2841,.T.);
#4103=ORIENTED_EDGE('',*,*,#2840,.F.);
#4104=ORIENTED_EDGE('',*,*,#2842,.F.);
#4105=ORIENTED_EDGE('',*,*,#2688,.T.);
#4106=ORIENTED_EDGE('',*,*,#2694,.F.);
#4107=ORIENTED_EDGE('',*,*,#2843,.F.);
#4108=ORIENTED_EDGE('',*,*,#2844,.F.);
#4109=ORIENTED_EDGE('',*,*,#2843,.T.);
#4110=ORIENTED_EDGE('',*,*,#2693,.F.);
#4111=ORIENTED_EDGE('',*,*,#2617,.F.);
#4112=ORIENTED_EDGE('',*,*,#2689,.T.);
#4113=ORIENTED_EDGE('',*,*,#2842,.T.);
#4114=ORIENTED_EDGE('',*,*,#2844,.T.);
#4115=ORIENTED_EDGE('',*,*,#2616,.F.);
#4116=ORIENTED_EDGE('',*,*,#2841,.F.);
#4117=B_SPLINE_SURFACE_WITH_KNOTS('',3,3,((#5963,#5964,#5965,#5966),(#5967,
#5968,#5969,#5970),(#5971,#5972,#5973,#5974),(#5975,#5976,#5977,#5978),
(#5979,#5980,#5981,#5982)),.UNSPECIFIED.,.F.,.F.,.F.,(4,1,4),(4,4),(0.,
0.5,1.),(0.0513138445100197,1.60438389050507),.UNSPECIFIED.);
#4118=B_SPLINE_SURFACE_WITH_KNOTS('',3,3,((#6132,#6133,#6134,#6135),(#6136,
#6137,#6138,#6139),(#6140,#6141,#6142,#6143),(#6144,#6145,#6146,#6147),
(#6148,#6149,#6150,#6151)),.UNSPECIFIED.,.F.,.F.,.F.,(4,1,4),(4,4),(0.,
0.5,1.),(0.569231321171106,2.12230136716615),.UNSPECIFIED.);
#4119=ADVANCED_FACE('',(#1174),#4117,.F.);
#4120=ADVANCED_FACE('',(#1175),#1118,.T.);
#4121=ADVANCED_FACE('',(#1176),#64,.F.);
#4122=ADVANCED_FACE('',(#1177),#61,.F.);
#4123=ADVANCED_FACE('',(#1178),#1119,.T.);
#4124=ADVANCED_FACE('',(#1179),#65,.T.);
#4125=ADVANCED_FACE('',(#1180),#66,.T.);
#4126=ADVANCED_FACE('',(#1181),#1120,.T.);
#4127=ADVANCED_FACE('',(#1182),#67,.T.);
#4128=ADVANCED_FACE('',(#1183),#4118,.F.);
#4129=ADVANCED_FACE('',(#1184),#1121,.T.);
#4130=ADVANCED_FACE('',(#1185),#62,.F.);
#4131=ADVANCED_FACE('',(#1186,#15),#1122,.F.);
#4132=ADVANCED_FACE('',(#1187),#1123,.F.);
#4133=ADVANCED_FACE('',(#1188),#68,.F.);
#4134=ADVANCED_FACE('',(#1189),#69,.F.);
#4135=ADVANCED_FACE('',(#1190),#70,.F.);
#4136=ADVANCED_FACE('',(#1191),#71,.F.);
#4137=ADVANCED_FACE('',(#1192),#72,.F.);
#4138=ADVANCED_FACE('',(#1193),#73,.F.);
#4139=ADVANCED_FACE('',(#1194),#74,.F.);
#4140=ADVANCED_FACE('',(#1195),#75,.F.);
#4141=ADVANCED_FACE('',(#1196),#76,.F.);
#4142=ADVANCED_FACE('',(#1197),#77,.F.);
#4143=ADVANCED_FACE('',(#1198),#78,.F.);
#4144=ADVANCED_FACE('',(#1199),#79,.F.);
#4145=ADVANCED_FACE('',(#1200),#80,.T.);
#4146=ADVANCED_FACE('',(#1201),#81,.F.);
#4147=ADVANCED_FACE('',(#1202,#16),#82,.F.);
#4148=ADVANCED_FACE('',(#1203),#1124,.F.);
#4149=ADVANCED_FACE('',(#1204,#17,#18,#19,#20,#21),#1125,.T.);
#4150=ADVANCED_FACE('',(#1205),#1126,.F.);
#4151=ADVANCED_FACE('',(#1206),#83,.F.);
#4152=ADVANCED_FACE('',(#1207),#84,.F.);
#4153=ADVANCED_FACE('',(#1208),#85,.F.);
#4154=ADVANCED_FACE('',(#1209),#86,.F.);
#4155=ADVANCED_FACE('',(#1210),#87,.F.);
#4156=ADVANCED_FACE('',(#1211),#88,.F.);
#4157=ADVANCED_FACE('',(#1212),#89,.F.);
#4158=ADVANCED_FACE('',(#1213),#90,.F.);
#4159=ADVANCED_FACE('',(#1214),#91,.F.);
#4160=ADVANCED_FACE('',(#1215),#92,.F.);
#4161=ADVANCED_FACE('',(#1216),#93,.F.);
#4162=ADVANCED_FACE('',(#1217),#94,.F.);
#4163=ADVANCED_FACE('',(#1218),#95,.T.);
#4164=ADVANCED_FACE('',(#1219),#96,.F.);
#4165=ADVANCED_FACE('',(#1220,#22),#97,.F.);
#4166=ADVANCED_FACE('',(#1221),#1127,.F.);
#4167=ADVANCED_FACE('',(#1222),#1128,.F.);
#4168=ADVANCED_FACE('',(#1223),#98,.F.);
#4169=ADVANCED_FACE('',(#1224),#99,.F.);
#4170=ADVANCED_FACE('',(#1225),#100,.F.);
#4171=ADVANCED_FACE('',(#1226),#101,.F.);
#4172=ADVANCED_FACE('',(#1227),#102,.F.);
#4173=ADVANCED_FACE('',(#1228),#103,.F.);
#4174=ADVANCED_FACE('',(#1229),#104,.F.);
#4175=ADVANCED_FACE('',(#1230),#105,.F.);
#4176=ADVANCED_FACE('',(#1231),#106,.F.);
#4177=ADVANCED_FACE('',(#1232),#107,.F.);
#4178=ADVANCED_FACE('',(#1233),#108,.F.);
#4179=ADVANCED_FACE('',(#1234),#109,.F.);
#4180=ADVANCED_FACE('',(#1235),#110,.T.);
#4181=ADVANCED_FACE('',(#1236),#111,.F.);
#4182=ADVANCED_FACE('',(#1237,#23),#112,.F.);
#4183=ADVANCED_FACE('',(#1238),#1129,.F.);
#4184=ADVANCED_FACE('',(#1239),#1130,.F.);
#4185=ADVANCED_FACE('',(#1240),#113,.F.);
#4186=ADVANCED_FACE('',(#1241),#114,.F.);
#4187=ADVANCED_FACE('',(#1242),#115,.F.);
#4188=ADVANCED_FACE('',(#1243),#116,.F.);
#4189=ADVANCED_FACE('',(#1244),#117,.F.);
#4190=ADVANCED_FACE('',(#1245),#118,.F.);
#4191=ADVANCED_FACE('',(#1246),#119,.F.);
#4192=ADVANCED_FACE('',(#1247),#120,.F.);
#4193=ADVANCED_FACE('',(#1248),#121,.F.);
#4194=ADVANCED_FACE('',(#1249),#122,.F.);
#4195=ADVANCED_FACE('',(#1250),#123,.F.);
#4196=ADVANCED_FACE('',(#1251),#124,.F.);
#4197=ADVANCED_FACE('',(#1252),#125,.T.);
#4198=ADVANCED_FACE('',(#1253),#126,.F.);
#4199=ADVANCED_FACE('',(#1254,#24),#127,.F.);
#4200=ADVANCED_FACE('',(#1255),#1131,.F.);
#4201=ADVANCED_FACE('',(#1256),#128,.F.);
#4202=ADVANCED_FACE('',(#1257),#129,.F.);
#4203=ADVANCED_FACE('',(#1258),#130,.F.);
#4204=ADVANCED_FACE('',(#1259),#1132,.F.);
#4205=ADVANCED_FACE('',(#1260),#131,.F.);
#4206=ADVANCED_FACE('',(#1261),#132,.F.);
#4207=ADVANCED_FACE('',(#1262),#133,.F.);
#4208=ADVANCED_FACE('',(#1263),#134,.F.);
#4209=ADVANCED_FACE('',(#1264),#135,.F.);
#4210=ADVANCED_FACE('',(#1265),#136,.F.);
#4211=ADVANCED_FACE('',(#1266),#137,.F.);
#4212=ADVANCED_FACE('',(#1267),#138,.F.);
#4213=ADVANCED_FACE('',(#1268),#139,.F.);
#4214=ADVANCED_FACE('',(#1269),#140,.T.);
#4215=ADVANCED_FACE('',(#1270),#141,.F.);
#4216=ADVANCED_FACE('',(#1271,#25),#142,.F.);
#4217=ADVANCED_FACE('',(#1272),#1133,.F.);
#4218=ADVANCED_FACE('',(#1273),#143,.T.);
#4219=ADVANCED_FACE('',(#1274),#144,.T.);
#4220=ADVANCED_FACE('',(#1275),#145,.F.);
#4221=ADVANCED_FACE('',(#1276),#146,.F.);
#4222=ADVANCED_FACE('',(#1277),#147,.F.);
#4223=ADVANCED_FACE('',(#1278),#148,.F.);
#4224=ADVANCED_FACE('',(#1279),#149,.F.);
#4225=ADVANCED_FACE('',(#1280),#150,.F.);
#4226=ADVANCED_FACE('',(#1281),#151,.F.);
#4227=ADVANCED_FACE('',(#1282),#152,.F.);
#4228=ADVANCED_FACE('',(#1283),#153,.F.);
#4229=ADVANCED_FACE('',(#1284),#1134,.T.);
#4230=ADVANCED_FACE('',(#1285),#1135,.T.);
#4231=ADVANCED_FACE('',(#1286),#1136,.T.);
#4232=ADVANCED_FACE('',(#1287),#1137,.T.);
#4233=ADVANCED_FACE('',(#1288),#154,.T.);
#4234=ADVANCED_FACE('',(#1289),#155,.T.);
#4235=ADVANCED_FACE('',(#1290),#1138,.T.);
#4236=ADVANCED_FACE('',(#1291),#1139,.T.);
#4237=ADVANCED_FACE('',(#1292),#156,.T.);
#4238=ADVANCED_FACE('',(#1293),#157,.T.);
#4239=ADVANCED_FACE('',(#1294),#158,.T.);
#4240=ADVANCED_FACE('',(#1295),#1140,.T.);
#4241=ADVANCED_FACE('',(#1296),#159,.T.);
#4242=ADVANCED_FACE('',(#1297),#1141,.T.);
#4243=ADVANCED_FACE('',(#1298),#160,.T.);
#4244=ADVANCED_FACE('',(#1299),#1142,.T.);
#4245=ADVANCED_FACE('',(#1300),#1143,.T.);
#4246=ADVANCED_FACE('',(#1301),#161,.T.);
#4247=ADVANCED_FACE('',(#1302),#1144,.T.);
#4248=ADVANCED_FACE('',(#1303),#162,.T.);
#4249=ADVANCED_FACE('',(#1304),#163,.T.);
#4250=ADVANCED_FACE('',(#1305),#1145,.T.);
#4251=ADVANCED_FACE('',(#1306),#164,.T.);
#4252=ADVANCED_FACE('',(#1307),#1146,.T.);
#4253=ADVANCED_FACE('',(#1308),#1147,.T.);
#4254=ADVANCED_FACE('',(#1309),#1148,.T.);
#4255=ADVANCED_FACE('',(#1310),#165,.T.);
#4256=ADVANCED_FACE('',(#1311),#166,.T.);
#4257=ADVANCED_FACE('',(#1312),#1149,.T.);
#4258=ADVANCED_FACE('',(#1313),#1150,.T.);
#4259=ADVANCED_FACE('',(#1314),#1151,.T.);
#4260=ADVANCED_FACE('',(#1315),#1152,.T.);
#4261=ADVANCED_FACE('',(#1316),#167,.T.);
#4262=ADVANCED_FACE('',(#1317),#1153,.T.);
#4263=ADVANCED_FACE('',(#1318),#1154,.T.);
#4264=ADVANCED_FACE('',(#1319),#168,.T.);
#4265=ADVANCED_FACE('',(#1320),#1155,.T.);
#4266=ADVANCED_FACE('',(#1321),#1156,.T.);
#4267=ADVANCED_FACE('',(#1322),#169,.T.);
#4268=ADVANCED_FACE('',(#1323),#170,.T.);
#4269=ADVANCED_FACE('',(#1324),#171,.T.);
#4270=ADVANCED_FACE('',(#1325),#172,.T.);
#4271=ADVANCED_FACE('',(#1326),#173,.T.);
#4272=ADVANCED_FACE('',(#1327),#174,.F.);
#4273=ADVANCED_FACE('',(#1328),#175,.T.);
#4274=ADVANCED_FACE('',(#1329),#176,.T.);
#4275=ADVANCED_FACE('',(#1330),#177,.T.);
#4276=ADVANCED_FACE('',(#1331),#178,.T.);
#4277=ADVANCED_FACE('',(#1332),#179,.T.);
#4278=ADVANCED_FACE('',(#1333),#180,.T.);
#4279=ADVANCED_FACE('',(#1334),#181,.T.);
#4280=ADVANCED_FACE('',(#1335),#182,.T.);
#4281=ADVANCED_FACE('',(#1336),#183,.T.);
#4282=ADVANCED_FACE('',(#1337),#184,.T.);
#4283=ADVANCED_FACE('',(#1338),#185,.T.);
#4284=ADVANCED_FACE('',(#1339),#1157,.F.);
#4285=ADVANCED_FACE('',(#1340,#26),#186,.T.);
#4286=ADVANCED_FACE('',(#1341),#187,.T.);
#4287=ADVANCED_FACE('',(#1342),#188,.T.);
#4288=ADVANCED_FACE('',(#1343),#189,.T.);
#4289=ADVANCED_FACE('',(#1344),#190,.T.);
#4290=ADVANCED_FACE('',(#1345),#191,.T.);
#4291=ADVANCED_FACE('',(#1346),#192,.T.);
#4292=ADVANCED_FACE('',(#1347),#193,.T.);
#4293=ADVANCED_FACE('',(#1348),#194,.T.);
#4294=ADVANCED_FACE('',(#1349),#195,.T.);
#4295=ADVANCED_FACE('',(#1350),#196,.T.);
#4296=ADVANCED_FACE('',(#1351),#197,.T.);
#4297=ADVANCED_FACE('',(#1352),#198,.T.);
#4298=ADVANCED_FACE('',(#1353),#199,.T.);
#4299=ADVANCED_FACE('',(#1354),#200,.T.);
#4300=ADVANCED_FACE('',(#1355),#201,.T.);
#4301=ADVANCED_FACE('',(#1356),#202,.T.);
#4302=ADVANCED_FACE('',(#1357),#203,.T.);
#4303=ADVANCED_FACE('',(#1358),#204,.T.);
#4304=ADVANCED_FACE('',(#1359),#205,.T.);
#4305=ADVANCED_FACE('',(#1360),#206,.T.);
#4306=ADVANCED_FACE('',(#1361),#207,.T.);
#4307=ADVANCED_FACE('',(#1362),#208,.T.);
#4308=ADVANCED_FACE('',(#1363),#209,.T.);
#4309=ADVANCED_FACE('',(#1364),#210,.T.);
#4310=ADVANCED_FACE('',(#1365),#211,.T.);
#4311=ADVANCED_FACE('',(#1366),#212,.T.);
#4312=ADVANCED_FACE('',(#1367),#213,.T.);
#4313=ADVANCED_FACE('',(#1368),#1158,.T.);
#4314=ADVANCED_FACE('',(#1369),#214,.T.);
#4315=ADVANCED_FACE('',(#1370),#215,.T.);
#4316=ADVANCED_FACE('',(#1371),#1159,.T.);
#4317=ADVANCED_FACE('',(#1372),#216,.T.);
#4318=ADVANCED_FACE('',(#1373),#1160,.T.);
#4319=ADVANCED_FACE('',(#1374),#217,.T.);
#4320=ADVANCED_FACE('',(#1375),#218,.T.);
#4321=ADVANCED_FACE('',(#1376),#1161,.T.);
#4322=ADVANCED_FACE('',(#1377),#219,.T.);
#4323=ADVANCED_FACE('',(#1378),#1162,.T.);
#4324=ADVANCED_FACE('',(#1379),#1163,.F.);
#4325=ADVANCED_FACE('',(#1380),#1164,.T.);
#4326=ADVANCED_FACE('',(#1381),#1165,.T.);
#4327=ADVANCED_FACE('',(#1382),#1166,.F.);
#4328=ADVANCED_FACE('',(#1383),#1167,.T.);
#4329=ADVANCED_FACE('',(#1384),#1168,.T.);
#4330=ADVANCED_FACE('',(#1385),#1169,.F.);
#4331=ADVANCED_FACE('',(#1386),#1170,.T.);
#4332=ADVANCED_FACE('',(#1387),#1171,.T.);
#4333=ADVANCED_FACE('',(#1388),#1172,.F.);
#4334=ADVANCED_FACE('',(#1389),#1173,.T.);
#4335=ADVANCED_FACE('',(#1390),#220,.T.);
#4336=ADVANCED_FACE('',(#1391),#221,.T.);
#4337=ADVANCED_FACE('',(#1392,#27),#222,.T.);
#4338=ADVANCED_FACE('',(#1393),#63,.F.);
#4339=ADVANCED_FACE('',(#1394),#223,.T.);
#4340=ADVANCED_FACE('',(#1395),#224,.T.);
#4341=ADVANCED_FACE('',(#1396,#28),#225,.F.);
#4342=CLOSED_SHELL('',(#4119,#4120,#4121,#4122,#4123,#4124,#4125,#4126,
#4127,#4128,#4129,#4130,#4131,#4132,#4133,#4134,#4135,#4136,#4137,#4138,
#4139,#4140,#4141,#4142,#4143,#4144,#4145,#4146,#4147,#4148,#4149,#4150,
#4151,#4152,#4153,#4154,#4155,#4156,#4157,#4158,#4159,#4160,#4161,#4162,
#4163,#4164,#4165,#4166,#4167,#4168,#4169,#4170,#4171,#4172,#4173,#4174,
#4175,#4176,#4177,#4178,#4179,#4180,#4181,#4182,#4183,#4184,#4185,#4186,
#4187,#4188,#4189,#4190,#4191,#4192,#4193,#4194,#4195,#4196,#4197,#4198,
#4199,#4200,#4201,#4202,#4203,#4204,#4205,#4206,#4207,#4208,#4209,#4210,
#4211,#4212,#4213,#4214,#4215,#4216,#4217,#4218,#4219,#4220,#4221,#4222,
#4223,#4224,#4225,#4226,#4227,#4228,#4229,#4230,#4231,#4232,#4233,#4234,
#4235,#4236,#4237,#4238,#4239,#4240,#4241,#4242,#4243,#4244,#4245,#4246,
#4247,#4248,#4249,#4250,#4251,#4252,#4253,#4254,#4255,#4256,#4257,#4258,
#4259,#4260,#4261,#4262,#4263,#4264,#4265,#4266,#4267,#4268,#4269,#4270,
#4271,#4272,#4273,#4274,#4275,#4276,#4277,#4278,#4279,#4280,#4281,#4282,
#4283,#4284,#4285,#4286,#4287,#4288,#4289,#4290,#4291,#4292,#4293,#4294,
#4295,#4296,#4297,#4298,#4299,#4300,#4301,#4302,#4303,#4304,#4305,#4306,
#4307,#4308,#4309,#4310,#4311,#4312,#4313,#4314,#4315,#4316,#4317,#4318,
#4319,#4320,#4321,#4322,#4323,#4324,#4325,#4326,#4327,#4328,#4329,#4330,
#4331,#4332,#4333,#4334,#4335,#4336,#4337,#4338,#4339,#4340,#4341));
#4343=DERIVED_UNIT_ELEMENT(#4345,1.);
#4344=DERIVED_UNIT_ELEMENT(#7559,-3.);
#4345=(
MASS_UNIT()
NAMED_UNIT(*)
SI_UNIT(.KILO.,.GRAM.)
);
#4346=DERIVED_UNIT((#4343,#4344));
#4347=MEASURE_REPRESENTATION_ITEM('density measure',
POSITIVE_RATIO_MEASURE(7850.),#4346);
#4348=PROPERTY_DEFINITION_REPRESENTATION(#4353,#4350);
#4349=PROPERTY_DEFINITION_REPRESENTATION(#4354,#4351);
#4350=REPRESENTATION('material name',(#4352),#7556);
#4351=REPRESENTATION('density',(#4347),#7556);
#4352=DESCRIPTIVE_REPRESENTATION_ITEM('Steel','Steel');
#4353=PROPERTY_DEFINITION('material property','material name',#7566);
#4354=PROPERTY_DEFINITION('material property','density of part',#7566);
#4355=AXIS2_PLACEMENT_3D('',#5962,#4742,#4743);
#4356=AXIS2_PLACEMENT_3D('',#6057,#4744,#4745);
#4357=AXIS2_PLACEMENT_3D('',#6058,#4746,#4747);
#4358=AXIS2_PLACEMENT_3D('',#6073,#4750,#4751);
#4359=AXIS2_PLACEMENT_3D('',#6075,#4752,#4753);
#4360=AXIS2_PLACEMENT_3D('',#6081,#4754,#4755);
#4361=AXIS2_PLACEMENT_3D('',#6082,#4756,#4757);
#4362=AXIS2_PLACEMENT_3D('',#6084,#4758,#4759);
#4363=AXIS2_PLACEMENT_3D('',#6089,#4760,#4761);
#4364=AXIS2_PLACEMENT_3D('',#6092,#4762,#4763);
#4365=AXIS2_PLACEMENT_3D('',#6096,#4765,#4766);
#4366=AXIS2_PLACEMENT_3D('',#6098,#4768,#4769);
#4367=AXIS2_PLACEMENT_3D('',#6105,#4774,#4775);
#4368=AXIS2_PLACEMENT_3D('',#6107,#4776,#4777);
#4369=AXIS2_PLACEMENT_3D('',#6109,#4778,#4779);
#4370=AXIS2_PLACEMENT_3D('',#6112,#4781,#4782);
#4371=AXIS2_PLACEMENT_3D('',#6113,#4783,#4784);
#4372=AXIS2_PLACEMENT_3D('',#6117,#4786,#4787);
#4373=AXIS2_PLACEMENT_3D('',#6119,#4789,#4790);
#4374=AXIS2_PLACEMENT_3D('',#6165,#4795,#4796);
#4375=AXIS2_PLACEMENT_3D('',#6209,#4797,#4798);
#4376=AXIS2_PLACEMENT_3D('',#6222,#4800,#4801);
#4377=AXIS2_PLACEMENT_3D('',#6223,#4802,#4803);
#4378=AXIS2_PLACEMENT_3D('',#6224,#4804,#4805);
#4379=AXIS2_PLACEMENT_3D('',#6250,#4806,#4807);
#4380=AXIS2_PLACEMENT_3D('',#6252,#4808,#4809);
#4381=AXIS2_PLACEMENT_3D('',#6254,#4810,#4811);
#4382=AXIS2_PLACEMENT_3D('',#6270,#4812,#4813);
#4383=AXIS2_PLACEMENT_3D('',#6272,#4814,#4815);
#4384=AXIS2_PLACEMENT_3D('',#6274,#4816,#4817);
#4385=AXIS2_PLACEMENT_3D('',#6290,#4818,#4819);
#4386=AXIS2_PLACEMENT_3D('',#6292,#4820,#4821);
#4387=AXIS2_PLACEMENT_3D('',#6294,#4822,#4823);
#4388=AXIS2_PLACEMENT_3D('',#6310,#4824,#4825);
#4389=AXIS2_PLACEMENT_3D('',#6312,#4826,#4827);
#4390=AXIS2_PLACEMENT_3D('',#6314,#4828,#4829);
#4391=AXIS2_PLACEMENT_3D('',#6330,#4830,#4831);
#4392=AXIS2_PLACEMENT_3D('',#6332,#4832,#4833);
#4393=AXIS2_PLACEMENT_3D('',#6334,#4834,#4835);
#4394=AXIS2_PLACEMENT_3D('',#6415,#4836,#4837);
#4395=AXIS2_PLACEMENT_3D('',#6416,#4838,#4839);
#4396=AXIS2_PLACEMENT_3D('',#6420,#4841,#4842);
#4397=AXIS2_PLACEMENT_3D('',#6422,#4844,#4845);
#4398=AXIS2_PLACEMENT_3D('',#6426,#4848,#4849);
#4399=AXIS2_PLACEMENT_3D('',#6430,#4852,#4853);
#4400=AXIS2_PLACEMENT_3D('',#6432,#4855,#4856);
#4401=AXIS2_PLACEMENT_3D('',#6441,#4861,#4862);
#4402=AXIS2_PLACEMENT_3D('',#6449,#4867,#4868);
#4403=AXIS2_PLACEMENT_3D('',#6457,#4873,#4874);
#4404=AXIS2_PLACEMENT_3D('',#6463,#4877,#4878);
#4405=AXIS2_PLACEMENT_3D('',#6467,#4881,#4882);
#4406=AXIS2_PLACEMENT_3D('',#6469,#4883,#4884);
#4407=AXIS2_PLACEMENT_3D('',#6471,#4886,#4887);
#4408=AXIS2_PLACEMENT_3D('',#6477,#4891,#4892);
#4409=AXIS2_PLACEMENT_3D('',#6479,#4893,#4894);
#4410=AXIS2_PLACEMENT_3D('',#6481,#4896,#4897);
#4411=AXIS2_PLACEMENT_3D('',#6484,#4899,#4900);
#4412=AXIS2_PLACEMENT_3D('',#6485,#4901,#4902);
#4413=AXIS2_PLACEMENT_3D('',#6486,#4903,#4904);
#4414=AXIS2_PLACEMENT_3D('',#6490,#4907,#4908);
#4415=AXIS2_PLACEMENT_3D('',#6492,#4909,#4910);
#4416=AXIS2_PLACEMENT_3D('',#6494,#4912,#4913);
#4417=AXIS2_PLACEMENT_3D('',#6496,#4915,#4916);
#4418=AXIS2_PLACEMENT_3D('',#6497,#4917,#4918);
#4419=AXIS2_PLACEMENT_3D('',#6498,#4919,#4920);
#4420=AXIS2_PLACEMENT_3D('',#6499,#4921,#4922);
#4421=AXIS2_PLACEMENT_3D('',#6501,#4923,#4924);
#4422=AXIS2_PLACEMENT_3D('',#6505,#4926,#4927);
#4423=AXIS2_PLACEMENT_3D('',#6508,#4929,#4930);
#4424=AXIS2_PLACEMENT_3D('',#6511,#4931,#4932);
#4425=AXIS2_PLACEMENT_3D('',#6515,#4934,#4935);
#4426=AXIS2_PLACEMENT_3D('',#6519,#4937,#4938);
#4427=AXIS2_PLACEMENT_3D('',#6523,#4940,#4941);
#4428=AXIS2_PLACEMENT_3D('',#6527,#4943,#4944);
#4429=AXIS2_PLACEMENT_3D('',#6531,#4946,#4947);
#4430=AXIS2_PLACEMENT_3D('',#6535,#4949,#4950);
#4431=AXIS2_PLACEMENT_3D('',#6539,#4952,#4953);
#4432=AXIS2_PLACEMENT_3D('',#6541,#4955,#4956);
#4433=AXIS2_PLACEMENT_3D('',#6542,#4957,#4958);
#4434=AXIS2_PLACEMENT_3D('',#6546,#4960,#4961);
#4435=AXIS2_PLACEMENT_3D('',#6548,#4963,#4964);
#4436=AXIS2_PLACEMENT_3D('',#6552,#4967,#4968);
#4437=AXIS2_PLACEMENT_3D('',#6556,#4971,#4972);
#4438=AXIS2_PLACEMENT_3D('',#6558,#4974,#4975);
#4439=AXIS2_PLACEMENT_3D('',#6567,#4980,#4981);
#4440=AXIS2_PLACEMENT_3D('',#6575,#4986,#4987);
#4441=AXIS2_PLACEMENT_3D('',#6583,#4992,#4993);
#4442=AXIS2_PLACEMENT_3D('',#6590,#4998,#4999);
#4443=AXIS2_PLACEMENT_3D('',#6592,#5000,#5001);
#4444=AXIS2_PLACEMENT_3D('',#6594,#5003,#5004);
#4445=AXIS2_PLACEMENT_3D('',#6598,#5007,#5008);
#4446=AXIS2_PLACEMENT_3D('',#6600,#5009,#5010);
#4447=AXIS2_PLACEMENT_3D('',#6602,#5012,#5013);
#4448=AXIS2_PLACEMENT_3D('',#6605,#5015,#5016);
#4449=AXIS2_PLACEMENT_3D('',#6606,#5017,#5018);
#4450=AXIS2_PLACEMENT_3D('',#6607,#5019,#5020);
#4451=AXIS2_PLACEMENT_3D('',#6611,#5023,#5024);
#4452=AXIS2_PLACEMENT_3D('',#6613,#5026,#5027);
#4453=AXIS2_PLACEMENT_3D('',#6614,#5028,#5029);
#4454=AXIS2_PLACEMENT_3D('',#6615,#5030,#5031);
#4455=AXIS2_PLACEMENT_3D('',#6616,#5032,#5033);
#4456=AXIS2_PLACEMENT_3D('',#6617,#5034,#5035);
#4457=AXIS2_PLACEMENT_3D('',#6618,#5036,#5037);
#4458=AXIS2_PLACEMENT_3D('',#6622,#5039,#5040);
#4459=AXIS2_PLACEMENT_3D('',#6624,#5042,#5043);
#4460=AXIS2_PLACEMENT_3D('',#6628,#5046,#5047);
#4461=AXIS2_PLACEMENT_3D('',#6632,#5050,#5051);
#4462=AXIS2_PLACEMENT_3D('',#6634,#5053,#5054);
#4463=AXIS2_PLACEMENT_3D('',#6643,#5059,#5060);
#4464=AXIS2_PLACEMENT_3D('',#6651,#5065,#5066);
#4465=AXIS2_PLACEMENT_3D('',#6659,#5071,#5072);
#4466=AXIS2_PLACEMENT_3D('',#6666,#5077,#5078);
#4467=AXIS2_PLACEMENT_3D('',#6668,#5079,#5080);
#4468=AXIS2_PLACEMENT_3D('',#6670,#5082,#5083);
#4469=AXIS2_PLACEMENT_3D('',#6674,#5086,#5087);
#4470=AXIS2_PLACEMENT_3D('',#6676,#5088,#5089);
#4471=AXIS2_PLACEMENT_3D('',#6678,#5091,#5092);
#4472=AXIS2_PLACEMENT_3D('',#6681,#5094,#5095);
#4473=AXIS2_PLACEMENT_3D('',#6682,#5096,#5097);
#4474=AXIS2_PLACEMENT_3D('',#6683,#5098,#5099);
#4475=AXIS2_PLACEMENT_3D('',#6687,#5102,#5103);
#4476=AXIS2_PLACEMENT_3D('',#6689,#5105,#5106);
#4477=AXIS2_PLACEMENT_3D('',#6690,#5107,#5108);
#4478=AXIS2_PLACEMENT_3D('',#6691,#5109,#5110);
#4479=AXIS2_PLACEMENT_3D('',#6692,#5111,#5112);
#4480=AXIS2_PLACEMENT_3D('',#6693,#5113,#5114);
#4481=AXIS2_PLACEMENT_3D('',#6697,#5116,#5117);
#4482=AXIS2_PLACEMENT_3D('',#6699,#5119,#5120);
#4483=AXIS2_PLACEMENT_3D('',#6700,#5121,#5122);
#4484=AXIS2_PLACEMENT_3D('',#6704,#5125,#5126);
#4485=AXIS2_PLACEMENT_3D('',#6708,#5129,#5130);
#4486=AXIS2_PLACEMENT_3D('',#6710,#5132,#5133);
#4487=AXIS2_PLACEMENT_3D('',#6719,#5138,#5139);
#4488=AXIS2_PLACEMENT_3D('',#6727,#5144,#5145);
#4489=AXIS2_PLACEMENT_3D('',#6735,#5150,#5151);
#4490=AXIS2_PLACEMENT_3D('',#6742,#5156,#5157);
#4491=AXIS2_PLACEMENT_3D('',#6744,#5158,#5159);
#4492=AXIS2_PLACEMENT_3D('',#6746,#5161,#5162);
#4493=AXIS2_PLACEMENT_3D('',#6750,#5165,#5166);
#4494=AXIS2_PLACEMENT_3D('',#6752,#5167,#5168);
#4495=AXIS2_PLACEMENT_3D('',#6754,#5170,#5171);
#4496=AXIS2_PLACEMENT_3D('',#6757,#5173,#5174);
#4497=AXIS2_PLACEMENT_3D('',#6758,#5175,#5176);
#4498=AXIS2_PLACEMENT_3D('',#6759,#5177,#5178);
#4499=AXIS2_PLACEMENT_3D('',#6763,#5181,#5182);
#4500=AXIS2_PLACEMENT_3D('',#6765,#5184,#5185);
#4501=AXIS2_PLACEMENT_3D('',#6766,#5186,#5187);
#4502=AXIS2_PLACEMENT_3D('',#6767,#5188,#5189);
#4503=AXIS2_PLACEMENT_3D('',#6768,#5190,#5191);
#4504=AXIS2_PLACEMENT_3D('',#6769,#5192,#5193);
#4505=AXIS2_PLACEMENT_3D('',#6775,#5197,#5198);
#4506=AXIS2_PLACEMENT_3D('',#6779,#5201,#5202);
#4507=AXIS2_PLACEMENT_3D('',#6783,#5205,#5206);
#4508=AXIS2_PLACEMENT_3D('',#6784,#5207,#5208);
#4509=AXIS2_PLACEMENT_3D('',#6785,#5209,#5210);
#4510=AXIS2_PLACEMENT_3D('',#6794,#5215,#5216);
#4511=AXIS2_PLACEMENT_3D('',#6802,#5221,#5222);
#4512=AXIS2_PLACEMENT_3D('',#6810,#5227,#5228);
#4513=AXIS2_PLACEMENT_3D('',#6817,#5233,#5234);
#4514=AXIS2_PLACEMENT_3D('',#6819,#5235,#5236);
#4515=AXIS2_PLACEMENT_3D('',#6821,#5238,#5239);
#4516=AXIS2_PLACEMENT_3D('',#6825,#5242,#5243);
#4517=AXIS2_PLACEMENT_3D('',#6827,#5244,#5245);
#4518=AXIS2_PLACEMENT_3D('',#6829,#5247,#5248);
#4519=AXIS2_PLACEMENT_3D('',#6832,#5250,#5251);
#4520=AXIS2_PLACEMENT_3D('',#6833,#5252,#5253);
#4521=AXIS2_PLACEMENT_3D('',#6834,#5254,#5255);
#4522=AXIS2_PLACEMENT_3D('',#6838,#5258,#5259);
#4523=AXIS2_PLACEMENT_3D('',#6840,#5261,#5262);
#4524=AXIS2_PLACEMENT_3D('',#6841,#5263,#5264);
#4525=AXIS2_PLACEMENT_3D('',#6842,#5265,#5266);
#4526=AXIS2_PLACEMENT_3D('',#6843,#5267,#5268);
#4527=AXIS2_PLACEMENT_3D('',#6844,#5269,#5270);
#4528=AXIS2_PLACEMENT_3D('',#6846,#5271,#5272);
#4529=AXIS2_PLACEMENT_3D('',#6848,#5273,#5274);
#4530=AXIS2_PLACEMENT_3D('',#6851,#5276,#5277);
#4531=AXIS2_PLACEMENT_3D('',#6852,#5278,#5279);
#4532=AXIS2_PLACEMENT_3D('',#6854,#5280,#5281);
#4533=AXIS2_PLACEMENT_3D('',#6858,#5283,#5284);
#4534=AXIS2_PLACEMENT_3D('',#6859,#5285,#5286);
#4535=AXIS2_PLACEMENT_3D('',#6860,#5287,#5288);
#4536=AXIS2_PLACEMENT_3D('',#6863,#5289,#5290);
#4537=AXIS2_PLACEMENT_3D('',#6871,#5294,#5295);
#4538=AXIS2_PLACEMENT_3D('',#6873,#5297,#5298);
#4539=AXIS2_PLACEMENT_3D('',#6879,#5302,#5303);
#4540=AXIS2_PLACEMENT_3D('',#6882,#5304,#5305);
#4541=AXIS2_PLACEMENT_3D('',#6886,#5307,#5308);
#4542=AXIS2_PLACEMENT_3D('',#6889,#5311,#5312);
#4543=AXIS2_PLACEMENT_3D('',#6892,#5313,#5314);
#4544=AXIS2_PLACEMENT_3D('',#6896,#5316,#5317);
#4545=AXIS2_PLACEMENT_3D('',#6902,#5321,#5322);
#4546=AXIS2_PLACEMENT_3D('',#6905,#5323,#5324);
#4547=AXIS2_PLACEMENT_3D('',#6913,#5328,#5329);
#4548=AXIS2_PLACEMENT_3D('',#6915,#5331,#5332);
#4549=AXIS2_PLACEMENT_3D('',#6921,#5336,#5337);
#4550=AXIS2_PLACEMENT_3D('',#6927,#5341,#5342);
#4551=AXIS2_PLACEMENT_3D('',#6930,#5343,#5344);
#4552=AXIS2_PLACEMENT_3D('',#6935,#5347,#5348);
#4553=AXIS2_PLACEMENT_3D('',#6937,#5350,#5351);
#4554=AXIS2_PLACEMENT_3D('',#6940,#5352,#5353);
#4555=AXIS2_PLACEMENT_3D('',#6944,#5355,#5356);
#4556=AXIS2_PLACEMENT_3D('',#6947,#5359,#5360);
#4557=AXIS2_PLACEMENT_3D('',#6951,#5362,#5363);
#4558=AXIS2_PLACEMENT_3D('',#6953,#5365,#5366);
#4559=AXIS2_PLACEMENT_3D('',#6957,#5368,#5369);
#4560=AXIS2_PLACEMENT_3D('',#6959,#5371,#5372);
#4561=AXIS2_PLACEMENT_3D('',#6963,#5374,#5375);
#4562=AXIS2_PLACEMENT_3D('',#6965,#5377,#5378);
#4563=AXIS2_PLACEMENT_3D('',#6969,#5380,#5381);
#4564=AXIS2_PLACEMENT_3D('',#6971,#5383,#5384);
#4565=AXIS2_PLACEMENT_3D('',#6973,#5386,#5387);
#4566=AXIS2_PLACEMENT_3D('',#6975,#5389,#5390);
#4567=AXIS2_PLACEMENT_3D('',#6979,#5392,#5393);
#4568=AXIS2_PLACEMENT_3D('',#6981,#5395,#5396);
#4569=AXIS2_PLACEMENT_3D('',#6985,#5398,#5399);
#4570=AXIS2_PLACEMENT_3D('',#6987,#5401,#5402);
#4571=AXIS2_PLACEMENT_3D('',#7001,#5410,#5411);
#4572=AXIS2_PLACEMENT_3D('',#7005,#5414,#5415);
#4573=AXIS2_PLACEMENT_3D('',#7009,#5418,#5419);
#4574=AXIS2_PLACEMENT_3D('',#7010,#5420,#5421);
#4575=AXIS2_PLACEMENT_3D('',#7011,#5422,#5423);
#4576=AXIS2_PLACEMENT_3D('',#7021,#5429,#5430);
#4577=AXIS2_PLACEMENT_3D('',#7024,#5432,#5433);
#4578=AXIS2_PLACEMENT_3D('',#7025,#5434,#5435);
#4579=AXIS2_PLACEMENT_3D('',#7029,#5438,#5439);
#4580=AXIS2_PLACEMENT_3D('',#7032,#5441,#5442);
#4581=AXIS2_PLACEMENT_3D('',#7033,#5443,#5444);
#4582=AXIS2_PLACEMENT_3D('',#7037,#5446,#5447);
#4583=AXIS2_PLACEMENT_3D('',#7039,#5449,#5450);
#4584=AXIS2_PLACEMENT_3D('',#7041,#5452,#5453);
#4585=AXIS2_PLACEMENT_3D('',#7053,#5459,#5460);
#4586=AXIS2_PLACEMENT_3D('',#7055,#5462,#5463);
#4587=AXIS2_PLACEMENT_3D('',#7056,#5464,#5465);
#4588=AXIS2_PLACEMENT_3D('',#7058,#5467,#5468);
#4589=AXIS2_PLACEMENT_3D('',#7062,#5471,#5472);
#4590=AXIS2_PLACEMENT_3D('',#7065,#5473,#5474);
#4591=AXIS2_PLACEMENT_3D('',#7069,#5476,#5477);
#4592=AXIS2_PLACEMENT_3D('',#7071,#5479,#5480);
#4593=AXIS2_PLACEMENT_3D('',#7082,#5487,#5488);
#4594=AXIS2_PLACEMENT_3D('',#7085,#5489,#5490);
#4595=AXIS2_PLACEMENT_3D('',#7089,#5492,#5493);
#4596=AXIS2_PLACEMENT_3D('',#7091,#5495,#5496);
#4597=AXIS2_PLACEMENT_3D('',#7092,#5497,#5498);
#4598=AXIS2_PLACEMENT_3D('',#7094,#5499,#5500);
#4599=AXIS2_PLACEMENT_3D('',#7098,#5502,#5503);
#4600=AXIS2_PLACEMENT_3D('',#7101,#5505,#5506);
#4601=AXIS2_PLACEMENT_3D('',#7102,#5507,#5508);
#4602=AXIS2_PLACEMENT_3D('',#7105,#5509,#5510);
#4603=AXIS2_PLACEMENT_3D('',#7109,#5512,#5513);
#4604=AXIS2_PLACEMENT_3D('',#7111,#5515,#5516);
#4605=AXIS2_PLACEMENT_3D('',#7115,#5518,#5519);
#4606=AXIS2_PLACEMENT_3D('',#7117,#5520,#5521);
#4607=AXIS2_PLACEMENT_3D('',#7119,#5523,#5524);
#4608=AXIS2_PLACEMENT_3D('',#7125,#5529,#5530);
#4609=AXIS2_PLACEMENT_3D('',#7127,#5532,#5533);
#4610=AXIS2_PLACEMENT_3D('',#7128,#5534,#5535);
#4611=AXIS2_PLACEMENT_3D('',#7129,#5536,#5537);
#4612=AXIS2_PLACEMENT_3D('',#7130,#5538,#5539);
#4613=AXIS2_PLACEMENT_3D('',#7131,#5540,#5541);
#4614=AXIS2_PLACEMENT_3D('',#7133,#5542,#5543);
#4615=AXIS2_PLACEMENT_3D('',#7135,#5544,#5545);
#4616=AXIS2_PLACEMENT_3D('',#7137,#5547,#5548);
#4617=AXIS2_PLACEMENT_3D('',#7152,#5557,#5558);
#4618=AXIS2_PLACEMENT_3D('',#7154,#5559,#5560);
#4619=AXIS2_PLACEMENT_3D('',#7156,#5562,#5563);
#4620=AXIS2_PLACEMENT_3D('',#7158,#5564,#5565);
#4621=AXIS2_PLACEMENT_3D('',#7160,#5566,#5567);
#4622=AXIS2_PLACEMENT_3D('',#7162,#5569,#5570);
#4623=AXIS2_PLACEMENT_3D('',#7184,#5583,#5584);
#4624=AXIS2_PLACEMENT_3D('',#7185,#5585,#5586);
#4625=AXIS2_PLACEMENT_3D('',#7186,#5587,#5588);
#4626=AXIS2_PLACEMENT_3D('',#7188,#5589,#5590);
#4627=AXIS2_PLACEMENT_3D('',#7190,#5592,#5593);
#4628=AXIS2_PLACEMENT_3D('',#7196,#5597,#5598);
#4629=AXIS2_PLACEMENT_3D('',#7200,#5601,#5602);
#4630=AXIS2_PLACEMENT_3D('',#7206,#5606,#5607);
#4631=AXIS2_PLACEMENT_3D('',#7208,#5609,#5610);
#4632=AXIS2_PLACEMENT_3D('',#7217,#5615,#5616);
#4633=AXIS2_PLACEMENT_3D('',#7223,#5620,#5621);
#4634=AXIS2_PLACEMENT_3D('',#7226,#5624,#5625);
#4635=AXIS2_PLACEMENT_3D('',#7231,#5629,#5630);
#4636=AXIS2_PLACEMENT_3D('',#7240,#5636,#5637);
#4637=AXIS2_PLACEMENT_3D('',#7242,#5639,#5640);
#4638=AXIS2_PLACEMENT_3D('',#7247,#5644,#5645);
#4639=AXIS2_PLACEMENT_3D('',#7249,#5647,#5648);
#4640=AXIS2_PLACEMENT_3D('',#7250,#5649,#5650);
#4641=AXIS2_PLACEMENT_3D('',#7251,#5651,#5652);
#4642=AXIS2_PLACEMENT_3D('',#7252,#5653,#5654);
#4643=AXIS2_PLACEMENT_3D('',#7253,#5655,#5656);
#4644=AXIS2_PLACEMENT_3D('',#7254,#5657,#5658);
#4645=AXIS2_PLACEMENT_3D('',#7255,#5659,#5660);
#4646=AXIS2_PLACEMENT_3D('',#7257,#5661,#5662);
#4647=AXIS2_PLACEMENT_3D('',#7259,#5663,#5664);
#4648=AXIS2_PLACEMENT_3D('',#7263,#5666,#5667);
#4649=AXIS2_PLACEMENT_3D('',#7267,#5669,#5670);
#4650=AXIS2_PLACEMENT_3D('',#7268,#5671,#5672);
#4651=AXIS2_PLACEMENT_3D('',#7269,#5673,#5674);
#4652=AXIS2_PLACEMENT_3D('',#7315,#5697,#5698);
#4653=AXIS2_PLACEMENT_3D('',#7319,#5700,#5701);
#4654=AXIS2_PLACEMENT_3D('',#7323,#5703,#5704);
#4655=AXIS2_PLACEMENT_3D('',#7326,#5706,#5707);
#4656=AXIS2_PLACEMENT_3D('',#7327,#5708,#5709);
#4657=AXIS2_PLACEMENT_3D('',#7331,#5712,#5713);
#4658=AXIS2_PLACEMENT_3D('',#7335,#5716,#5717);
#4659=AXIS2_PLACEMENT_3D('',#7342,#5722,#5723);
#4660=AXIS2_PLACEMENT_3D('',#7345,#5726,#5727);
#4661=AXIS2_PLACEMENT_3D('',#7347,#5729,#5730);
#4662=AXIS2_PLACEMENT_3D('',#7353,#5734,#5735);
#4663=AXIS2_PLACEMENT_3D('',#7355,#5737,#5738);
#4664=AXIS2_PLACEMENT_3D('',#7358,#5741,#5742);
#4665=AXIS2_PLACEMENT_3D('',#7360,#5744,#5745);
#4666=AXIS2_PLACEMENT_3D('',#7366,#5749,#5750);
#4667=AXIS2_PLACEMENT_3D('',#7368,#5752,#5753);
#4668=AXIS2_PLACEMENT_3D('',#7370,#5755,#5756);
#4669=AXIS2_PLACEMENT_3D('',#7376,#5760,#5761);
#4670=AXIS2_PLACEMENT_3D('',#7380,#5764,#5765);
#4671=AXIS2_PLACEMENT_3D('',#7384,#5768,#5769);
#4672=AXIS2_PLACEMENT_3D('',#7386,#5771,#5772);
#4673=AXIS2_PLACEMENT_3D('',#7390,#5775,#5776);
#4674=AXIS2_PLACEMENT_3D('',#7394,#5779,#5780);
#4675=AXIS2_PLACEMENT_3D('',#7396,#5782,#5783);
#4676=AXIS2_PLACEMENT_3D('',#7397,#5784,#5785);
#4677=AXIS2_PLACEMENT_3D('',#7401,#5788,#5789);
#4678=AXIS2_PLACEMENT_3D('',#7405,#5792,#5793);
#4679=AXIS2_PLACEMENT_3D('',#7407,#5795,#5796);
#4680=AXIS2_PLACEMENT_3D('',#7408,#5797,#5798);
#4681=AXIS2_PLACEMENT_3D('',#7410,#5800,#5801);
#4682=AXIS2_PLACEMENT_3D('',#7411,#5802,#5803);
#4683=AXIS2_PLACEMENT_3D('',#7412,#5804,#5805);
#4684=AXIS2_PLACEMENT_3D('',#7415,#5806,#5807);
#4685=AXIS2_PLACEMENT_3D('',#7418,#5810,#5811);
#4686=AXIS2_PLACEMENT_3D('',#7422,#5813,#5814);
#4687=AXIS2_PLACEMENT_3D('',#7424,#5815,#5816);
#4688=AXIS2_PLACEMENT_3D('',#7426,#5817,#5818);
#4689=AXIS2_PLACEMENT_3D('',#7428,#5820,#5821);
#4690=AXIS2_PLACEMENT_3D('',#7438,#5827,#5828);
#4691=AXIS2_PLACEMENT_3D('',#7440,#5829,#5830);
#4692=AXIS2_PLACEMENT_3D('',#7442,#5832,#5833);
#4693=AXIS2_PLACEMENT_3D('',#7446,#5835,#5836);
#4694=AXIS2_PLACEMENT_3D('',#7448,#5837,#5838);
#4695=AXIS2_PLACEMENT_3D('',#7449,#5839,#5840);
#4696=AXIS2_PLACEMENT_3D('',#7450,#5841,#5842);
#4697=AXIS2_PLACEMENT_3D('',#7453,#5843,#5844);
#4698=AXIS2_PLACEMENT_3D('',#7456,#5847,#5848);
#4699=AXIS2_PLACEMENT_3D('',#7460,#5850,#5851);
#4700=AXIS2_PLACEMENT_3D('',#7462,#5852,#5853);
#4701=AXIS2_PLACEMENT_3D('',#7464,#5854,#5855);
#4702=AXIS2_PLACEMENT_3D('',#7466,#5857,#5858);
#4703=AXIS2_PLACEMENT_3D('',#7476,#5864,#5865);
#4704=AXIS2_PLACEMENT_3D('',#7478,#5866,#5867);
#4705=AXIS2_PLACEMENT_3D('',#7480,#5869,#5870);
#4706=AXIS2_PLACEMENT_3D('',#7484,#5872,#5873);
#4707=AXIS2_PLACEMENT_3D('',#7486,#5874,#5875);
#4708=AXIS2_PLACEMENT_3D('',#7487,#5876,#5877);
#4709=AXIS2_PLACEMENT_3D('',#7488,#5878,#5879);
#4710=AXIS2_PLACEMENT_3D('',#7492,#5881,#5882);
#4711=AXIS2_PLACEMENT_3D('',#7494,#5884,#5885);
#4712=AXIS2_PLACEMENT_3D('',#7497,#5887,#5888);
#4713=AXIS2_PLACEMENT_3D('',#7498,#5889,#5890);
#4714=AXIS2_PLACEMENT_3D('',#7499,#5891,#5892);
#4715=AXIS2_PLACEMENT_3D('',#7500,#5893,#5894);
#4716=AXIS2_PLACEMENT_3D('',#7503,#5896,#5897);
#4717=AXIS2_PLACEMENT_3D('',#7504,#5898,#5899);
#4718=AXIS2_PLACEMENT_3D('',#7507,#5901,#5902);
#4719=AXIS2_PLACEMENT_3D('',#7508,#5903,#5904);
#4720=AXIS2_PLACEMENT_3D('',#7511,#5906,#5907);
#4721=AXIS2_PLACEMENT_3D('',#7512,#5908,#5909);
#4722=AXIS2_PLACEMENT_3D('',#7516,#5911,#5912);
#4723=AXIS2_PLACEMENT_3D('',#7518,#5914,#5915);
#4724=AXIS2_PLACEMENT_3D('',#7521,#5917,#5918);
#4725=AXIS2_PLACEMENT_3D('',#7522,#5919,#5920);
#4726=AXIS2_PLACEMENT_3D('',#7523,#5921,#5922);
#4727=AXIS2_PLACEMENT_3D('',#7524,#5923,#5924);
#4728=AXIS2_PLACEMENT_3D('',#7527,#5926,#5927);
#4729=AXIS2_PLACEMENT_3D('',#7528,#5928,#5929);
#4730=AXIS2_PLACEMENT_3D('',#7531,#5931,#5932);
#4731=AXIS2_PLACEMENT_3D('',#7532,#5933,#5934);
#4732=AXIS2_PLACEMENT_3D('',#7535,#5936,#5937);
#4733=AXIS2_PLACEMENT_3D('',#7536,#5938,#5939);
#4734=AXIS2_PLACEMENT_3D('',#7538,#5941,#5942);
#4735=AXIS2_PLACEMENT_3D('',#7540,#5944,#5945);
#4736=AXIS2_PLACEMENT_3D('',#7542,#5946,#5947);
#4737=AXIS2_PLACEMENT_3D('',#7543,#5948,#5949);
#4738=AXIS2_PLACEMENT_3D('',#7546,#5951,#5952);
#4739=AXIS2_PLACEMENT_3D('',#7547,#5953,#5954);
#4740=AXIS2_PLACEMENT_3D('',#7551,#5957,#5958);
#4741=AXIS2_PLACEMENT_3D('',#7553,#5960,#5961);
#4742=DIRECTION('axis',(0.,0.,1.));
#4743=DIRECTION('refdir',(1.,0.,0.));
#4744=DIRECTION('center_axis',(0.,0.,1.));
#4745=DIRECTION('ref_axis',(-0.7806247497998,-0.625,0.));
#4746=DIRECTION('center_axis',(0.,0.,-1.));
#4747=DIRECTION('ref_axis',(0.0992326238459305,0.995064262429644,0.));
#4748=DIRECTION('',(0.,0.,1.));
#4749=DIRECTION('',(0.,0.,-1.));
#4750=DIRECTION('center_axis',(0.,0.,1.));
#4751=DIRECTION('ref_axis',(1.,0.,0.));
#4752=DIRECTION('center_axis',(0.,0.,-1.));
#4753=DIRECTION('ref_axis',(-0.7806247497998,-0.625,0.));
#4754=DIRECTION('center_axis',(0.,0.,1.));
#4755=DIRECTION('ref_axis',(-0.933345606203059,0.358979079308869,0.));
#4756=DIRECTION('center_axis',(0.,0.,-1.));
#4757=DIRECTION('ref_axis',(-0.7806247497998,-0.625,0.));
#4758=DIRECTION('center_axis',(0.,0.,1.));
#4759=DIRECTION('ref_axis',(-0.7806247497998,-0.625,0.));
#4760=DIRECTION('center_axis',(0.,0.,-1.));
#4761=DIRECTION('ref_axis',(-0.994677116933872,0.103040928994846,0.));
#4762=DIRECTION('center_axis',(0.,0.,-1.));
#4763=DIRECTION('ref_axis',(-0.994677116933872,0.103040928994846,0.));
#4764=DIRECTION('',(0.,0.,-1.));
#4765=DIRECTION('center_axis',(0.,0.,-1.));
#4766=DIRECTION('ref_axis',(-0.994677116933872,0.103040928994846,0.));
#4767=DIRECTION('',(0.,0.,1.));
#4768=DIRECTION('center_axis',(-0.625000000000001,0.780624749799799,0.));
#4769=DIRECTION('ref_axis',(0.780624749799799,0.625000000000001,0.));
#4770=DIRECTION('',(0.,0.,-1.));
#4771=DIRECTION('',(0.780624749799799,0.625000000000001,0.));
#4772=DIRECTION('',(-0.780624749799799,-0.625000000000001,0.));
#4773=DIRECTION('',(-0.774596669241483,-0.620173672946043,0.124034734589209));
#4774=DIRECTION('center_axis',(0.,0.,1.));
#4775=DIRECTION('ref_axis',(1.,0.,0.));
#4776=DIRECTION('center_axis',(0.,0.,1.));
#4777=DIRECTION('ref_axis',(-1.,5.78241158658936E-17,0.));
#4778=DIRECTION('center_axis',(0.,0.,-1.));
#4779=DIRECTION('ref_axis',(0.994677116933872,0.103040928994847,0.));
#4780=DIRECTION('',(0.7806247497998,-0.625,0.));
#4781=DIRECTION('center_axis',(0.,0.,1.));
#4782=DIRECTION('ref_axis',(-0.7806247497998,-0.625,0.));
#4783=DIRECTION('center_axis',(0.,0.,-1.));
#4784=DIRECTION('ref_axis',(0.994677116933872,0.103040928994847,0.));
#4785=DIRECTION('',(0.,0.,-1.));
#4786=DIRECTION('center_axis',(0.,0.,-1.));
#4787=DIRECTION('ref_axis',(0.994677116933872,0.103040928994847,0.));
#4788=DIRECTION('',(0.,0.,1.));
#4789=DIRECTION('center_axis',(0.625,0.7806247497998,0.));
#4790=DIRECTION('ref_axis',(0.7806247497998,-0.625,0.));
#4791=DIRECTION('',(0.7806247497998,-0.625,0.));
#4792=DIRECTION('',(0.,0.,1.));
#4793=DIRECTION('',(0.,0.,-1.));
#4794=DIRECTION('',(-0.774596669241483,0.620173672946043,-0.124034734589209));
#4795=DIRECTION('center_axis',(0.,0.,1.));
#4796=DIRECTION('ref_axis',(-0.7806247497998,-0.625,0.));
#4797=DIRECTION('center_axis',(0.,0.,-1.));
#4798=DIRECTION('ref_axis',(-0.0992326238459389,0.995064262429644,0.));
#4799=DIRECTION('',(0.,0.,1.));
#4800=DIRECTION('center_axis',(0.,0.,1.));
#4801=DIRECTION('ref_axis',(-0.7806247497998,-0.625,0.));
#4802=DIRECTION('center_axis',(0.,0.,-1.));
#4803=DIRECTION('ref_axis',(-0.7806247497998,-0.625,0.));
#4804=DIRECTION('center_axis',(0.,0.,-1.));
#4805=DIRECTION('ref_axis',(-0.7806247497998,-0.625,0.));
#4806=DIRECTION('center_axis',(0.572061402817674,0.415626937777446,0.70710678118656));
#4807=DIRECTION('ref_axis',(-0.572061402817695,-0.415626937777461,0.707106781186535));
#4808=DIRECTION('center_axis',(0.,0.,1.));
#4809=DIRECTION('ref_axis',(-0.7806247497998,-0.625,0.));
#4810=DIRECTION('center_axis',(-0.572061402817731,-0.415626937777487,0.70710678118649));
#4811=DIRECTION('ref_axis',(-0.572061402817638,-0.41562693777742,-0.707106781186605));
#4812=DIRECTION('center_axis',(0.672498511963945,0.218508012224407,0.70710678118656));
#4813=DIRECTION('ref_axis',(-0.67249851196397,-0.218508012224414,0.707106781186535));
#4814=DIRECTION('center_axis',(0.,0.,1.));
#4815=DIRECTION('ref_axis',(-0.7806247497998,-0.625,0.));
#4816=DIRECTION('center_axis',(-0.672498511964012,-0.218508012224428,0.70710678118649));
#4817=DIRECTION('ref_axis',(-0.672498511963903,-0.218508012224393,-0.707106781186605));
#4818=DIRECTION('center_axis',(-0.707106781186535,0.,-0.70710678118656));
#4819=DIRECTION('ref_axis',(-0.70710678118656,-4.36136794078834E-17,0.707106781186535));
#4820=DIRECTION('center_axis',(0.,0.,-1.));
#4821=DIRECTION('ref_axis',(-0.7806247497998,-0.625,0.));
#4822=DIRECTION('center_axis',(0.707106781186605,0.,-0.70710678118649));
#4823=DIRECTION('ref_axis',(-0.70710678118649,-4.36136794078791E-17,-0.707106781186605));
#4824=DIRECTION('center_axis',(0.672498511963945,-0.218508012224407,0.70710678118656));
#4825=DIRECTION('ref_axis',(-0.67249851196397,0.218508012224414,0.707106781186535));
#4826=DIRECTION('center_axis',(0.,0.,1.));
#4827=DIRECTION('ref_axis',(-0.7806247497998,-0.625,0.));
#4828=DIRECTION('center_axis',(-0.672498511964012,0.218508012224428,0.70710678118649));
#4829=DIRECTION('ref_axis',(-0.672498511963903,0.218508012224393,-0.707106781186605));
#4830=DIRECTION('center_axis',(0.572061402817674,-0.415626937777446,0.70710678118656));
#4831=DIRECTION('ref_axis',(-0.572061402817695,0.415626937777461,0.707106781186535));
#4832=DIRECTION('center_axis',(0.,0.,1.));
#4833=DIRECTION('ref_axis',(-0.7806247497998,-0.625,0.));
#4834=DIRECTION('center_axis',(-0.572061402817731,0.415626937777487,0.70710678118649));
#4835=DIRECTION('ref_axis',(-0.572061402817638,0.41562693777742,-0.707106781186605));
#4836=DIRECTION('center_axis',(0.587785252292473,-0.809016994374947,0.));
#4837=DIRECTION('ref_axis',(7.26270895275623E-15,5.27355936696949E-15,-1.));
#4838=DIRECTION('center_axis',(-0.891006524188368,-0.453990499739547,0.));
#4839=DIRECTION('ref_axis',(-0.453990499739547,0.891006524188368,0.));
#4840=DIRECTION('',(-0.587785252292473,0.809016994374947,0.));
#4841=DIRECTION('center_axis',(0.587785252292473,-0.809016994374947,0.));
#4842=DIRECTION('ref_axis',(0.809016994374947,0.587785252292473,0.));
#4843=DIRECTION('',(-0.587785252292473,0.809016994374947,0.));
#4844=DIRECTION('center_axis',(0.572061402817674,0.415626937777446,0.70710678118656));
#4845=DIRECTION('ref_axis',(0.572061402817695,0.415626937777461,-0.707106781186535));
#4846=DIRECTION('',(-0.572061402817695,-0.415626937777461,0.707106781186535));
#4847=DIRECTION('',(-0.587785252292473,0.809016994374947,0.));
#4848=DIRECTION('center_axis',(0.,0.,1.));
#4849=DIRECTION('ref_axis',(0.809016994374947,0.587785252292473,0.));
#4850=DIRECTION('',(-0.809016994374947,-0.587785252292473,0.));
#4851=DIRECTION('',(-0.587785252292473,0.809016994374947,0.));
#4852=DIRECTION('center_axis',(-0.572061402817731,-0.415626937777487,0.70710678118649));
#4853=DIRECTION('ref_axis',(0.572061402817638,0.41562693777742,0.707106781186605));
#4854=DIRECTION('',(-0.572061402817638,-0.41562693777742,-0.707106781186605));
#4855=DIRECTION('center_axis',(0.,0.,1.));
#4856=DIRECTION('ref_axis',(-0.809016994374947,-0.587785252292473,0.));
#4857=DIRECTION('',(0.809016994374947,0.587785252292473,0.));
#4858=DIRECTION('',(0.587785252292473,-0.809016994374947,0.));
#4859=DIRECTION('',(-0.809016994374947,-0.587785252292473,0.));
#4860=DIRECTION('',(0.587785252292473,-0.809016994374947,0.));
#4861=DIRECTION('center_axis',(0.572061402817685,0.415626937777454,0.707106781186547));
#4862=DIRECTION('ref_axis',(-0.572061402817684,-0.415626937777453,0.707106781186548));
#4863=DIRECTION('',(-0.295241808844327,0.908660854566026,-0.295241808844326));
#4864=DIRECTION('',(-0.572061402817684,-0.415626937777453,0.707106781186548));
#4865=DIRECTION('',(-0.587785252292473,0.809016994374947,0.));
#4866=DIRECTION('',(0.572061402817684,0.415626937777453,-0.707106781186548));
#4867=DIRECTION('center_axis',(-0.572061402817684,-0.415626937777453,0.707106781186548));
#4868=DIRECTION('ref_axis',(-0.572061402817685,-0.415626937777454,-0.707106781186547));
#4869=DIRECTION('',(0.772953090454446,-0.561583292368329,0.295241808844326));
#4870=DIRECTION('',(0.572061402817685,0.415626937777454,0.707106781186547));
#4871=DIRECTION('',(-0.587785252292473,0.809016994374947,0.));
#4872=DIRECTION('',(-0.572061402817685,-0.415626937777454,-0.707106781186547));
#4873=DIRECTION('center_axis',(-0.18163563200134,0.25,0.951056516295154));
#4874=DIRECTION('ref_axis',(0.809016994374947,0.587785252292473,0.));
#4875=DIRECTION('',(-0.809016994374947,-0.587785252292473,0.));
#4876=DIRECTION('',(-0.781342233105004,0.550546895384769,-0.293942903892369));
#4877=DIRECTION('center_axis',(0.18163563200134,-0.25,-0.951056516295154));
#4878=DIRECTION('ref_axis',(-0.559016994374947,0.769420884293813,-0.309016994374947));
#4879=DIRECTION('',(0.282153183929434,-0.91322896912538,0.293942903892369));
#4880=DIRECTION('',(-0.809016994374947,-0.587785252292473,0.));
#4881=DIRECTION('center_axis',(-0.587785252292473,0.809016994374947,0.));
#4882=DIRECTION('ref_axis',(-0.809016994374947,-0.587785252292473,0.));
#4883=DIRECTION('center_axis',(0.587785252292473,-0.809016994374947,0.));
#4884=DIRECTION('ref_axis',(0.809016994374947,0.587785252292473,0.));
#4885=DIRECTION('',(0.,0.,-1.));
#4886=DIRECTION('center_axis',(0.575992528802764,0.817454957024176,0.));
#4887=DIRECTION('ref_axis',(-0.817454957024176,0.575992528802764,0.));
#4888=DIRECTION('',(0.,0.,1.));
#4889=DIRECTION('',(0.,0.,-1.));
#4890=DIRECTION('',(-0.781342233105004,0.550546895384769,0.293942903892369));
#4891=DIRECTION('center_axis',(-0.587785252292473,0.809016994374947,0.));
#4892=DIRECTION('ref_axis',(-0.809016994374947,-0.587785252292473,0.));
#4893=DIRECTION('center_axis',(0.587785252292473,-0.809016994374947,0.));
#4894=DIRECTION('ref_axis',(0.809016994374947,0.587785252292473,0.));
#4895=DIRECTION('',(0.809016994374947,0.587785252292473,0.));
#4896=DIRECTION('center_axis',(-0.587785252292473,0.809016994374947,0.));
#4897=DIRECTION('ref_axis',(-0.809016994374947,-0.587785252292473,0.));
#4898=DIRECTION('',(0.,0.,1.));
#4899=DIRECTION('center_axis',(0.587785252292473,-0.809016994374947,0.));
#4900=DIRECTION('ref_axis',(0.809016994374947,0.587785252292473,0.));
#4901=DIRECTION('center_axis',(-0.587785252292473,0.809016994374947,0.));
#4902=DIRECTION('ref_axis',(-0.809016994374947,-0.587785252292473,0.));
#4903=DIRECTION('center_axis',(0.587785252292473,-0.809016994374947,0.));
#4904=DIRECTION('ref_axis',(0.809016994374947,0.587785252292473,0.));
#4905=DIRECTION('',(0.,0.,1.));
#4906=DIRECTION('',(0.809016994374947,0.587785252292473,0.));
#4907=DIRECTION('center_axis',(0.18163563200134,-0.25,0.951056516295154));
#4908=DIRECTION('ref_axis',(0.809016994374947,0.587785252292473,0.));
#4909=DIRECTION('center_axis',(0.18163563200134,-0.25,0.951056516295154));
#4910=DIRECTION('ref_axis',(-0.559016994374947,0.769420884293813,0.309016994374947));
#4911=DIRECTION('',(0.282153183929434,-0.91322896912538,-0.293942903892369));
#4912=DIRECTION('center_axis',(-0.955437343688672,-0.295193973998681,0.));
#4913=DIRECTION('ref_axis',(0.295193973998681,-0.955437343688672,0.));
#4914=DIRECTION('',(0.,0.,-1.));
#4915=DIRECTION('center_axis',(0.587785252292473,-0.809016994374947,0.));
#4916=DIRECTION('ref_axis',(0.,0.,-1.));
#4917=DIRECTION('center_axis',(0.587785252292473,-0.809016994374947,0.));
#4918=DIRECTION('ref_axis',(0.809016994374947,0.587785252292473,0.));
#4919=DIRECTION('center_axis',(0.587785252292473,-0.809016994374947,0.));
#4920=DIRECTION('ref_axis',(-8.32667268468867E-16,-6.66133814775094E-16,
-1.));
#4921=DIRECTION('center_axis',(0.,0.,1.));
#4922=DIRECTION('ref_axis',(1.92747052886312E-16,-1.,0.));
#4923=DIRECTION('center_axis',(0.,0.,1.));
#4924=DIRECTION('ref_axis',(-0.937782879133045,0.347222222222221,0.));
#4925=DIRECTION('',(0.,0.,1.));
#4926=DIRECTION('center_axis',(0.,0.,-1.));
#4927=DIRECTION('ref_axis',(-0.937782879133045,0.347222222222221,0.));
#4928=DIRECTION('',(0.,0.,-1.));
#4929=DIRECTION('center_axis',(0.,0.,1.));
#4930=DIRECTION('ref_axis',(-0.937782879133045,0.347222222222221,0.));
#4931=DIRECTION('center_axis',(0.0954915028125263,-0.293892626146237,-0.951056516295154));
#4932=DIRECTION('ref_axis',(-0.293892626146236,0.904508497187474,-0.309016994374947));
#4933=DIRECTION('',(0.,0.,1.));
#4934=DIRECTION('center_axis',(0.0954915028125263,-0.293892626146237,0.951056516295154));
#4935=DIRECTION('ref_axis',(-0.293892626146236,0.904508497187474,0.309016994374947));
#4936=DIRECTION('',(0.,0.,-1.));
#4937=DIRECTION('center_axis',(-0.0954915028125263,-0.293892626146237,-0.951056516295154));
#4938=DIRECTION('ref_axis',(0.293892626146236,0.904508497187474,-0.309016994374947));
#4939=DIRECTION('',(0.,0.,1.));
#4940=DIRECTION('center_axis',(-0.0954915028125263,-0.293892626146237,0.951056516295154));
#4941=DIRECTION('ref_axis',(0.293892626146236,0.904508497187474,0.309016994374947));
#4942=DIRECTION('',(0.,0.,-1.));
#4943=DIRECTION('center_axis',(0.,-0.309016994374947,0.951056516295154));
#4944=DIRECTION('ref_axis',(-2.93301345030742E-16,0.951056516295154,0.309016994374947));
#4945=DIRECTION('',(0.,0.,1.));
#4946=DIRECTION('center_axis',(0.,0.309016994374947,0.951056516295154));
#4947=DIRECTION('ref_axis',(-2.93301345030742E-16,0.951056516295154,-0.309016994374947));
#4948=DIRECTION('',(0.,0.,-1.));
#4949=DIRECTION('center_axis',(-0.18163563200134,-0.25,-0.951056516295154));
#4950=DIRECTION('ref_axis',(-0.559016994374948,-0.769420884293813,0.309016994374947));
#4951=DIRECTION('',(0.,0.,1.));
#4952=DIRECTION('center_axis',(-0.18163563200134,-0.25,0.951056516295154));
#4953=DIRECTION('ref_axis',(-0.559016994374948,-0.769420884293813,-0.309016994374947));
#4954=DIRECTION('',(0.,0.,-1.));
#4955=DIRECTION('center_axis',(0.309016994374947,-0.951056516295154,0.));
#4956=DIRECTION('ref_axis',(8.50014503228635E-15,2.77555756156289E-15,-1.));
#4957=DIRECTION('center_axis',(-0.987688340595138,-0.156434465040231,0.));
#4958=DIRECTION('ref_axis',(-0.156434465040231,0.987688340595138,0.));
#4959=DIRECTION('',(-0.309016994374947,0.951056516295154,0.));
#4960=DIRECTION('center_axis',(0.309016994374947,-0.951056516295154,0.));
#4961=DIRECTION('ref_axis',(0.951056516295154,0.309016994374947,0.));
#4962=DIRECTION('',(-0.309016994374947,0.951056516295154,0.));
#4963=DIRECTION('center_axis',(0.672498511963945,0.218508012224407,0.70710678118656));
#4964=DIRECTION('ref_axis',(0.67249851196397,0.218508012224415,-0.707106781186535));
#4965=DIRECTION('',(-0.67249851196397,-0.218508012224415,0.707106781186535));
#4966=DIRECTION('',(-0.309016994374947,0.951056516295154,0.));
#4967=DIRECTION('center_axis',(0.,0.,1.));
#4968=DIRECTION('ref_axis',(0.951056516295154,0.309016994374947,0.));
#4969=DIRECTION('',(-0.951056516295154,-0.309016994374947,0.));
#4970=DIRECTION('',(-0.309016994374947,0.951056516295154,0.));
#4971=DIRECTION('center_axis',(-0.672498511964012,-0.218508012224428,0.70710678118649));
#4972=DIRECTION('ref_axis',(0.672498511963903,0.218508012224393,0.707106781186605));
#4973=DIRECTION('',(-0.672498511963903,-0.218508012224393,-0.707106781186605));
#4974=DIRECTION('center_axis',(0.,0.,1.));
#4975=DIRECTION('ref_axis',(-0.951056516295154,-0.309016994374947,0.));
#4976=DIRECTION('',(0.951056516295154,0.309016994374947,0.));
#4977=DIRECTION('',(0.309016994374947,-0.951056516295154,0.));
#4978=DIRECTION('',(-0.951056516295154,-0.309016994374947,0.));
#4979=DIRECTION('',(0.309016994374947,-0.951056516295154,0.));
#4980=DIRECTION('center_axis',(0.672498511963958,0.218508012224411,0.707106781186547));
#4981=DIRECTION('ref_axis',(-0.672498511963956,-0.21850801222441,0.707106781186548));
#4982=DIRECTION('',(-7.21644966006352E-16,0.955422563220238,-0.295241808844326));
#4983=DIRECTION('',(-0.672498511963956,-0.21850801222441,0.707106781186548));
#4984=DIRECTION('',(-0.309016994374947,0.951056516295154,0.));
#4985=DIRECTION('',(0.672498511963956,0.21850801222441,-0.707106781186548));
#4986=DIRECTION('center_axis',(-0.672498511963957,-0.21850801222441,0.707106781186548));
#4987=DIRECTION('ref_axis',(-0.672498511963958,-0.218508012224411,-0.707106781186547));
#4988=DIRECTION('',(0.56158329236833,-0.772953090454445,0.295241808844326));
#4989=DIRECTION('',(0.672498511963958,0.218508012224411,0.707106781186547));
#4990=DIRECTION('',(-0.309016994374947,0.951056516295154,0.));
#4991=DIRECTION('',(-0.672498511963958,-0.218508012224411,-0.707106781186547));
#4992=DIRECTION('center_axis',(-0.0954915028125263,0.293892626146237,0.951056516295154));
#4993=DIRECTION('ref_axis',(0.951056516295154,0.309016994374947,0.));
#4994=DIRECTION('',(-0.951056516295154,-0.309016994374947,0.));
#4995=DIRECTION('',(-0.572972275376861,0.765049240834068,-0.293942903892369));
#4996=DIRECTION('',(-0.0138596470457432,-0.955722490807394,0.293942903892369));
#4997=DIRECTION('',(-0.951056516295154,-0.309016994374947,0.));
#4998=DIRECTION('center_axis',(-0.309016994374947,0.951056516295154,0.));
#4999=DIRECTION('ref_axis',(-0.951056516295154,-0.309016994374947,0.));
#5000=DIRECTION('center_axis',(0.309016994374947,-0.951056516295154,0.));
#5001=DIRECTION('ref_axis',(0.951056516295154,0.309016994374947,0.));
#5002=DIRECTION('',(0.,0.,-1.));
#5003=DIRECTION('center_axis',(0.800408921711705,0.599454383622562,0.));
#5004=DIRECTION('ref_axis',(-0.599454383622562,0.800408921711705,0.));
#5005=DIRECTION('',(0.,0.,-1.));
#5006=DIRECTION('',(-0.572972275376861,0.765049240834068,0.293942903892369));
#5007=DIRECTION('center_axis',(-0.309016994374947,0.951056516295154,0.));
#5008=DIRECTION('ref_axis',(-0.951056516295154,-0.309016994374947,0.));
#5009=DIRECTION('center_axis',(0.309016994374947,-0.951056516295154,0.));
#5010=DIRECTION('ref_axis',(0.951056516295154,0.309016994374947,0.));
#5011=DIRECTION('',(0.951056516295154,0.309016994374947,0.));
#5012=DIRECTION('center_axis',(-0.309016994374947,0.951056516295154,0.));
#5013=DIRECTION('ref_axis',(-0.951056516295154,-0.309016994374947,0.));
#5014=DIRECTION('',(0.,0.,1.));
#5015=DIRECTION('center_axis',(0.309016994374947,-0.951056516295154,0.));
#5016=DIRECTION('ref_axis',(0.951056516295154,0.309016994374947,0.));
#5017=DIRECTION('center_axis',(-0.309016994374947,0.951056516295154,0.));
#5018=DIRECTION('ref_axis',(-0.951056516295154,-0.309016994374947,0.));
#5019=DIRECTION('center_axis',(0.309016994374947,-0.951056516295154,0.));
#5020=DIRECTION('ref_axis',(0.951056516295154,0.309016994374947,0.));
#5021=DIRECTION('',(0.,0.,1.));
#5022=DIRECTION('',(0.951056516295154,0.309016994374947,0.));
#5023=DIRECTION('center_axis',(0.0954915028125263,-0.293892626146237,0.951056516295154));
#5024=DIRECTION('ref_axis',(0.951056516295154,0.309016994374947,0.));
#5025=DIRECTION('',(-0.0138596470457432,-0.955722490807394,-0.293942903892369));
#5026=DIRECTION('center_axis',(-0.999894866229513,0.0145002237177491,0.));
#5027=DIRECTION('ref_axis',(-0.0145002237177491,-0.999894866229513,0.));
#5028=DIRECTION('center_axis',(0.309016994374947,-0.951056516295154,0.));
#5029=DIRECTION('ref_axis',(0.,0.,-1.));
#5030=DIRECTION('center_axis',(0.309016994374947,-0.951056516295154,0.));
#5031=DIRECTION('ref_axis',(0.951056516295154,0.309016994374947,0.));
#5032=DIRECTION('center_axis',(0.309016994374947,-0.951056516295154,0.));
#5033=DIRECTION('ref_axis',(-1.01307850997046E-15,-2.77555756156289E-16,
-1.));
#5034=DIRECTION('center_axis',(-0.587785252292473,-0.809016994374947,0.));
#5035=DIRECTION('ref_axis',(7.26270895275623E-15,-5.27355936696949E-15,
-1.));
#5036=DIRECTION('center_axis',(0.891006524188368,-0.453990499739547,0.));
#5037=DIRECTION('ref_axis',(-0.453990499739547,-0.891006524188368,0.));
#5038=DIRECTION('',(0.587785252292473,0.809016994374947,0.));
#5039=DIRECTION('center_axis',(-0.587785252292473,-0.809016994374947,0.));
#5040=DIRECTION('ref_axis',(0.809016994374947,-0.587785252292473,0.));
#5041=DIRECTION('',(0.587785252292473,0.809016994374947,0.));
#5042=DIRECTION('center_axis',(0.572061402817674,-0.415626937777446,0.70710678118656));
#5043=DIRECTION('ref_axis',(0.572061402817695,-0.415626937777461,-0.707106781186535));
#5044=DIRECTION('',(-0.572061402817695,0.415626937777461,0.707106781186535));
#5045=DIRECTION('',(0.587785252292473,0.809016994374947,0.));
#5046=DIRECTION('center_axis',(0.,0.,1.));
#5047=DIRECTION('ref_axis',(0.809016994374947,-0.587785252292473,0.));
#5048=DIRECTION('',(-0.809016994374947,0.587785252292473,0.));
#5049=DIRECTION('',(0.587785252292473,0.809016994374947,0.));
#5050=DIRECTION('center_axis',(-0.572061402817731,0.415626937777487,0.70710678118649));
#5051=DIRECTION('ref_axis',(0.572061402817638,-0.41562693777742,0.707106781186605));
#5052=DIRECTION('',(-0.572061402817638,0.41562693777742,-0.707106781186605));
#5053=DIRECTION('center_axis',(0.,0.,1.));
#5054=DIRECTION('ref_axis',(-0.809016994374947,0.587785252292473,0.));
#5055=DIRECTION('',(0.809016994374947,-0.587785252292473,0.));
#5056=DIRECTION('',(-0.587785252292473,-0.809016994374947,0.));
#5057=DIRECTION('',(-0.809016994374947,0.587785252292473,0.));
#5058=DIRECTION('',(-0.587785252292473,-0.809016994374947,0.));
#5059=DIRECTION('center_axis',(0.572061402817685,-0.415626937777454,0.707106781186547));
#5060=DIRECTION('ref_axis',(-0.572061402817684,0.415626937777453,0.707106781186548));
#5061=DIRECTION('',(0.772953090454445,0.56158329236833,-0.295241808844326));
#5062=DIRECTION('',(-0.572061402817684,0.415626937777453,0.707106781186548));
#5063=DIRECTION('',(0.587785252292473,0.809016994374947,0.));
#5064=DIRECTION('',(0.572061402817684,-0.415626937777453,-0.707106781186548));
#5065=DIRECTION('center_axis',(-0.572061402817684,0.415626937777453,0.707106781186548));
#5066=DIRECTION('ref_axis',(-0.572061402817685,0.415626937777454,-0.707106781186547));
#5067=DIRECTION('',(-0.295241808844326,-0.908660854566026,0.295241808844326));
#5068=DIRECTION('',(0.572061402817685,-0.415626937777454,0.707106781186547));
#5069=DIRECTION('',(0.587785252292473,0.809016994374947,0.));
#5070=DIRECTION('',(-0.572061402817685,0.415626937777454,-0.707106781186547));
#5071=DIRECTION('center_axis',(0.18163563200134,0.25,0.951056516295154));
#5072=DIRECTION('ref_axis',(0.809016994374947,-0.587785252292473,0.));
#5073=DIRECTION('',(-0.809016994374947,0.587785252292473,0.));
#5074=DIRECTION('',(0.282153183929432,0.91322896912538,-0.293942903892369));
#5075=DIRECTION('',(-0.781342233105003,-0.55054689538477,0.293942903892369));
#5076=DIRECTION('',(-0.809016994374947,0.587785252292473,0.));
#5077=DIRECTION('center_axis',(0.587785252292473,0.809016994374947,0.));
#5078=DIRECTION('ref_axis',(-0.809016994374947,0.587785252292473,0.));
#5079=DIRECTION('center_axis',(-0.587785252292473,-0.809016994374947,0.));
#5080=DIRECTION('ref_axis',(0.809016994374947,-0.587785252292473,0.));
#5081=DIRECTION('',(0.,0.,-1.));
#5082=DIRECTION('center_axis',(0.955437343688673,-0.29519397399868,0.));
#5083=DIRECTION('ref_axis',(0.29519397399868,0.955437343688673,0.));
#5084=DIRECTION('',(0.,0.,-1.));
#5085=DIRECTION('',(0.282153183929432,0.91322896912538,0.293942903892369));
#5086=DIRECTION('center_axis',(0.587785252292473,0.809016994374947,0.));
#5087=DIRECTION('ref_axis',(-0.809016994374947,0.587785252292473,0.));
#5088=DIRECTION('center_axis',(-0.587785252292473,-0.809016994374947,0.));
#5089=DIRECTION('ref_axis',(0.809016994374947,-0.587785252292473,0.));
#5090=DIRECTION('',(0.809016994374947,-0.587785252292473,0.));
#5091=DIRECTION('center_axis',(0.587785252292473,0.809016994374947,0.));
#5092=DIRECTION('ref_axis',(-0.809016994374947,0.587785252292473,0.));
#5093=DIRECTION('',(0.,0.,1.));
#5094=DIRECTION('center_axis',(-0.587785252292473,-0.809016994374947,0.));
#5095=DIRECTION('ref_axis',(0.809016994374947,-0.587785252292473,0.));
#5096=DIRECTION('center_axis',(0.587785252292473,0.809016994374947,0.));
#5097=DIRECTION('ref_axis',(-0.809016994374947,0.587785252292473,0.));
#5098=DIRECTION('center_axis',(-0.587785252292473,-0.809016994374947,0.));
#5099=DIRECTION('ref_axis',(0.809016994374947,-0.587785252292473,0.));
#5100=DIRECTION('',(0.,0.,1.));
#5101=DIRECTION('',(0.809016994374947,-0.587785252292473,0.));
#5102=DIRECTION('center_axis',(-0.18163563200134,-0.25,0.951056516295154));
#5103=DIRECTION('ref_axis',(0.809016994374947,-0.587785252292473,0.));
#5104=DIRECTION('',(-0.781342233105003,-0.55054689538477,-0.293942903892369));
#5105=DIRECTION('center_axis',(-0.575992528802765,0.817454957024175,0.));
#5106=DIRECTION('ref_axis',(-0.817454957024175,-0.575992528802765,0.));
#5107=DIRECTION('center_axis',(-0.587785252292473,-0.809016994374947,0.));
#5108=DIRECTION('ref_axis',(0.,0.,-1.));
#5109=DIRECTION('center_axis',(-0.587785252292473,-0.809016994374947,0.));
#5110=DIRECTION('ref_axis',(0.809016994374947,-0.587785252292473,0.));
#5111=DIRECTION('center_axis',(-0.587785252292473,-0.809016994374947,0.));
#5112=DIRECTION('ref_axis',(-8.32667268468867E-16,6.66133814775094E-16,
-1.));
#5113=DIRECTION('center_axis',(-0.309016994374947,-0.951056516295154,0.));
#5114=DIRECTION('ref_axis',(8.51170985545953E-15,-2.77555756156289E-15,
-1.));
#5115=DIRECTION('',(0.309016994374947,0.951056516295154,0.));
#5116=DIRECTION('center_axis',(-0.309016994374947,-0.951056516295154,0.));
#5117=DIRECTION('ref_axis',(0.951056516295154,-0.309016994374947,0.));
#5118=DIRECTION('',(0.309016994374947,0.951056516295154,0.));
#5119=DIRECTION('center_axis',(0.987688340595138,-0.156434465040231,0.));
#5120=DIRECTION('ref_axis',(-0.156434465040231,-0.987688340595138,0.));
#5121=DIRECTION('center_axis',(0.672498511963945,-0.218508012224407,0.70710678118656));
#5122=DIRECTION('ref_axis',(0.67249851196397,-0.218508012224414,-0.707106781186535));
#5123=DIRECTION('',(-0.67249851196397,0.218508012224414,0.707106781186535));
#5124=DIRECTION('',(0.309016994374947,0.951056516295154,0.));
#5125=DIRECTION('center_axis',(0.,0.,1.));
#5126=DIRECTION('ref_axis',(0.951056516295154,-0.309016994374947,0.));
#5127=DIRECTION('',(-0.951056516295154,0.309016994374947,0.));
#5128=DIRECTION('',(0.309016994374947,0.951056516295154,0.));
#5129=DIRECTION('center_axis',(-0.672498511964012,0.218508012224428,0.70710678118649));
#5130=DIRECTION('ref_axis',(0.672498511963903,-0.218508012224393,0.707106781186605));
#5131=DIRECTION('',(-0.672498511963903,0.218508012224393,-0.707106781186605));
#5132=DIRECTION('center_axis',(0.,0.,1.));
#5133=DIRECTION('ref_axis',(-0.951056516295154,0.309016994374947,0.));
#5134=DIRECTION('',(0.951056516295154,-0.309016994374947,0.));
#5135=DIRECTION('',(-0.309016994374947,-0.951056516295154,0.));
#5136=DIRECTION('',(-0.951056516295154,0.309016994374947,0.));
#5137=DIRECTION('',(-0.309016994374947,-0.951056516295154,0.));
#5138=DIRECTION('center_axis',(0.672498511963958,-0.218508012224411,0.707106781186547));
#5139=DIRECTION('ref_axis',(-0.672498511963956,0.21850801222441,0.707106781186548));
#5140=DIRECTION('',(0.561583292368329,0.772953090454446,-0.295241808844326));
#5141=DIRECTION('',(-0.672498511963956,0.21850801222441,0.707106781186548));
#5142=DIRECTION('',(0.309016994374947,0.951056516295154,0.));
#5143=DIRECTION('',(0.672498511963956,-0.21850801222441,-0.707106781186548));
#5144=DIRECTION('center_axis',(-0.672498511963957,0.21850801222441,0.707106781186548));
#5145=DIRECTION('ref_axis',(-0.672498511963958,0.218508012224411,-0.707106781186547));
#5146=DIRECTION('',(6.10622663543836E-16,-0.955422563220238,0.295241808844326));
#5147=DIRECTION('',(0.672498511963958,-0.218508012224411,0.707106781186547));
#5148=DIRECTION('',(0.309016994374947,0.951056516295154,0.));
#5149=DIRECTION('',(-0.672498511963958,0.218508012224411,-0.707106781186547));
#5150=DIRECTION('center_axis',(0.0954915028125263,0.293892626146237,0.951056516295154));
#5151=DIRECTION('ref_axis',(0.951056516295154,-0.309016994374947,0.));
#5152=DIRECTION('',(-0.951056516295154,0.309016994374947,0.));
#5153=DIRECTION('',(-0.013859647045745,0.955722490807394,-0.293942903892369));
#5154=DIRECTION('',(-0.572972275376859,-0.765049240834069,0.293942903892369));
#5155=DIRECTION('',(-0.951056516295154,0.309016994374947,0.));
#5156=DIRECTION('center_axis',(0.309016994374947,0.951056516295154,0.));
#5157=DIRECTION('ref_axis',(-0.951056516295154,0.309016994374947,0.));
#5158=DIRECTION('center_axis',(-0.309016994374947,-0.951056516295154,0.));
#5159=DIRECTION('ref_axis',(0.951056516295154,-0.309016994374947,0.));
#5160=DIRECTION('',(0.,0.,-1.));
#5161=DIRECTION('center_axis',(0.999894866229513,0.014500223717751,0.));
#5162=DIRECTION('ref_axis',(-0.014500223717751,0.999894866229513,0.));
#5163=DIRECTION('',(0.,0.,-1.));
#5164=DIRECTION('',(-0.013859647045745,0.955722490807394,0.293942903892369));
#5165=DIRECTION('center_axis',(0.309016994374947,0.951056516295154,0.));
#5166=DIRECTION('ref_axis',(-0.951056516295154,0.309016994374947,0.));
#5167=DIRECTION('center_axis',(-0.309016994374947,-0.951056516295154,0.));
#5168=DIRECTION('ref_axis',(0.951056516295154,-0.309016994374947,0.));
#5169=DIRECTION('',(0.951056516295154,-0.309016994374947,0.));
#5170=DIRECTION('center_axis',(0.309016994374947,0.951056516295154,0.));
#5171=DIRECTION('ref_axis',(-0.951056516295154,0.309016994374947,0.));
#5172=DIRECTION('',(0.,0.,1.));
#5173=DIRECTION('center_axis',(-0.309016994374947,-0.951056516295154,0.));
#5174=DIRECTION('ref_axis',(0.951056516295154,-0.309016994374947,0.));
#5175=DIRECTION('center_axis',(0.309016994374947,0.951056516295154,0.));
#5176=DIRECTION('ref_axis',(-0.951056516295154,0.309016994374947,0.));
#5177=DIRECTION('center_axis',(-0.309016994374947,-0.951056516295154,0.));
#5178=DIRECTION('ref_axis',(0.951056516295154,-0.309016994374947,0.));
#5179=DIRECTION('',(0.,0.,1.));
#5180=DIRECTION('',(0.951056516295154,-0.309016994374947,0.));
#5181=DIRECTION('center_axis',(-0.0954915028125263,-0.293892626146237,0.951056516295154));
#5182=DIRECTION('ref_axis',(0.951056516295154,-0.309016994374947,0.));
#5183=DIRECTION('',(-0.572972275376859,-0.765049240834069,-0.293942903892369));
#5184=DIRECTION('center_axis',(-0.800408921711706,0.599454383622561,0.));
#5185=DIRECTION('ref_axis',(-0.599454383622561,-0.800408921711706,0.));
#5186=DIRECTION('center_axis',(-0.309016994374947,-0.951056516295154,0.));
#5187=DIRECTION('ref_axis',(0.,0.,-1.));
#5188=DIRECTION('center_axis',(-0.309016994374947,-0.951056516295154,0.));
#5189=DIRECTION('ref_axis',(0.951056516295154,-0.309016994374947,0.));
#5190=DIRECTION('center_axis',(-0.309016994374947,-0.951056516295154,0.));
#5191=DIRECTION('ref_axis',(-1.02695629777827E-15,3.33066907387547E-16,
-1.));
#5192=DIRECTION('center_axis',(0.707106781186535,0.,0.70710678118656));
#5193=DIRECTION('ref_axis',(0.70710678118656,0.,-0.707106781186535));
#5194=DIRECTION('',(0.,1.,0.));
#5195=DIRECTION('',(-0.70710678118656,0.,0.707106781186535));
#5196=DIRECTION('',(0.,1.,0.));
#5197=DIRECTION('center_axis',(0.,0.,1.));
#5198=DIRECTION('ref_axis',(1.,0.,0.));
#5199=DIRECTION('',(-1.,0.,0.));
#5200=DIRECTION('',(0.,1.,0.));
#5201=DIRECTION('center_axis',(-0.707106781186605,0.,0.70710678118649));
#5202=DIRECTION('ref_axis',(0.70710678118649,0.,0.707106781186605));
#5203=DIRECTION('',(-0.70710678118649,0.,-0.707106781186605));
#5204=DIRECTION('',(0.,1.,0.));
#5205=DIRECTION('center_axis',(0.,-1.,0.));
#5206=DIRECTION('ref_axis',(8.94301653695862E-15,0.,-1.));
#5207=DIRECTION('center_axis',(0.,-1.,0.));
#5208=DIRECTION('ref_axis',(1.,0.,0.));
#5209=DIRECTION('center_axis',(0.,0.,1.));
#5210=DIRECTION('ref_axis',(-1.,0.,0.));
#5211=DIRECTION('',(1.,0.,0.));
#5212=DIRECTION('',(0.,-1.,0.));
#5213=DIRECTION('',(-1.,0.,0.));
#5214=DIRECTION('',(0.,-1.,0.));
#5215=DIRECTION('center_axis',(0.707106781186548,0.,0.707106781186547));
#5216=DIRECTION('ref_axis',(-0.707106781186547,0.,0.707106781186548));
#5217=DIRECTION('',(0.295241808844325,0.908660854566026,-0.295241808844326));
#5218=DIRECTION('',(-0.707106781186547,0.,0.707106781186548));
#5219=DIRECTION('',(0.,1.,0.));
#5220=DIRECTION('',(0.707106781186547,0.,-0.707106781186548));
#5221=DIRECTION('center_axis',(-0.707106781186547,0.,0.707106781186548));
#5222=DIRECTION('ref_axis',(-0.707106781186548,0.,-0.707106781186547));
#5223=DIRECTION('',(0.295241808844327,-0.908660854566026,0.295241808844326));
#5224=DIRECTION('',(0.707106781186548,0.,0.707106781186547));
#5225=DIRECTION('',(0.,1.,0.));
#5226=DIRECTION('',(-0.707106781186548,0.,-0.707106781186547));
#5227=DIRECTION('center_axis',(0.,0.309016994374947,0.951056516295154));
#5228=DIRECTION('ref_axis',(1.,0.,0.));
#5229=DIRECTION('',(-1.,0.,0.));
#5230=DIRECTION('',(-0.308515799202246,0.904663236179033,-0.293942903892369));
#5231=DIRECTION('',(-0.308515799202244,-0.904663236179034,0.293942903892369));
#5232=DIRECTION('',(-1.,0.,0.));
#5233=DIRECTION('center_axis',(0.,1.,0.));
#5234=DIRECTION('ref_axis',(-1.,0.,0.));
#5235=DIRECTION('center_axis',(0.,-1.,0.));
#5236=DIRECTION('ref_axis',(1.,0.,0.));
#5237=DIRECTION('',(0.,0.,-1.));
#5238=DIRECTION('center_axis',(0.946475712586625,0.322775038507689,0.));
#5239=DIRECTION('ref_axis',(-0.322775038507689,0.946475712586625,0.));
#5240=DIRECTION('',(0.,0.,-1.));
#5241=DIRECTION('',(-0.308515799202246,0.904663236179033,0.293942903892369));
#5242=DIRECTION('center_axis',(0.,1.,0.));
#5243=DIRECTION('ref_axis',(-1.,0.,0.));
#5244=DIRECTION('center_axis',(0.,-1.,0.));
#5245=DIRECTION('ref_axis',(1.,0.,0.));
#5246=DIRECTION('',(1.,0.,0.));
#5247=DIRECTION('center_axis',(0.,1.,0.));
#5248=DIRECTION('ref_axis',(-1.,0.,0.));
#5249=DIRECTION('',(0.,0.,1.));
#5250=DIRECTION('center_axis',(0.,-1.,0.));
#5251=DIRECTION('ref_axis',(1.,0.,0.));
#5252=DIRECTION('center_axis',(0.,1.,0.));
#5253=DIRECTION('ref_axis',(-1.,0.,0.));
#5254=DIRECTION('center_axis',(0.,-1.,0.));
#5255=DIRECTION('ref_axis',(1.,0.,0.));
#5256=DIRECTION('',(0.,0.,1.));
#5257=DIRECTION('',(1.,0.,0.));
#5258=DIRECTION('center_axis',(0.,-0.309016994374947,0.951056516295154));
#5259=DIRECTION('ref_axis',(1.,0.,0.));
#5260=DIRECTION('',(-0.308515799202244,-0.904663236179034,-0.293942903892369));
#5261=DIRECTION('center_axis',(-0.946475712586626,0.322775038507687,0.));
#5262=DIRECTION('ref_axis',(-0.322775038507687,-0.946475712586626,0.));
#5263=DIRECTION('center_axis',(0.,-1.,0.));
#5264=DIRECTION('ref_axis',(0.,0.,-1.));
#5265=DIRECTION('center_axis',(0.,-1.,0.));
#5266=DIRECTION('ref_axis',(1.,0.,0.));
#5267=DIRECTION('center_axis',(0.,-1.,0.));
#5268=DIRECTION('ref_axis',(-1.07187543957223E-15,0.,-1.));
#5269=DIRECTION('center_axis',(0.,0.,1.));
#5270=DIRECTION('ref_axis',(1.,0.,0.));
#5271=DIRECTION('center_axis',(0.,0.,-1.));
#5272=DIRECTION('ref_axis',(-0.933345606203059,0.358979079308869,0.));
#5273=DIRECTION('center_axis',(0.,0.,-1.));
#5274=DIRECTION('ref_axis',(0.818456325140391,0.574568745963168,0.));
#5275=DIRECTION('',(-1.,0.,0.));
#5276=DIRECTION('center_axis',(0.,0.,-1.));
#5277=DIRECTION('ref_axis',(-0.57531375395775,0.817932811731527,0.));
#5278=DIRECTION('center_axis',(0.,0.,1.));
#5279=DIRECTION('ref_axis',(1.,0.,0.));
#5280=DIRECTION('center_axis',(0.,0.,-1.));
#5281=DIRECTION('ref_axis',(0.575313753957753,0.817932811731525,0.));
#5282=DIRECTION('',(-1.,0.,0.));
#5283=DIRECTION('center_axis',(0.,0.,-1.));
#5284=DIRECTION('ref_axis',(-0.818456325140395,0.574568745963161,0.));
#5285=DIRECTION('center_axis',(0.,0.,-1.));
#5286=DIRECTION('ref_axis',(-0.933345606203059,0.358979079308869,0.));
#5287=DIRECTION('center_axis',(8.32667268468867E-15,0.,-1.));
#5288=DIRECTION('ref_axis',(1.,0.,8.32667268468867E-15));
#5289=DIRECTION('center_axis',(8.32667268468867E-15,0.,-1.));
#5290=DIRECTION('ref_axis',(0.707106781186548,0.707106781186548,0.));
#5291=DIRECTION('',(1.,0.,8.32667268468867E-15));
#5292=DIRECTION('',(0.,-1.,0.));
#5293=DIRECTION('',(-1.,-1.11022302462515E-15,-8.32667268468867E-15));
#5294=DIRECTION('center_axis',(8.32667268468867E-15,0.,-1.));
#5295=DIRECTION('ref_axis',(0.707106781186548,-0.707106781186548,0.));
#5296=DIRECTION('',(0.,-1.,0.));
#5297=DIRECTION('center_axis',(-1.,0.,0.));
#5298=DIRECTION('ref_axis',(0.,0.,-1.));
#5299=DIRECTION('',(0.,0.,1.));
#5300=DIRECTION('',(0.,0.,-1.));
#5301=DIRECTION('',(0.,-1.,0.));
#5302=DIRECTION('center_axis',(-0.499999999999999,0.,0.866025403784439));
#5303=DIRECTION('ref_axis',(-0.866025403784439,0.,-0.499999999999999));
#5304=DIRECTION('center_axis',(-0.499999999999999,0.,0.866025403784439));
#5305=DIRECTION('ref_axis',(0.866025403784439,0.,0.499999999999999));
#5306=DIRECTION('',(0.,1.,0.));
#5307=DIRECTION('center_axis',(-0.499999999999999,0.,0.866025403784439));
#5308=DIRECTION('ref_axis',(0.866025403784439,0.,0.499999999999999));
#5309=DIRECTION('',(0.866025403784439,9.61481343191779E-16,0.499999999999999));
#5310=DIRECTION('',(-0.866025403784439,0.,-0.499999999999999));
#5311=DIRECTION('center_axis',(0.499999999999999,0.,0.866025403784439));
#5312=DIRECTION('ref_axis',(-0.866025403784439,0.,0.499999999999999));
#5313=DIRECTION('center_axis',(0.499999999999999,0.,0.866025403784439));
#5314=DIRECTION('ref_axis',(-0.866025403784439,0.,0.499999999999999));
#5315=DIRECTION('',(0.,-1.,0.));
#5316=DIRECTION('center_axis',(0.499999999999999,0.,0.866025403784439));
#5317=DIRECTION('ref_axis',(-0.866025403784439,0.,0.499999999999999));
#5318=DIRECTION('',(-0.866025403784439,0.,0.499999999999999));
#5319=DIRECTION('',(0.,-1.,0.));
#5320=DIRECTION('',(0.866025403784439,0.,-0.499999999999999));
#5321=DIRECTION('center_axis',(0.499999999999999,0.,0.866025403784439));
#5322=DIRECTION('ref_axis',(-0.866025403784439,0.,0.499999999999999));
#5323=DIRECTION('center_axis',(0.499999999999999,0.,0.866025403784439));
#5324=DIRECTION('ref_axis',(-0.866025403784439,0.,0.499999999999999));
#5325=DIRECTION('',(-0.866025403784439,0.,0.499999999999999));
#5326=DIRECTION('',(0.,-1.,0.));
#5327=DIRECTION('',(0.866025403784439,0.,-0.499999999999999));
#5328=DIRECTION('center_axis',(0.499999999999999,0.,0.866025403784439));
#5329=DIRECTION('ref_axis',(-0.866025403784439,0.,0.499999999999999));
#5330=DIRECTION('',(0.,-1.,0.));
#5331=DIRECTION('center_axis',(1.,0.,0.));
#5332=DIRECTION('ref_axis',(0.,0.,1.));
#5333=DIRECTION('',(0.,0.,1.));
#5334=DIRECTION('',(0.,-1.,0.));
#5335=DIRECTION('',(0.,0.,-1.));
#5336=DIRECTION('center_axis',(1.,0.,0.));
#5337=DIRECTION('ref_axis',(0.,0.,1.));
#5338=DIRECTION('',(0.,0.,-1.));
#5339=DIRECTION('',(0.,0.,1.));
#5340=DIRECTION('',(0.,-1.,0.));
#5341=DIRECTION('center_axis',(-8.32667268468867E-15,0.,-1.));
#5342=DIRECTION('ref_axis',(1.,0.,-8.32667268468867E-15));
#5343=DIRECTION('center_axis',(-8.32667268468867E-15,0.,-1.));
#5344=DIRECTION('ref_axis',(-0.707106781186548,-0.707106781186548,0.));
#5345=DIRECTION('',(-1.,0.,8.32667268468867E-15));
#5346=DIRECTION('',(1.,0.,-8.32667268468867E-15));
#5347=DIRECTION('center_axis',(-8.32667268468867E-15,0.,-1.));
#5348=DIRECTION('ref_axis',(-0.707106781186548,0.707106781186548,0.));
#5349=DIRECTION('',(0.,1.,0.));
#5350=DIRECTION('center_axis',(-8.32667268468867E-15,0.,-1.));
#5351=DIRECTION('ref_axis',(1.,0.,-8.32667268468867E-15));
#5352=DIRECTION('center_axis',(-8.32667268468867E-15,0.,-1.));
#5353=DIRECTION('ref_axis',(-0.707106781186548,0.707106781186548,0.));
#5354=DIRECTION('',(0.,1.,0.));
#5355=DIRECTION('center_axis',(-8.32667268468867E-15,0.,-1.));
#5356=DIRECTION('ref_axis',(-0.707106781186548,-0.707106781186548,0.));
#5357=DIRECTION('',(-1.,0.,8.32667268468867E-15));
#5358=DIRECTION('',(1.,0.,-8.32667268468867E-15));
#5359=DIRECTION('center_axis',(0.,0.,1.));
#5360=DIRECTION('ref_axis',(0.707106781186548,0.707106781186548,0.));
#5361=DIRECTION('',(0.,0.,1.));
#5362=DIRECTION('center_axis',(0.,0.,-1.));
#5363=DIRECTION('ref_axis',(0.707106781186548,0.707106781186548,0.));
#5364=DIRECTION('',(0.,0.,-1.));
#5365=DIRECTION('center_axis',(0.,0.,1.));
#5366=DIRECTION('ref_axis',(0.707106781186548,0.707106781186548,0.));
#5367=DIRECTION('',(0.,0.,-1.));
#5368=DIRECTION('center_axis',(0.,0.,-1.));
#5369=DIRECTION('ref_axis',(0.707106781186548,0.707106781186548,0.));
#5370=DIRECTION('',(0.,0.,1.));
#5371=DIRECTION('center_axis',(0.,0.,1.));
#5372=DIRECTION('ref_axis',(0.707106781186548,-0.707106781186548,0.));
#5373=DIRECTION('',(0.,0.,-1.));
#5374=DIRECTION('center_axis',(0.,0.,-1.));
#5375=DIRECTION('ref_axis',(0.707106781186548,-0.707106781186548,0.));
#5376=DIRECTION('',(0.,0.,1.));
#5377=DIRECTION('center_axis',(0.,0.,1.));
#5378=DIRECTION('ref_axis',(0.707106781186548,-0.707106781186548,0.));
#5379=DIRECTION('',(0.,0.,1.));
#5380=DIRECTION('center_axis',(0.,0.,-1.));
#5381=DIRECTION('ref_axis',(0.707106781186548,-0.707106781186548,0.));
#5382=DIRECTION('',(0.,0.,-1.));
#5383=DIRECTION('center_axis',(1.,0.,0.));
#5384=DIRECTION('ref_axis',(0.,1.,0.));
#5385=DIRECTION('',(0.,1.,0.));
#5386=DIRECTION('center_axis',(1.,0.,0.));
#5387=DIRECTION('ref_axis',(0.,1.,0.));
#5388=DIRECTION('',(0.,-1.,0.));
#5389=DIRECTION('center_axis',(0.,0.,1.));
#5390=DIRECTION('ref_axis',(-0.707106781186548,0.707106781186548,0.));
#5391=DIRECTION('',(0.,0.,-1.));
#5392=DIRECTION('center_axis',(0.,0.,-1.));
#5393=DIRECTION('ref_axis',(-0.707106781186548,0.707106781186548,0.));
#5394=DIRECTION('',(0.,0.,1.));
#5395=DIRECTION('center_axis',(0.,0.,1.));
#5396=DIRECTION('ref_axis',(-0.707106781186548,0.707106781186548,0.));
#5397=DIRECTION('',(0.,0.,1.));
#5398=DIRECTION('center_axis',(0.,0.,-1.));
#5399=DIRECTION('ref_axis',(-0.707106781186548,0.707106781186548,0.));
#5400=DIRECTION('',(0.,0.,-1.));
#5401=DIRECTION('center_axis',(0.,-1.,0.));
#5402=DIRECTION('ref_axis',(1.,0.,0.));
#5403=DIRECTION('',(0.,0.,1.));
#5404=DIRECTION('',(1.,0.,0.));
#5405=DIRECTION('',(0.,0.,1.));
#5406=DIRECTION('',(-1.,0.,0.));
#5407=DIRECTION('',(0.,0.,-1.));
#5408=DIRECTION('',(1.,0.,0.));
#5409=DIRECTION('',(0.,0.,1.));
#5410=DIRECTION('center_axis',(-1.,0.,0.));
#5411=DIRECTION('ref_axis',(0.,-1.,0.));
#5412=DIRECTION('',(0.,1.,0.));
#5413=DIRECTION('',(0.,0.,-1.));
#5414=DIRECTION('center_axis',(-1.,0.,0.));
#5415=DIRECTION('ref_axis',(0.,-1.,0.));
#5416=DIRECTION('',(0.,0.,-1.));
#5417=DIRECTION('',(0.,-1.,0.));
#5418=DIRECTION('center_axis',(0.,0.,1.));
#5419=DIRECTION('ref_axis',(-0.707106781186548,-0.707106781186548,0.));
#5420=DIRECTION('center_axis',(0.,0.,-1.));
#5421=DIRECTION('ref_axis',(-0.707106781186548,-0.707106781186548,0.));
#5422=DIRECTION('center_axis',(0.,-1.,0.));
#5423=DIRECTION('ref_axis',(1.,0.,0.));
#5424=DIRECTION('',(0.,0.,1.));
#5425=DIRECTION('',(-1.,0.,0.));
#5426=DIRECTION('',(0.,0.,-1.));
#5427=DIRECTION('',(1.,0.,0.));
#5428=DIRECTION('',(0.,0.,1.));
#5429=DIRECTION('center_axis',(0.,0.,1.));
#5430=DIRECTION('ref_axis',(-0.707106781186548,-0.707106781186548,0.));
#5431=DIRECTION('',(0.,0.,-1.));
#5432=DIRECTION('center_axis',(0.,0.,-1.));
#5433=DIRECTION('ref_axis',(-0.707106781186548,-0.707106781186548,0.));
#5434=DIRECTION('center_axis',(-1.,0.,0.));
#5435=DIRECTION('ref_axis',(0.,-1.,0.));
#5436=DIRECTION('',(0.,0.,1.));
#5437=DIRECTION('',(0.,1.,0.));
#5438=DIRECTION('center_axis',(0.,0.,1.));
#5439=DIRECTION('ref_axis',(-0.707106781186548,0.707106781186548,0.));
#5440=DIRECTION('',(0.,0.,-1.));
#5441=DIRECTION('center_axis',(0.,0.,-1.));
#5442=DIRECTION('ref_axis',(-0.707106781186548,0.707106781186548,0.));
#5443=DIRECTION('center_axis',(0.,0.,1.));
#5444=DIRECTION('ref_axis',(-0.707106781186548,0.707106781186548,0.));
#5445=DIRECTION('',(0.,0.,1.));
#5446=DIRECTION('center_axis',(0.,0.,-1.));
#5447=DIRECTION('ref_axis',(-0.707106781186548,0.707106781186548,0.));
#5448=DIRECTION('',(0.,0.,-1.));
#5449=DIRECTION('center_axis',(0.,0.,1.));
#5450=DIRECTION('ref_axis',(1.,0.,0.));
#5451=DIRECTION('',(-1.,0.,0.));
#5452=DIRECTION('center_axis',(0.,0.,-1.));
#5453=DIRECTION('ref_axis',(-0.707106781186548,-0.707106781186548,0.));
#5454=DIRECTION('',(0.,-1.,0.));
#5455=DIRECTION('',(1.,0.,0.));
#5456=DIRECTION('',(-6.73050513754349E-16,1.,0.));
#5457=DIRECTION('',(1.,0.,0.));
#5458=DIRECTION('',(0.,-1.,0.));
#5459=DIRECTION('center_axis',(0.,0.,-1.));
#5460=DIRECTION('ref_axis',(-0.707106781186555,-0.70710678118654,0.));
#5461=DIRECTION('',(1.,1.11022302462515E-15,0.));
#5462=DIRECTION('center_axis',(0.,0.,1.));
#5463=DIRECTION('ref_axis',(-0.707106781186548,-0.707106781186548,0.));
#5464=DIRECTION('center_axis',(0.,1.,0.));
#5465=DIRECTION('ref_axis',(-1.,0.,0.));
#5466=DIRECTION('',(1.,0.,0.));
#5467=DIRECTION('center_axis',(-1.,0.,0.));
#5468=DIRECTION('ref_axis',(0.,-1.,0.));
#5469=DIRECTION('',(0.,0.,-1.));
#5470=DIRECTION('',(0.,-1.,0.));
#5471=DIRECTION('center_axis',(0.,0.,1.));
#5472=DIRECTION('ref_axis',(0.581238193719099,0.813733471206733,0.));
#5473=DIRECTION('center_axis',(0.,0.,-1.));
#5474=DIRECTION('ref_axis',(0.581238193719099,0.813733471206733,0.));
#5475=DIRECTION('',(0.,0.,-1.));
#5476=DIRECTION('center_axis',(0.,0.,-1.));
#5477=DIRECTION('ref_axis',(0.581238193719099,0.813733471206733,0.));
#5478=DIRECTION('',(0.,0.,1.));
#5479=DIRECTION('center_axis',(0.,1.,0.));
#5480=DIRECTION('ref_axis',(-1.,0.,0.));
#5481=DIRECTION('',(1.,0.,0.));
#5482=DIRECTION('',(0.,0.,-1.));
#5483=DIRECTION('',(-1.,0.,0.));
#5484=DIRECTION('',(0.,0.,-1.));
#5485=DIRECTION('',(0.,0.,1.));
#5486=DIRECTION('',(-1.,0.,0.));
#5487=DIRECTION('center_axis',(0.,0.,1.));
#5488=DIRECTION('ref_axis',(-0.581238193719098,0.813733471206734,0.));
#5489=DIRECTION('center_axis',(0.,0.,-1.));
#5490=DIRECTION('ref_axis',(-0.581238193719098,0.813733471206734,0.));
#5491=DIRECTION('',(0.,0.,-1.));
#5492=DIRECTION('center_axis',(0.,0.,-1.));
#5493=DIRECTION('ref_axis',(-0.581238193719098,0.813733471206734,0.));
#5494=DIRECTION('',(0.,0.,1.));
#5495=DIRECTION('center_axis',(0.,0.,1.));
#5496=DIRECTION('ref_axis',(1.28185868640845E-16,-1.,0.));
#5497=DIRECTION('center_axis',(0.,0.,1.));
#5498=DIRECTION('ref_axis',(-0.942809041582064,0.333333333333332,0.));
#5499=DIRECTION('center_axis',(0.,0.,-1.));
#5500=DIRECTION('ref_axis',(-0.942809041582064,0.333333333333332,0.));
#5501=DIRECTION('',(0.,0.,1.));
#5502=DIRECTION('center_axis',(0.,0.,1.));
#5503=DIRECTION('ref_axis',(-1.,5.55111512312578E-17,0.));
#5504=DIRECTION('',(0.,0.,1.));
#5505=DIRECTION('center_axis',(0.,0.,-1.));
#5506=DIRECTION('ref_axis',(-0.942809041582064,0.333333333333332,0.));
#5507=DIRECTION('center_axis',(0.,0.,1.));
#5508=DIRECTION('ref_axis',(0.707106781186548,0.707106781186548,0.));
#5509=DIRECTION('center_axis',(0.,0.,-1.));
#5510=DIRECTION('ref_axis',(0.707106781186548,0.707106781186548,0.));
#5511=DIRECTION('',(0.,0.,-1.));
#5512=DIRECTION('center_axis',(0.,0.,-1.));
#5513=DIRECTION('ref_axis',(0.707106781186548,0.707106781186548,0.));
#5514=DIRECTION('',(0.,0.,1.));
#5515=DIRECTION('center_axis',(0.,0.,1.));
#5516=DIRECTION('ref_axis',(1.,0.,0.));
#5517=DIRECTION('',(-1.,0.,0.));
#5518=DIRECTION('center_axis',(0.,0.,-1.));
#5519=DIRECTION('ref_axis',(0.818456325140391,0.574568745963168,0.));
#5520=DIRECTION('center_axis',(0.,0.,1.));
#5521=DIRECTION('ref_axis',(-0.933345606203059,0.358979079308869,0.));
#5522=DIRECTION('',(-6.73050513754349E-16,1.,0.));
#5523=DIRECTION('center_axis',(0.,1.,0.));
#5524=DIRECTION('ref_axis',(-1.,0.,0.));
#5525=DIRECTION('',(-1.,0.,0.));
#5526=DIRECTION('',(0.,0.,-1.));
#5527=DIRECTION('',(0.,0.,1.));
#5528=DIRECTION('',(1.,0.,0.));
#5529=DIRECTION('center_axis',(0.,0.,1.));
#5530=DIRECTION('ref_axis',(0.818456325140391,0.574568745963168,0.));
#5531=DIRECTION('',(0.,0.,-1.));
#5532=DIRECTION('center_axis',(0.,0.,1.));
#5533=DIRECTION('ref_axis',(-0.57531375395775,0.817932811731527,0.));
#5534=DIRECTION('center_axis',(0.,0.,-1.));
#5535=DIRECTION('ref_axis',(-0.57531375395775,0.817932811731527,0.));
#5536=DIRECTION('center_axis',(0.,0.,1.));
#5537=DIRECTION('ref_axis',(0.575313753957753,0.817932811731525,0.));
#5538=DIRECTION('center_axis',(0.,0.,-1.));
#5539=DIRECTION('ref_axis',(0.575313753957753,0.817932811731525,0.));
#5540=DIRECTION('center_axis',(0.,0.,1.));
#5541=DIRECTION('ref_axis',(-0.707106781186546,0.707106781186549,0.));
#5542=DIRECTION('center_axis',(0.,0.,-1.));
#5543=DIRECTION('ref_axis',(-0.707106781186546,0.707106781186549,0.));
#5544=DIRECTION('center_axis',(0.,0.,-1.));
#5545=DIRECTION('ref_axis',(-0.707106781186546,0.707106781186549,0.));
#5546=DIRECTION('',(0.,0.,1.));
#5547=DIRECTION('center_axis',(-1.,0.,0.));
#5548=DIRECTION('ref_axis',(0.,-1.,0.));
#5549=DIRECTION('',(0.,-1.,0.));
#5550=DIRECTION('',(0.,0.,-1.));
#5551=DIRECTION('',(0.,0.,1.));
#5552=DIRECTION('',(0.,1.,0.));
#5553=DIRECTION('',(0.,-1.,0.));
#5554=DIRECTION('',(0.,1.,0.));
#5555=DIRECTION('',(0.,0.,1.));
#5556=DIRECTION('',(0.,-1.,0.));
#5557=DIRECTION('center_axis',(0.,0.,1.));
#5558=DIRECTION('ref_axis',(-0.818456325140395,0.574568745963161,0.));
#5559=DIRECTION('center_axis',(0.,0.,-1.));
#5560=DIRECTION('ref_axis',(-0.818456325140395,0.574568745963161,0.));
#5561=DIRECTION('',(0.,0.,1.));
#5562=DIRECTION('center_axis',(0.,0.,1.));
#5563=DIRECTION('ref_axis',(0.707106781186548,-0.707106781186548,0.));
#5564=DIRECTION('center_axis',(0.,0.,-1.));
#5565=DIRECTION('ref_axis',(0.707106781186548,-0.707106781186548,0.));
#5566=DIRECTION('center_axis',(0.,0.,-1.));
#5567=DIRECTION('ref_axis',(0.707106781186548,-0.707106781186548,0.));
#5568=DIRECTION('',(0.,0.,1.));
#5569=DIRECTION('center_axis',(1.,6.73050513754349E-16,0.));
#5570=DIRECTION('ref_axis',(-6.73050513754349E-16,1.,0.));
#5571=DIRECTION('',(0.,0.,-1.));
#5572=DIRECTION('',(6.73050513754349E-16,-1.,0.));
#5573=DIRECTION('',(-6.73050513754349E-16,1.,0.));
#5574=DIRECTION('',(6.73050513754349E-16,-1.,0.));
#5575=DIRECTION('',(0.,0.,-1.));
#5576=DIRECTION('',(0.,0.,1.));
#5577=DIRECTION('',(-4.7591858235679E-16,0.707106781186548,0.707106781186548));
#5578=DIRECTION('',(-6.73050513754349E-16,1.,0.));
#5579=DIRECTION('',(-4.7591858235679E-16,0.707106781186548,-0.707106781186548));
#5580=DIRECTION('',(0.,0.,1.));
#5581=DIRECTION('',(-6.73050513754349E-16,1.,0.));
#5582=DIRECTION('',(-6.73050513754349E-16,1.,0.));
#5583=DIRECTION('center_axis',(0.,0.,1.));
#5584=DIRECTION('ref_axis',(-0.707106781186548,-0.707106781186548,0.));
#5585=DIRECTION('center_axis',(0.,0.,-1.));
#5586=DIRECTION('ref_axis',(-0.707106781186548,-0.707106781186548,0.));
#5587=DIRECTION('center_axis',(0.,0.,1.));
#5588=DIRECTION('ref_axis',(-0.707106781186555,-0.70710678118654,0.));
#5589=DIRECTION('center_axis',(0.,0.,-1.));
#5590=DIRECTION('ref_axis',(-0.707106781186555,-0.70710678118654,0.));
#5591=DIRECTION('',(0.,0.,1.));
#5592=DIRECTION('center_axis',(0.,0.707106781186548,0.707106781186548));
#5593=DIRECTION('ref_axis',(1.,0.,0.));
#5594=DIRECTION('',(0.,-0.707106781186548,0.707106781186548));
#5595=DIRECTION('',(1.,0.,0.));
#5596=DIRECTION('',(-1.,0.,0.));
#5597=DIRECTION('center_axis',(0.,1.,0.));
#5598=DIRECTION('ref_axis',(-1.,0.,0.));
#5599=DIRECTION('',(0.,0.,1.));
#5600=DIRECTION('',(-1.,0.,0.));
#5601=DIRECTION('center_axis',(0.,-0.707106781186548,0.707106781186548));
#5602=DIRECTION('ref_axis',(1.,0.,0.));
#5603=DIRECTION('',(-1.,0.,0.));
#5604=DIRECTION('',(0.,-0.707106781186548,-0.707106781186548));
#5605=DIRECTION('',(1.,0.,0.));
#5606=DIRECTION('center_axis',(0.,-1.,0.));
#5607=DIRECTION('ref_axis',(1.,0.,0.));
#5608=DIRECTION('',(0.,0.,1.));
#5609=DIRECTION('center_axis',(0.,0.707106781186547,0.707106781186548));
#5610=DIRECTION('ref_axis',(1.,0.,0.));
#5611=DIRECTION('',(0.,-0.707106781186548,0.707106781186547));
#5612=DIRECTION('',(-1.,0.,0.));
#5613=DIRECTION('',(0.,-0.707106781186548,0.707106781186547));
#5614=DIRECTION('',(1.,0.,0.));
#5615=DIRECTION('center_axis',(0.,0.,-1.));
#5616=DIRECTION('ref_axis',(-1.,0.,0.));
#5617=DIRECTION('',(0.,-1.,0.));
#5618=DIRECTION('',(1.,0.,0.));
#5619=DIRECTION('',(0.,1.,0.));
#5620=DIRECTION('center_axis',(0.,-0.707106781186546,0.707106781186549));
#5621=DIRECTION('ref_axis',(1.,0.,0.));
#5622=DIRECTION('',(0.,-0.707106781186549,-0.707106781186546));
#5623=DIRECTION('',(0.,-0.707106781186549,-0.707106781186546));
#5624=DIRECTION('center_axis',(-1.,0.,0.));
#5625=DIRECTION('ref_axis',(0.,-1.,0.));
#5626=DIRECTION('',(0.,0.,-1.));
#5627=DIRECTION('',(0.,-1.,0.));
#5628=DIRECTION('',(0.,-1.,0.));
#5629=DIRECTION('center_axis',(-1.,0.,0.));
#5630=DIRECTION('ref_axis',(0.,-1.,0.));
#5631=DIRECTION('',(0.,0.,-1.));
#5632=DIRECTION('',(0.,-1.,0.));
#5633=DIRECTION('',(0.,0.,1.));
#5634=DIRECTION('',(0.,1.,0.));
#5635=DIRECTION('',(0.,-1.,0.));
#5636=DIRECTION('center_axis',(0.,0.,1.));
#5637=DIRECTION('ref_axis',(1.,0.,0.));
#5638=DIRECTION('',(-1.,0.,0.));
#5639=DIRECTION('center_axis',(0.,0.,1.));
#5640=DIRECTION('ref_axis',(1.,0.,0.));
#5641=DIRECTION('',(-1.,-1.11022302462515E-15,0.));
#5642=DIRECTION('',(0.,1.,0.));
#5643=DIRECTION('',(-1.,0.,0.));
#5644=DIRECTION('center_axis',(0.,1.,0.));
#5645=DIRECTION('ref_axis',(-1.,0.,0.));
#5646=DIRECTION('',(-1.,0.,0.));
#5647=DIRECTION('center_axis',(0.,0.,1.));
#5648=DIRECTION('ref_axis',(1.,0.,0.));
#5649=DIRECTION('center_axis',(1.11022302462515E-15,-1.,0.));
#5650=DIRECTION('ref_axis',(1.,1.11022302462515E-15,0.));
#5651=DIRECTION('center_axis',(0.,0.,1.));
#5652=DIRECTION('ref_axis',(1.,0.,0.));
#5653=DIRECTION('center_axis',(0.,0.,1.));
#5654=DIRECTION('ref_axis',(1.,0.,0.));
#5655=DIRECTION('center_axis',(0.,0.,1.));
#5656=DIRECTION('ref_axis',(-0.933345606203059,0.358979079308869,0.));
#5657=DIRECTION('center_axis',(0.,0.,1.));
#5658=DIRECTION('ref_axis',(1.,0.,0.));
#5659=DIRECTION('center_axis',(0.,0.,1.));
#5660=DIRECTION('ref_axis',(3.18837471365957E-16,-1.,0.));
#5661=DIRECTION('center_axis',(-8.74684993778816E-16,0.984807753012208,
0.17364817766693));
#5662=DIRECTION('ref_axis',(-1.52255251155234E-16,0.17364817766693,-0.984807753012208));
#5663=DIRECTION('center_axis',(0.,0.,1.));
#5664=DIRECTION('ref_axis',(-0.933345606203059,0.358979079308869,0.));
#5665=DIRECTION('',(0.,0.,1.));
#5666=DIRECTION('center_axis',(0.,0.,1.));
#5667=DIRECTION('ref_axis',(-0.933345606203059,0.358979079308869,0.));
#5668=DIRECTION('',(0.,0.,-1.));
#5669=DIRECTION('center_axis',(0.,0.,1.));
#5670=DIRECTION('ref_axis',(-0.933345606203059,0.358979079308869,0.));
#5671=DIRECTION('center_axis',(-1.09335624222352E-16,0.984807753012208,
0.17364817766693));
#5672=DIRECTION('ref_axis',(0.,0.17364817766693,-0.984807753012208));
#5673=DIRECTION('center_axis',(0.,0.,1.));
#5674=DIRECTION('ref_axis',(1.,0.,0.));
#5675=DIRECTION('',(-1.,-8.88178419700127E-16,0.));
#5676=DIRECTION('',(-2.77555756156289E-15,1.,0.));
#5677=DIRECTION('',(1.,0.,0.));
#5678=DIRECTION('',(2.22044604925031E-15,-1.,0.));
#5679=DIRECTION('',(1.,8.88178419700127E-16,0.));
#5680=DIRECTION('',(0.,1.,0.));
#5681=DIRECTION('',(-1.,-1.66533453693774E-15,0.));
#5682=DIRECTION('',(-1.11022302462516E-15,1.,0.));
#5683=DIRECTION('',(1.,-1.11022302462516E-15,0.));
#5684=DIRECTION('',(0.,1.,0.));
#5685=DIRECTION('',(-1.,0.,0.));
#5686=DIRECTION('',(6.73050513754349E-16,-1.,0.));
#5687=DIRECTION('',(1.,1.11022302462516E-15,0.));
#5688=DIRECTION('',(0.,-1.,0.));
#5689=DIRECTION('',(-1.,1.11022302462516E-15,0.));
#5690=DIRECTION('',(6.73050513754349E-16,-1.,0.));
#5691=DIRECTION('',(1.,1.11022302462516E-16,0.));
#5692=DIRECTION('',(0.,1.,0.));
#5693=DIRECTION('',(1.,0.,0.));
#5694=DIRECTION('',(0.,-1.,0.));
#5695=DIRECTION('',(-1.,0.,0.));
#5696=DIRECTION('',(0.,1.,0.));
#5697=DIRECTION('center_axis',(0.,0.,-1.));
#5698=DIRECTION('ref_axis',(-0.707106781186548,0.707106781186548,0.));
#5699=DIRECTION('',(1.,0.,0.));
#5700=DIRECTION('center_axis',(0.,0.,-1.));
#5701=DIRECTION('ref_axis',(0.707106781186548,0.707106781186548,0.));
#5702=DIRECTION('',(0.,-1.,0.));
#5703=DIRECTION('center_axis',(0.,0.,-1.));
#5704=DIRECTION('ref_axis',(0.707106781186548,-0.707106781186548,0.));
#5705=DIRECTION('',(-1.,2.22044604925031E-16,0.));
#5706=DIRECTION('center_axis',(0.,0.,-1.));
#5707=DIRECTION('ref_axis',(-0.707106781186548,-0.707106781186548,0.));
#5708=DIRECTION('center_axis',(8.88178419700127E-16,-1.,0.));
#5709=DIRECTION('ref_axis',(1.,8.88178419700127E-16,0.));
#5710=DIRECTION('',(1.,8.88178419700127E-16,0.));
#5711=DIRECTION('',(0.,0.,1.));
#5712=DIRECTION('center_axis',(0.,0.,1.));
#5713=DIRECTION('ref_axis',(1.,0.,0.));
#5714=DIRECTION('',(1.,8.88178419700127E-16,0.));
#5715=DIRECTION('',(2.77555756156289E-15,-1.,0.));
#5716=DIRECTION('center_axis',(-8.74684993778816E-16,0.984807753012208,
0.17364817766693));
#5717=DIRECTION('ref_axis',(-1.,-8.88178419700127E-16,0.));
#5718=DIRECTION('',(-0.171087869746036,0.171087869746035,-0.970287525247814));
#5719=DIRECTION('',(-3.85576410060052E-16,0.17364817766693,-0.984807753012208));
#5720=DIRECTION('',(-1.,-8.88178419700127E-16,0.));
#5721=DIRECTION('',(4.81970512575065E-16,-0.17364817766693,0.984807753012208));
#5722=DIRECTION('center_axis',(-0.984807753012208,0.,0.17364817766693));
#5723=DIRECTION('ref_axis',(0.,-1.,0.));
#5724=DIRECTION('',(0.17364817766693,0.,0.984807753012208));
#5725=DIRECTION('',(-0.17364817766693,1.92788205030026E-16,-0.984807753012208));
#5726=DIRECTION('center_axis',(-0.984807753012208,0.,0.17364817766693));
#5727=DIRECTION('ref_axis',(0.,-1.,0.));
#5728=DIRECTION('',(0.17364817766693,2.89182307545039E-16,0.984807753012208));
#5729=DIRECTION('center_axis',(0.,0.,1.));
#5730=DIRECTION('ref_axis',(1.,0.,0.));
#5731=DIRECTION('',(1.,0.,0.));
#5732=DIRECTION('',(0.,1.,0.));
#5733=DIRECTION('',(1.,1.11022302462516E-16,0.));
#5734=DIRECTION('center_axis',(0.,-1.,0.));
#5735=DIRECTION('ref_axis',(1.,0.,0.));
#5736=DIRECTION('',(0.17364817766693,0.,-0.984807753012208));
#5737=DIRECTION('center_axis',(0.984807753012208,6.62825364114133E-16,0.17364817766693));
#5738=DIRECTION('ref_axis',(-6.73050513754349E-16,1.,0.));
#5739=DIRECTION('',(-0.171087869746035,-0.171087869746036,0.970287525247814));
#5740=DIRECTION('',(0.17364817766693,-1.92788205030026E-16,-0.984807753012208));
#5741=DIRECTION('center_axis',(0.984807753012208,6.62825364114133E-16,0.17364817766693));
#5742=DIRECTION('ref_axis',(-6.73050513754349E-16,1.,0.));
#5743=DIRECTION('',(-0.17364817766693,-1.92788205030026E-16,0.984807753012208));
#5744=DIRECTION('center_axis',(0.,1.,0.));
#5745=DIRECTION('ref_axis',(-1.,0.,0.));
#5746=DIRECTION('',(0.,0.,1.));
#5747=DIRECTION('',(-1.,0.,0.));
#5748=DIRECTION('',(0.,0.,1.));
#5749=DIRECTION('center_axis',(1.,2.22044604925031E-15,0.));
#5750=DIRECTION('ref_axis',(-2.22044604925031E-15,1.,0.));
#5751=DIRECTION('',(-2.22044604925031E-15,1.,0.));
#5752=DIRECTION('center_axis',(0.,0.,1.));
#5753=DIRECTION('ref_axis',(1.,0.,0.));
#5754=DIRECTION('',(0.,-1.,0.));
#5755=DIRECTION('center_axis',(0.,1.,0.));
#5756=DIRECTION('ref_axis',(-1.,0.,0.));
#5757=DIRECTION('',(0.,0.,1.));
#5758=DIRECTION('',(-1.,0.,0.));
#5759=DIRECTION('',(0.,0.,1.));
#5760=DIRECTION('center_axis',(-1.,0.,0.));
#5761=DIRECTION('ref_axis',(0.,-1.,0.));
#5762=DIRECTION('',(0.,-0.17364817766693,0.984807753012208));
#5763=DIRECTION('',(0.,-1.,0.));
#5764=DIRECTION('center_axis',(0.,0.,1.));
#5765=DIRECTION('ref_axis',(1.,0.,0.));
#5766=DIRECTION('',(0.,1.,0.));
#5767=DIRECTION('',(-1.,-1.11022302462516E-16,0.));
#5768=DIRECTION('center_axis',(-1.09335624222352E-16,0.984807753012208,
0.17364817766693));
#5769=DIRECTION('ref_axis',(-1.,-1.11022302462516E-16,0.));
#5770=DIRECTION('',(0.,0.17364817766693,-0.984807753012208));
#5771=DIRECTION('center_axis',(1.11022302462516E-15,1.,0.));
#5772=DIRECTION('ref_axis',(-1.,1.11022302462516E-15,0.));
#5773=DIRECTION('',(0.,0.,1.));
#5774=DIRECTION('',(-1.,1.11022302462516E-15,0.));
#5775=DIRECTION('center_axis',(-1.,-1.11022302462516E-15,0.));
#5776=DIRECTION('ref_axis',(1.11022302462516E-15,-1.,0.));
#5777=DIRECTION('',(0.,0.,1.));
#5778=DIRECTION('',(1.11022302462516E-15,-1.,0.));
#5779=DIRECTION('center_axis',(1.66533453693774E-15,-1.,0.));
#5780=DIRECTION('ref_axis',(1.,1.66533453693774E-15,0.));
#5781=DIRECTION('',(1.,1.66533453693774E-15,0.));
#5782=DIRECTION('center_axis',(0.,0.,1.));
#5783=DIRECTION('ref_axis',(1.,0.,0.));
#5784=DIRECTION('center_axis',(-1.11022302462516E-15,1.,0.));
#5785=DIRECTION('ref_axis',(-1.,-1.11022302462516E-15,0.));
#5786=DIRECTION('',(-1.,-1.11022302462516E-15,0.));
#5787=DIRECTION('',(0.,0.,1.));
#5788=DIRECTION('center_axis',(-1.11022302462516E-15,-1.,0.));
#5789=DIRECTION('ref_axis',(1.,-1.11022302462516E-15,0.));
#5790=DIRECTION('',(0.,0.,1.));
#5791=DIRECTION('',(1.,-1.11022302462516E-15,0.));
#5792=DIRECTION('center_axis',(1.,0.,0.));
#5793=DIRECTION('ref_axis',(0.,1.,0.));
#5794=DIRECTION('',(0.,1.,0.));
#5795=DIRECTION('center_axis',(0.,0.,1.));
#5796=DIRECTION('ref_axis',(1.,0.,0.));
#5797=DIRECTION('center_axis',(0.,-1.,0.));
#5798=DIRECTION('ref_axis',(1.,0.,0.));
#5799=DIRECTION('',(0.,0.,1.));
#5800=DIRECTION('center_axis',(1.,0.,0.));
#5801=DIRECTION('ref_axis',(0.,1.,0.));
#5802=DIRECTION('center_axis',(-1.,-2.77555756156289E-15,0.));
#5803=DIRECTION('ref_axis',(2.77555756156289E-15,-1.,0.));
#5804=DIRECTION('center_axis',(0.,0.,1.));
#5805=DIRECTION('ref_axis',(-0.707106781186548,-0.707106781186548,0.));
#5806=DIRECTION('center_axis',(0.,0.,-1.));
#5807=DIRECTION('ref_axis',(-0.707106781186548,-0.707106781186548,0.));
#5808=DIRECTION('',(0.,0.,-1.));
#5809=DIRECTION('',(0.,0.,1.));
#5810=DIRECTION('center_axis',(0.,0.,1.));
#5811=DIRECTION('ref_axis',(1.,0.,0.));
#5812=DIRECTION('',(1.,-2.22044604925031E-16,0.));
#5813=DIRECTION('center_axis',(0.,0.,-1.));
#5814=DIRECTION('ref_axis',(0.978894218092432,-0.204367584966906,0.));
#5815=DIRECTION('center_axis',(0.,0.,-1.));
#5816=DIRECTION('ref_axis',(1.,0.,0.));
#5817=DIRECTION('center_axis',(0.,0.,-1.));
#5818=DIRECTION('ref_axis',(-0.204367584966893,0.978894218092435,0.));
#5819=DIRECTION('',(0.,-1.,0.));
#5820=DIRECTION('center_axis',(-2.22044604925031E-16,-1.,0.));
#5821=DIRECTION('ref_axis',(1.,-2.22044604925031E-16,0.));
#5822=DIRECTION('',(0.,0.,-1.));
#5823=DIRECTION('',(1.,-2.22044604925031E-16,0.));
#5824=DIRECTION('',(0.,0.,1.));
#5825=DIRECTION('',(1.,-2.22044604925031E-16,0.));
#5826=DIRECTION('',(0.,0.,-1.));
#5827=DIRECTION('center_axis',(0.,0.,1.));
#5828=DIRECTION('ref_axis',(0.707106781186548,-0.707106781186548,0.));
#5829=DIRECTION('center_axis',(0.,0.,-1.));
#5830=DIRECTION('ref_axis',(0.707106781186548,-0.707106781186548,0.));
#5831=DIRECTION('',(0.,0.,1.));
#5832=DIRECTION('center_axis',(0.,0.,1.));
#5833=DIRECTION('ref_axis',(1.,0.,0.));
#5834=DIRECTION('',(0.,1.,0.));
#5835=DIRECTION('center_axis',(0.,0.,-1.));
#5836=DIRECTION('ref_axis',(0.204367584966908,0.978894218092432,0.));
#5837=DIRECTION('center_axis',(0.,0.,-1.));
#5838=DIRECTION('ref_axis',(1.,0.,0.));
#5839=DIRECTION('center_axis',(0.,0.,-1.));
#5840=DIRECTION('ref_axis',(-0.978894218092432,-0.204367584966908,0.));
#5841=DIRECTION('center_axis',(0.,0.,1.));
#5842=DIRECTION('ref_axis',(0.707106781186548,0.707106781186548,0.));
#5843=DIRECTION('center_axis',(0.,0.,-1.));
#5844=DIRECTION('ref_axis',(0.707106781186548,0.707106781186548,0.));
#5845=DIRECTION('',(0.,0.,-1.));
#5846=DIRECTION('',(0.,0.,1.));
#5847=DIRECTION('center_axis',(0.,0.,1.));
#5848=DIRECTION('ref_axis',(1.,0.,0.));
#5849=DIRECTION('',(-1.,0.,0.));
#5850=DIRECTION('center_axis',(0.,0.,-1.));
#5851=DIRECTION('ref_axis',(-0.978894218092435,0.204367584966895,0.));
#5852=DIRECTION('center_axis',(0.,0.,-1.));
#5853=DIRECTION('ref_axis',(1.,0.,0.));
#5854=DIRECTION('center_axis',(0.,0.,-1.));
#5855=DIRECTION('ref_axis',(0.204367584966908,-0.978894218092432,0.));
#5856=DIRECTION('',(0.,1.,0.));
#5857=DIRECTION('center_axis',(0.,1.,0.));
#5858=DIRECTION('ref_axis',(-1.,0.,0.));
#5859=DIRECTION('',(0.,0.,-1.));
#5860=DIRECTION('',(-1.,0.,0.));
#5861=DIRECTION('',(0.,0.,1.));
#5862=DIRECTION('',(-1.,0.,0.));
#5863=DIRECTION('',(0.,0.,-1.));
#5864=DIRECTION('center_axis',(0.,0.,1.));
#5865=DIRECTION('ref_axis',(-0.707106781186548,0.707106781186548,0.));
#5866=DIRECTION('center_axis',(0.,0.,-1.));
#5867=DIRECTION('ref_axis',(-0.707106781186548,0.707106781186548,0.));
#5868=DIRECTION('',(0.,0.,1.));
#5869=DIRECTION('center_axis',(0.,0.,1.));
#5870=DIRECTION('ref_axis',(1.,0.,0.));
#5871=DIRECTION('',(0.,-1.,0.));
#5872=DIRECTION('center_axis',(0.,0.,-1.));
#5873=DIRECTION('ref_axis',(-0.204367584966893,-0.978894218092435,0.));
#5874=DIRECTION('center_axis',(0.,0.,-1.));
#5875=DIRECTION('ref_axis',(1.,0.,0.));
#5876=DIRECTION('center_axis',(0.,0.,-1.));
#5877=DIRECTION('ref_axis',(0.978894218092432,0.204367584966908,0.));
#5878=DIRECTION('center_axis',(0.,0.,1.));
#5879=DIRECTION('ref_axis',(-0.204367584966893,0.978894218092435,0.));
#5880=DIRECTION('',(0.,0.,-1.));
#5881=DIRECTION('center_axis',(0.,0.,-1.));
#5882=DIRECTION('ref_axis',(-0.204367584966893,0.978894218092435,0.));
#5883=DIRECTION('',(0.,0.,1.));
#5884=DIRECTION('center_axis',(0.,0.,1.));
#5885=DIRECTION('ref_axis',(1.,0.,0.));
#5886=DIRECTION('',(0.,0.,1.));
#5887=DIRECTION('center_axis',(0.,0.,1.));
#5888=DIRECTION('ref_axis',(1.,0.,0.));
#5889=DIRECTION('center_axis',(0.,0.,1.));
#5890=DIRECTION('ref_axis',(0.978894218092432,-0.204367584966906,0.));
#5891=DIRECTION('center_axis',(0.,0.,-1.));
#5892=DIRECTION('ref_axis',(0.978894218092432,-0.204367584966906,0.));
#5893=DIRECTION('center_axis',(0.,0.,1.));
#5894=DIRECTION('ref_axis',(-0.978894218092432,-0.204367584966908,0.));
#5895=DIRECTION('',(0.,0.,-1.));
#5896=DIRECTION('center_axis',(0.,0.,-1.));
#5897=DIRECTION('ref_axis',(-0.978894218092432,-0.204367584966908,0.));
#5898=DIRECTION('center_axis',(0.,0.,1.));
#5899=DIRECTION('ref_axis',(1.,0.,0.));
#5900=DIRECTION('',(0.,0.,1.));
#5901=DIRECTION('center_axis',(0.,0.,1.));
#5902=DIRECTION('ref_axis',(1.,0.,0.));
#5903=DIRECTION('center_axis',(0.,0.,1.));
#5904=DIRECTION('ref_axis',(0.204367584966908,0.978894218092432,0.));
#5905=DIRECTION('',(0.,0.,-1.));
#5906=DIRECTION('center_axis',(0.,0.,-1.));
#5907=DIRECTION('ref_axis',(0.204367584966908,0.978894218092432,0.));
#5908=DIRECTION('center_axis',(0.,0.,1.));
#5909=DIRECTION('ref_axis',(0.204367584966908,-0.978894218092432,0.));
#5910=DIRECTION('',(0.,0.,-1.));
#5911=DIRECTION('center_axis',(0.,0.,-1.));
#5912=DIRECTION('ref_axis',(0.204367584966908,-0.978894218092432,0.));
#5913=DIRECTION('',(0.,0.,1.));
#5914=DIRECTION('center_axis',(0.,0.,1.));
#5915=DIRECTION('ref_axis',(1.,0.,0.));
#5916=DIRECTION('',(0.,0.,1.));
#5917=DIRECTION('center_axis',(0.,0.,1.));
#5918=DIRECTION('ref_axis',(1.,0.,0.));
#5919=DIRECTION('center_axis',(0.,0.,1.));
#5920=DIRECTION('ref_axis',(-0.978894218092435,0.204367584966895,0.));
#5921=DIRECTION('center_axis',(0.,0.,-1.));
#5922=DIRECTION('ref_axis',(-0.978894218092435,0.204367584966895,0.));
#5923=DIRECTION('center_axis',(0.,0.,1.));
#5924=DIRECTION('ref_axis',(0.978894218092432,0.204367584966908,0.));
#5925=DIRECTION('',(0.,0.,-1.));
#5926=DIRECTION('center_axis',(0.,0.,-1.));
#5927=DIRECTION('ref_axis',(0.978894218092432,0.204367584966908,0.));
#5928=DIRECTION('center_axis',(0.,0.,1.));
#5929=DIRECTION('ref_axis',(1.,0.,0.));
#5930=DIRECTION('',(0.,0.,1.));
#5931=DIRECTION('center_axis',(0.,0.,1.));
#5932=DIRECTION('ref_axis',(1.,0.,0.));
#5933=DIRECTION('center_axis',(0.,0.,1.));
#5934=DIRECTION('ref_axis',(-0.204367584966893,-0.978894218092435,0.));
#5935=DIRECTION('',(0.,0.,-1.));
#5936=DIRECTION('center_axis',(0.,0.,-1.));
#5937=DIRECTION('ref_axis',(-0.204367584966893,-0.978894218092435,0.));
#5938=DIRECTION('center_axis',(-1.,0.,0.));
#5939=DIRECTION('ref_axis',(0.,-1.,0.));
#5940=DIRECTION('',(0.,-1.,0.));
#5941=DIRECTION('center_axis',(1.,0.,0.));
#5942=DIRECTION('ref_axis',(0.,1.,0.));
#5943=DIRECTION('',(0.,1.,0.));
#5944=DIRECTION('center_axis',(0.,0.,1.));
#5945=DIRECTION('ref_axis',(1.,0.,0.));
#5946=DIRECTION('center_axis',(0.,0.,1.));
#5947=DIRECTION('ref_axis',(1.,0.,0.));
#5948=DIRECTION('center_axis',(0.,0.,1.));
#5949=DIRECTION('ref_axis',(1.,0.,0.));
#5950=DIRECTION('',(0.0871557427476582,1.0673500138323E-17,-0.996194698091746));
#5951=DIRECTION('center_axis',(0.,0.,-1.));
#5952=DIRECTION('ref_axis',(1.,0.,0.));
#5953=DIRECTION('center_axis',(0.,1.,0.));
#5954=DIRECTION('ref_axis',(-1.,0.,0.));
#5955=DIRECTION('',(1.,0.,0.));
#5956=DIRECTION('',(0.,0.,1.));
#5957=DIRECTION('center_axis',(1.,0.,0.));
#5958=DIRECTION('ref_axis',(0.,1.,0.));
#5959=DIRECTION('',(0.,-1.,0.));
#5960=DIRECTION('center_axis',(0.,0.,1.));
#5961=DIRECTION('ref_axis',(1.,0.,0.));
#5962=CARTESIAN_POINT('',(0.,0.,0.));
#5963=CARTESIAN_POINT('Ctrl Pts',(-21.9819284513831,-17.5996280999775,9.75005180840013));
#5964=CARTESIAN_POINT('Ctrl Pts',(-19.4177649359147,-15.5466542510459,13.7513839664434));
#5965=CARTESIAN_POINT('Ctrl Pts',(-16.8535630138701,-13.4936496522436,17.7526757397058));
#5966=CARTESIAN_POINT('Ctrl Pts',(-14.2891883775374,-11.4405067713408,21.7537858642279));
#5967=CARTESIAN_POINT('Ctrl Pts',(-21.9191862610287,-17.5493941444418,9.68407122443396));
#5968=CARTESIAN_POINT('Ctrl Pts',(-19.3550736339454,-15.4964645283322,13.6854571323444));
#5969=CARTESIAN_POINT('Ctrl Pts',(-16.7909407917136,-13.4435035874239,17.6868136920739));
#5970=CARTESIAN_POINT('Ctrl Pts',(-14.2266873265833,-11.3904658818401,21.6880498065695));
#5971=CARTESIAN_POINT('Ctrl Pts',(-21.7408070469167,-17.5160524499353,9.5526542165787));
#5972=CARTESIAN_POINT('Ctrl Pts',(-19.176889590755,-15.4630853187676,13.5541428630088));
#5973=CARTESIAN_POINT('Ctrl Pts',(-16.6129960127229,-13.4100953093137,17.5556340266289));
#5974=CARTESIAN_POINT('Ctrl Pts',(-14.0492048778147,-11.3569714375909,21.5571110537055));
#5975=CARTESIAN_POINT('Ctrl Pts',(-21.5590205916615,-17.6346123815629,9.49699031560477));
#5976=CARTESIAN_POINT('Ctrl Pts',(-18.9952102676962,-15.581376194986,13.4984082428951));
#5977=CARTESIAN_POINT('Ctrl Pts',(-16.4314404336474,-13.5280380022528,17.4997985531895));
#5978=CARTESIAN_POINT('Ctrl Pts',(-13.8679059052006,-11.4742805415046,21.5011100618742));
#5979=CARTESIAN_POINT('Ctrl Pts',(-21.4933432919585,-17.715231472289,9.49626594417222));
#5980=CARTESIAN_POINT('Ctrl Pts',(-18.929505549503,-15.6618623730209,13.4975981022155));
#5981=CARTESIAN_POINT('Ctrl Pts',(-16.3657101998791,-13.608364130673,17.4988898754779));
#5982=CARTESIAN_POINT('Ctrl Pts',(-13.8021135008547,-11.5542919692002,21.5));
#5983=CARTESIAN_POINT('',(-13.8021135008547,-11.5542919692002,21.5));
#5984=CARTESIAN_POINT('',(-21.4909507097835,-17.7133152611518,9.50000000213046));
#5985=CARTESIAN_POINT('Ctrl Pts',(-13.8021135008547,-11.5542919692002,21.5));
#5986=CARTESIAN_POINT('Ctrl Pts',(-16.364912747329,-13.6077251748327,17.5001344922591));
#5987=CARTESIAN_POINT('Ctrl Pts',(-18.9279105208345,-15.6605848183403,13.5000874487704));
#5988=CARTESIAN_POINT('Ctrl Pts',(-21.4909507093782,-17.7133152608307,9.50000000170647));
#5989=CARTESIAN_POINT('',(-21.5369625100639,-17.6680289177967,9.5));
#5990=CARTESIAN_POINT('Ctrl Pts',(-21.4909507093782,-17.7133152608307,9.50000000170647));
#5991=CARTESIAN_POINT('Ctrl Pts',(-21.50396455806,-17.6975260108651,9.50000000176489));
#5992=CARTESIAN_POINT('Ctrl Pts',(-21.5184548666528,-17.683235506023,9.50005147894139));
#5993=CARTESIAN_POINT('Ctrl Pts',(-21.5341837086872,-17.6704457774018,9.5001041169333));
#5994=CARTESIAN_POINT('Ctrl Pts',(-21.5351336279553,-17.6696733613762,9.50010729592401));
#5995=CARTESIAN_POINT('Ctrl Pts',(-21.5360880768491,-17.6689064218838,9.5001104883469));
#5996=CARTESIAN_POINT('Ctrl Pts',(-21.5370470074976,-17.6681449604875,9.50011368659942));
#5997=CARTESIAN_POINT('',(-21.745689226037,-17.4104853449224,10.1186985720007));
#5998=CARTESIAN_POINT('Ctrl Pts',(-21.7456892279826,-17.4104853464802,10.1186985659286));
#5999=CARTESIAN_POINT('Ctrl Pts',(-21.7456892279826,-17.4104853464802,9.99630634593663));
#6000=CARTESIAN_POINT('Ctrl Pts',(-21.7316021570996,-17.4281168117276,9.87683615532277));
#6001=CARTESIAN_POINT('Ctrl Pts',(-21.6862657162461,-17.4844725957429,9.7020720355793));
#6002=CARTESIAN_POINT('Ctrl Pts',(-21.6616345630272,-17.5150135781314,9.64012409142224));
#6003=CARTESIAN_POINT('Ctrl Pts',(-21.6138570239105,-17.5739032885133,9.56206318932167));
#6004=CARTESIAN_POINT('Ctrl Pts',(-21.5921195644828,-17.6006213312339,9.5357136097471));
#6005=CARTESIAN_POINT('Ctrl Pts',(-21.5577517698039,-17.6426636796618,9.51023774493083));
#6006=CARTESIAN_POINT('Ctrl Pts',(-21.5475178136301,-17.6551622206543,9.50431753563011));
#6007=CARTESIAN_POINT('Ctrl Pts',(-21.536962510064,-17.6680289177967,9.50000000000003));
#6008=CARTESIAN_POINT('',(-14.3601009745754,-11.4972822875669,21.6431431210376));
#6009=CARTESIAN_POINT('Ctrl Pts',(-21.7456892669739,-17.4104853776982,10.1186986150507));
#6010=CARTESIAN_POINT('Ctrl Pts',(-19.2839053253521,-15.4394807895036,13.9602630119002));
#6011=CARTESIAN_POINT('Ctrl Pts',(-16.822082181086,-13.4684448140738,17.8017861858088));
#6012=CARTESIAN_POINT('Ctrl Pts',(-14.3601009805753,-11.4972822923707,21.643143127349));
#6013=CARTESIAN_POINT('',(-13.8033596490411,-11.5528032268893,21.5000075528196));
#6014=CARTESIAN_POINT('Ctrl Pts',(-14.3601009805753,-11.4972822923707,21.643143127349));
#6015=CARTESIAN_POINT('Ctrl Pts',(-14.3593647330941,-11.4966928206124,21.6428055508877));
#6016=CARTESIAN_POINT('Ctrl Pts',(-14.3586263118438,-11.4961061095693,21.6424679971184));
#6017=CARTESIAN_POINT('Ctrl Pts',(-14.3578857354537,-11.495522162269,21.6421304713378));
#6018=CARTESIAN_POINT('Ctrl Pts',(-14.3405539741039,-11.4818560025238,21.6342313317523));
#6019=CARTESIAN_POINT('Ctrl Pts',(-14.3220897369535,-11.4697356222333,21.6263687230397));
#6020=CARTESIAN_POINT('Ctrl Pts',(-14.3027310597394,-11.4591970217502,21.6186091338424));
#6021=CARTESIAN_POINT('Ctrl Pts',(-14.2832354948479,-11.448583901478,21.6107946755996));
#6022=CARTESIAN_POINT('Ctrl Pts',(-14.262831666452,-11.4395747393406,21.6030838362493));
#6023=CARTESIAN_POINT('Ctrl Pts',(-14.2417388687883,-11.4322513307586,21.5955523590561));
#6024=CARTESIAN_POINT('Ctrl Pts',(-14.2315825692542,-11.4287250687447,21.5919259108472));
#6025=CARTESIAN_POINT('Ctrl Pts',(-14.2212662875715,-11.4255903354303,21.5883412439545));
#6026=CARTESIAN_POINT('Ctrl Pts',(-14.2108137489466,-11.4228602523109,21.5848083771433));
#6027=CARTESIAN_POINT('Ctrl Pts',(-14.1895866679029,-11.417315982377,21.5776338090494));
#6028=CARTESIAN_POINT('Ctrl Pts',(-14.1679228173724,-11.4134700198847,21.5707140390507));
#6029=CARTESIAN_POINT('Ctrl Pts',(-14.146030700095,-11.4114094214131,21.564129638679));
#6030=CARTESIAN_POINT('Ctrl Pts',(-14.1251531143034,-11.4094443158534,21.5578503746906));
#6031=CARTESIAN_POINT('Ctrl Pts',(-14.1040669571047,-11.4091030494182,21.5518755543349));
#6032=CARTESIAN_POINT('Ctrl Pts',(-14.0829541653679,-11.4105028705747,21.5462971832722));
#6033=CARTESIAN_POINT('Ctrl Pts',(-14.0784487418572,-11.4108015893433,21.5451067711064));
#6034=CARTESIAN_POINT('Ctrl Pts',(-14.0739421388656,-11.4111797494019,21.5439345134247));
#6035=CARTESIAN_POINT('Ctrl Pts',(-14.0694361944726,-11.411638745778,21.5427814803902));
#6036=CARTESIAN_POINT('Ctrl Pts',(-14.0652018607338,-11.4120700746342,21.5416979502233));
#6037=CARTESIAN_POINT('Ctrl Pts',(-14.0609681085078,-11.4125727911568,21.5406313983773));
#6038=CARTESIAN_POINT('Ctrl Pts',(-14.0567365306783,-11.4131466640321,21.5395820434822));
#6039=CARTESIAN_POINT('Ctrl Pts',(-14.0348905260029,-11.4161093484075,21.5341646287806));
#6040=CARTESIAN_POINT('Ctrl Pts',(-14.0132743376057,-11.4209421470086,21.5292450685095));
#6041=CARTESIAN_POINT('Ctrl Pts',(-13.9921021076843,-11.4275549839608,21.5248373691067));
#6042=CARTESIAN_POINT('Ctrl Pts',(-13.9713541248096,-11.434035313541,21.520517990748));
#6043=CARTESIAN_POINT('Ctrl Pts',(-13.9510313847345,-11.4422258538817,21.5166898668126));
#6044=CARTESIAN_POINT('Ctrl Pts',(-13.9313537319742,-11.4520763774407,21.5133956439587));
#6045=CARTESIAN_POINT('Ctrl Pts',(-13.926188553873,-11.4546620368785,21.5125309449037));
#6046=CARTESIAN_POINT('Ctrl Pts',(-13.921067971774,-11.457362223391,21.5117032060268));
#6047=CARTESIAN_POINT('Ctrl Pts',(-13.9159963239159,-11.4601763310257,21.5109135859549));
#6048=CARTESIAN_POINT('Ctrl Pts',(-13.8964940287206,-11.4709975787423,21.5078772151018));
#6049=CARTESIAN_POINT('Ctrl Pts',(-13.8779126414821,-11.4833911099138,21.5054318554819));
#6050=CARTESIAN_POINT('Ctrl Pts',(-13.8604590841694,-11.4972507013472,21.5036234363721));
#6051=CARTESIAN_POINT('Ctrl Pts',(-13.843637197075,-11.5106086935369,21.5018804666416));
#6052=CARTESIAN_POINT('Ctrl Pts',(-13.8278620495534,-11.5253293854537,21.5007290002644));
#6053=CARTESIAN_POINT('Ctrl Pts',(-13.8133442811574,-11.5413447578854,21.5002403222035));
#6054=CARTESIAN_POINT('Ctrl Pts',(-13.8099460721113,-11.5450935147183,21.5001259361517));
#6055=CARTESIAN_POINT('Ctrl Pts',(-13.8066169015034,-11.5489132980054,21.5000480049866));
#6056=CARTESIAN_POINT('Ctrl Pts',(-13.8033597652501,-11.5528033876396,21.5000077097877));
#6057=CARTESIAN_POINT('Origin',(0.,0.,21.5));
#6058=CARTESIAN_POINT('Origin',(-14.1101009745754,-11.8095321874868,29.5));
#6059=CARTESIAN_POINT('',(-14.3601009745754,-11.4972822875669,28.5494564575134));
#6060=CARTESIAN_POINT('',(-14.3601009745754,-11.4972822875669,29.5));
#6061=CARTESIAN_POINT('',(-13.8033596490411,-11.5528032268893,28.5));
#6062=CARTESIAN_POINT('Ctrl Pts',(-14.3601009745753,-11.4972822875669,28.5494564575134));
#6063=CARTESIAN_POINT('Ctrl Pts',(-14.3214432015865,-11.4663312984723,28.5432662596945));
#6064=CARTESIAN_POINT('Ctrl Pts',(-14.2740518718509,-11.4408882331503,28.5366531225426));
#6065=CARTESIAN_POINT('Ctrl Pts',(-14.1729588567498,-11.4110009482956,28.5244618359856));
#6066=CARTESIAN_POINT('Ctrl Pts',(-14.1192563460179,-11.4065589109801,28.5188851811032));
#6067=CARTESIAN_POINT('Ctrl Pts',(-14.0207645244265,-11.4165336189428,28.5101087868066));
#6068=CARTESIAN_POINT('Ctrl Pts',(-13.9692990724888,-11.4314671063705,28.5063016174745));
#6069=CARTESIAN_POINT('Ctrl Pts',(-13.8764737422172,-11.4806299261616,28.5012463129355));
#6070=CARTESIAN_POINT('Ctrl Pts',(-13.8351150483972,-11.5148616823566,28.5));
#6071=CARTESIAN_POINT('Ctrl Pts',(-13.8033596490411,-11.5528032268893,28.5));
#6072=CARTESIAN_POINT('',(-13.8033596490411,-11.5528032268893,29.5));
#6073=CARTESIAN_POINT('Origin',(4.44089209850063E-15,-20.025,9.5));
#6074=CARTESIAN_POINT('',(21.4909507097846,-17.7133152611526,9.50000000212707));
#6075=CARTESIAN_POINT('Origin',(0.,0.,9.5));
#6076=CARTESIAN_POINT('',(21.5369625100639,-17.6680289177967,9.5));
#6077=CARTESIAN_POINT('Ctrl Pts',(21.5370470074976,-17.6681449604875,9.50011368659942));
#6078=CARTESIAN_POINT('Ctrl Pts',(21.5201333296912,-17.6815761854945,9.50005676371142));
#6079=CARTESIAN_POINT('Ctrl Pts',(21.5046884890911,-17.6966476908714,9.50000000149926));
#6080=CARTESIAN_POINT('Ctrl Pts',(21.4909507093799,-17.713315260832,9.50000000170376));
#6081=CARTESIAN_POINT('Origin',(0.,0.,9.5));
#6082=CARTESIAN_POINT('Origin',(0.,0.,15.5));
#6083=CARTESIAN_POINT('',(13.8021135008547,-11.5542919692002,21.5));
#6084=CARTESIAN_POINT('Origin',(0.,0.,21.5));
#6085=CARTESIAN_POINT('Ctrl Pts',(21.4909507093799,-17.713315260832,9.50000000170376));
#6086=CARTESIAN_POINT('Ctrl Pts',(18.9279105208357,-15.6605848183412,13.5000874487686));
#6087=CARTESIAN_POINT('Ctrl Pts',(16.3649127473296,-13.6077251748331,17.5001344922582));
#6088=CARTESIAN_POINT('Ctrl Pts',(13.8021135008547,-11.5542919692002,21.5));
#6089=CARTESIAN_POINT('Origin',(-21.9175438422934,-18.0604892492188,0.));
#6090=CARTESIAN_POINT('',(-22.2262416428891,-18.3148623372359,29.5));
#6091=CARTESIAN_POINT('',(-22.1675438422934,-17.7482393492988,29.5));
#6092=CARTESIAN_POINT('Origin',(-21.9175438422934,-18.0604892492188,29.5));
#6093=CARTESIAN_POINT('',(-22.1675438422934,-17.7482393492988,20.));
#6094=CARTESIAN_POINT('',(-22.1675438422934,-17.7482393492988,0.));
#6095=CARTESIAN_POINT('',(-22.2262416428891,-18.3148623372359,20.));
#6096=CARTESIAN_POINT('Origin',(-21.9175438422934,-18.0604892492188,20.));
#6097=CARTESIAN_POINT('',(-22.2262416428891,-18.3148623372359,0.));
#6098=CARTESIAN_POINT('Origin',(-22.4819927942342,-18.,29.5));
#6099=CARTESIAN_POINT('',(-21.7456892279826,-17.4104853464802,20.));
#6100=CARTESIAN_POINT('',(-21.7456892279826,-17.4104853464802,0.));
#6101=CARTESIAN_POINT('',(-13.534081599654,-10.8359375,20.));
#6102=CARTESIAN_POINT('',(-20.2962434947948,-16.25,29.5));
#6103=CARTESIAN_POINT('',(-14.0512454963964,-11.25,29.5));
#6104=CARTESIAN_POINT('',(-17.1737444955956,-13.75,29.));
#6105=CARTESIAN_POINT('Origin',(4.44089209850063E-15,-20.025,29.5));
#6106=CARTESIAN_POINT('',(22.2262416428891,-18.3148623372359,29.5));
#6107=CARTESIAN_POINT('Origin',(0.,0.,29.5));
#6108=CARTESIAN_POINT('',(22.1675438422934,-17.7482393492988,29.5));
#6109=CARTESIAN_POINT('Origin',(21.9175438422934,-18.0604892492188,29.5));
#6110=CARTESIAN_POINT('',(20.2962434947948,-16.25,29.5));
#6111=CARTESIAN_POINT('',(14.0512454963964,-11.25,29.5));
#6112=CARTESIAN_POINT('Origin',(0.,0.,29.5));
#6113=CARTESIAN_POINT('Origin',(21.9175438422934,-18.0604892492188,0.));
#6114=CARTESIAN_POINT('',(22.2262416428891,-18.3148623372359,20.));
#6115=CARTESIAN_POINT('',(22.2262416428891,-18.3148623372359,0.));
#6116=CARTESIAN_POINT('',(22.1675438422934,-17.7482393492988,20.));
#6117=CARTESIAN_POINT('Origin',(21.9175438422934,-18.0604892492188,20.));
#6118=CARTESIAN_POINT('',(22.1675438422934,-17.7482393492988,0.));
#6119=CARTESIAN_POINT('Origin',(14.0512454963964,-11.25,29.5));
#6120=CARTESIAN_POINT('',(21.7456892279826,-17.4104853464801,20.));
#6121=CARTESIAN_POINT('',(9.31870795073512,-7.46093749999999,20.));
#6122=CARTESIAN_POINT('',(21.7456892260385,-17.4104853449236,10.1186985719962));
#6123=CARTESIAN_POINT('',(21.7456892279826,-17.4104853464801,0.));
#6124=CARTESIAN_POINT('',(14.3601009745754,-11.4972822875669,21.6431431210376));
#6125=CARTESIAN_POINT('Ctrl Pts',(14.3601009805753,-11.4972822923707,21.643143127349));
#6126=CARTESIAN_POINT('Ctrl Pts',(16.8220821810868,-13.4684448140744,17.8017861858076));
#6127=CARTESIAN_POINT('Ctrl Pts',(19.2839053253536,-15.4394807895048,13.9602630118978));
#6128=CARTESIAN_POINT('Ctrl Pts',(21.7456892669762,-17.4104853777,10.1186986150471));
#6129=CARTESIAN_POINT('',(14.3601009745754,-11.4972822875669,28.5494564575134));
#6130=CARTESIAN_POINT('',(14.3601009745754,-11.4972822875669,29.5));
#6131=CARTESIAN_POINT('',(17.1737444955956,-13.75,29.));
#6132=CARTESIAN_POINT('Ctrl Pts',(14.2891883775374,-11.4405067713408,21.7537858642279));
#6133=CARTESIAN_POINT('Ctrl Pts',(16.8535630138702,-13.4936496522436,17.7526757397058));
#6134=CARTESIAN_POINT('Ctrl Pts',(19.4177649359147,-15.5466542510459,13.7513839664434));
#6135=CARTESIAN_POINT('Ctrl Pts',(21.9819284513831,-17.5996280999775,9.75005180840013));
#6136=CARTESIAN_POINT('Ctrl Pts',(14.2266873265833,-11.3904658818401,21.6880498065695));
#6137=CARTESIAN_POINT('Ctrl Pts',(16.7909407917136,-13.4435035874239,17.6868136920739));
#6138=CARTESIAN_POINT('Ctrl Pts',(19.3550736339455,-15.4964645283322,13.6854571323444));
#6139=CARTESIAN_POINT('Ctrl Pts',(21.9191862610288,-17.5493941444418,9.68407122443396));
#6140=CARTESIAN_POINT('Ctrl Pts',(14.0492048778147,-11.3569714375909,21.5571110537055));
#6141=CARTESIAN_POINT('Ctrl Pts',(16.6129960127228,-13.4100953093137,17.5556340266288));
#6142=CARTESIAN_POINT('Ctrl Pts',(19.176889590755,-15.4630853187676,13.5541428630087));
#6143=CARTESIAN_POINT('Ctrl Pts',(21.7408070469167,-17.5160524499353,9.5526542165787));
#6144=CARTESIAN_POINT('Ctrl Pts',(13.8679059052006,-11.4742805415046,21.5011100618742));
#6145=CARTESIAN_POINT('Ctrl Pts',(16.4314404336474,-13.5280380022528,17.4997985531894));
#6146=CARTESIAN_POINT('Ctrl Pts',(18.9952102676962,-15.581376194986,13.4984082428951));
#6147=CARTESIAN_POINT('Ctrl Pts',(21.5590205916615,-17.6346123815629,9.49699031560477));
#6148=CARTESIAN_POINT('Ctrl Pts',(13.8021135008547,-11.5542919692002,21.5));
#6149=CARTESIAN_POINT('Ctrl Pts',(16.3657101998791,-13.608364130673,17.4988898754779));
#6150=CARTESIAN_POINT('Ctrl Pts',(18.929505549503,-15.6618623730209,13.4975981022155));
#6151=CARTESIAN_POINT('Ctrl Pts',(21.4933432919586,-17.715231472289,9.49626594417222));
#6152=CARTESIAN_POINT('Ctrl Pts',(21.5369625100639,-17.6680289177967,9.5));
#6153=CARTESIAN_POINT('Ctrl Pts',(21.5439416788304,-17.6595214551491,9.50285475539656));
#6154=CARTESIAN_POINT('Ctrl Pts',(21.550819733905,-17.651126953686,9.50642645545907));
#6155=CARTESIAN_POINT('Ctrl Pts',(21.5804706015644,-17.614896959185,9.52507376462838));
#6156=CARTESIAN_POINT('Ctrl Pts',(21.6011747703397,-17.5894881160581,9.5467149691913));
#6157=CARTESIAN_POINT('Ctrl Pts',(21.6455659561884,-17.5348562604121,9.60971667746883));
#6158=CARTESIAN_POINT('Ctrl Pts',(21.6669066269765,-17.5084519247446,9.65561232866316));
#6159=CARTESIAN_POINT('Ctrl Pts',(21.7047681136765,-17.46150473571,9.76423674798906));
#6160=CARTESIAN_POINT('Ctrl Pts',(21.7197916983243,-17.4427894072808,9.83041545124477));
#6161=CARTESIAN_POINT('Ctrl Pts',(21.7404957754813,-17.4169784377594,9.96942389132922));
#6162=CARTESIAN_POINT('Ctrl Pts',(21.7456892279826,-17.4104853464801,10.044487234093));
#6163=CARTESIAN_POINT('Ctrl Pts',(21.7456892279826,-17.4104853464801,10.1186985659286));
#6164=CARTESIAN_POINT('',(13.8033596490411,-11.5528032268893,21.5));
#6165=CARTESIAN_POINT('Origin',(0.,0.,21.5));
#6166=CARTESIAN_POINT('Ctrl Pts',(13.8033597652501,-11.5528033876396,21.5000077097877));
#6167=CARTESIAN_POINT('Ctrl Pts',(13.8172409242684,-11.5362247281643,21.5001794385766));
#6168=CARTESIAN_POINT('Ctrl Pts',(13.8324274586411,-11.5209215536497,21.501032087253));
#6169=CARTESIAN_POINT('Ctrl Pts',(13.8487021477868,-11.5069565593952,21.5024872109274));
#6170=CARTESIAN_POINT('Ctrl Pts',(13.8656115426778,-11.4924469364842,21.5039990837876));
#6171=CARTESIAN_POINT('Ctrl Pts',(13.883696598325,-11.479381024622,21.5061615136288));
#6172=CARTESIAN_POINT('Ctrl Pts',(13.9027460489675,-11.4678567220266,21.5089214146142));
#6173=CARTESIAN_POINT('Ctrl Pts',(13.9071128375485,-11.4652149559241,21.5095540787437));
#6174=CARTESIAN_POINT('Ctrl Pts',(13.9115303972336,-11.4626543418665,21.5102182724303));
#6175=CARTESIAN_POINT('Ctrl Pts',(13.9159963239117,-11.460176331028,21.5109135859542));
#6176=CARTESIAN_POINT('Ctrl Pts',(13.93526918415,-11.4494823899937,21.5139142353904));
#6177=CARTESIAN_POINT('Ctrl Pts',(13.9552461774068,-11.4404315851294,21.5174627190175));
#6178=CARTESIAN_POINT('Ctrl Pts',(13.9757014909488,-11.4330664539418,21.5215080748584));
#6179=CARTESIAN_POINT('Ctrl Pts',(13.9966340868271,-11.4255294726864,21.5256478206915));
#6180=CARTESIAN_POINT('Ctrl Pts',(14.0180687204968,-11.4197569176316,21.5303081990169));
#6181=CARTESIAN_POINT('Ctrl Pts',(14.0397877076061,-11.4158282854858,21.5354675766005));
#6182=CARTESIAN_POINT('Ctrl Pts',(14.0454193511852,-11.41480960741,21.536805381881));
#6183=CARTESIAN_POINT('Ctrl Pts',(14.0510701867122,-11.4139151152428,21.5381768924918));
#6184=CARTESIAN_POINT('Ctrl Pts',(14.0567365306557,-11.4131466640352,21.5395820434766));
#6185=CARTESIAN_POINT('Ctrl Pts',(14.0609681084927,-11.4125727911586,21.5406313983735));
#6186=CARTESIAN_POINT('Ctrl Pts',(14.0652018607263,-11.412070074635,21.5416979502214));
#6187=CARTESIAN_POINT('Ctrl Pts',(14.0694361944726,-11.411638745778,21.5427814803902));
#6188=CARTESIAN_POINT('Ctrl Pts',(14.0905043634494,-11.4094926444576,21.5481726465228));
#6189=CARTESIAN_POINT('Ctrl Pts',(14.1115859552494,-11.4091103274363,21.5539817106776));
#6190=CARTESIAN_POINT('Ctrl Pts',(14.1324981891014,-11.4103662116093,21.5601112838881));
#6191=CARTESIAN_POINT('Ctrl Pts',(14.1544324677975,-11.411683474684,21.5665404280932));
#6192=CARTESIAN_POINT('Ctrl Pts',(14.176181468662,-11.4148028561849,21.5733227777625));
#6193=CARTESIAN_POINT('Ctrl Pts',(14.1975390096695,-11.4196279924972,21.5803738982415));
#6194=CARTESIAN_POINT('Ctrl Pts',(14.2019815095848,-11.420631650533,21.5818405746777));
#6195=CARTESIAN_POINT('Ctrl Pts',(14.2064070556425,-11.4217092745984,21.5833189532742));
#6196=CARTESIAN_POINT('Ctrl Pts',(14.2108137489013,-11.4228602522991,21.584808377128));
#6197=CARTESIAN_POINT('Ctrl Pts',(14.2324600780803,-11.4285140250313,21.5921246474311));
#6198=CARTESIAN_POINT('Ctrl Pts',(14.2535224255204,-11.4359001251539,21.5996617302931));
#6199=CARTESIAN_POINT('Ctrl Pts',(14.2737886090638,-11.4449145481312,21.6073361361124));
#6200=CARTESIAN_POINT('Ctrl Pts',(14.2940406056672,-11.4539226607405,21.6150051696161));
#6201=CARTESIAN_POINT('Ctrl Pts',(14.3134986993492,-11.4645570666404,21.6228121967841));
#6202=CARTESIAN_POINT('Ctrl Pts',(14.3319359117244,-11.4767602148053,21.6306878603812));
#6203=CARTESIAN_POINT('Ctrl Pts',(14.3408332592564,-11.4826491554975,21.6344884629149));
#6204=CARTESIAN_POINT('Ctrl Pts',(14.3494925308801,-11.4889040885402,21.6383051766555));
#6205=CARTESIAN_POINT('Ctrl Pts',(14.3578857354343,-11.4955221622536,21.6421304713296));
#6206=CARTESIAN_POINT('Ctrl Pts',(14.3586263118309,-11.496106109559,21.6424679971134));
#6207=CARTESIAN_POINT('Ctrl Pts',(14.3593647330875,-11.4966928206072,21.6428055508847));
#6208=CARTESIAN_POINT('Ctrl Pts',(14.3601009805753,-11.4972822923707,21.643143127349));
#6209=CARTESIAN_POINT('Origin',(14.1101009745754,-11.8095321874868,29.5));
#6210=CARTESIAN_POINT('',(13.8033596490411,-11.5528032268893,28.5));
#6211=CARTESIAN_POINT('',(13.8033596490411,-11.5528032268893,29.5));
#6212=CARTESIAN_POINT('Ctrl Pts',(13.8033596490411,-11.5528032268893,28.5));
#6213=CARTESIAN_POINT('Ctrl Pts',(13.8351150483972,-11.5148616823566,28.5));
#6214=CARTESIAN_POINT('Ctrl Pts',(13.8764737422172,-11.4806299261616,28.5012463129355));
#6215=CARTESIAN_POINT('Ctrl Pts',(13.9692990724889,-11.4314671063704,28.5063016174745));
#6216=CARTESIAN_POINT('Ctrl Pts',(14.0207645244265,-11.4165336189428,28.5101087868066));
#6217=CARTESIAN_POINT('Ctrl Pts',(14.1192563460179,-11.4065589109801,28.5188851811032));
#6218=CARTESIAN_POINT('Ctrl Pts',(14.1729588567498,-11.4110009482956,28.5244618359856));
#6219=CARTESIAN_POINT('Ctrl Pts',(14.2740518718509,-11.4408882331503,28.5366531225426));
#6220=CARTESIAN_POINT('Ctrl Pts',(14.3214432015865,-11.4663312984723,28.5432662596945));
#6221=CARTESIAN_POINT('Ctrl Pts',(14.3601009745754,-11.4972822875669,28.5494564575134));
#6222=CARTESIAN_POINT('Origin',(0.,0.,29.));
#6223=CARTESIAN_POINT('Origin',(0.,0.,28.5));
#6224=CARTESIAN_POINT('Origin',(0.,0.,29.5));
#6225=CARTESIAN_POINT('',(12.2225886908915,-13.2139443654532,27.1213203435596));
#6226=CARTESIAN_POINT('',(8.17182899544257,-16.0381174350093,23.9650335030012));
#6227=CARTESIAN_POINT('Ctrl Pts',(12.2225886908915,-13.2139443654532,27.1213203435596));
#6228=CARTESIAN_POINT('Ctrl Pts',(12.4192039399117,-13.0320798704418,26.8553579976657));
#6229=CARTESIAN_POINT('Ctrl Pts',(12.5860652460845,-12.8691490783101,26.5184897588529));
#6230=CARTESIAN_POINT('Ctrl Pts',(12.8058699996358,-12.6504438745006,25.7795664429068));
#6231=CARTESIAN_POINT('Ctrl Pts',(12.8592043267997,-12.5952714969395,25.3774496259456));
#6232=CARTESIAN_POINT('Ctrl Pts',(12.8592043267997,-12.5952714969395,24.6225503740544));
#6233=CARTESIAN_POINT('Ctrl Pts',(12.8058699996358,-12.6504438745006,24.2204335570932));
#6234=CARTESIAN_POINT('Ctrl Pts',(12.5860652460845,-12.8691490783101,23.4815102411471));
#6235=CARTESIAN_POINT('Ctrl Pts',(12.4192039399117,-13.0320798704418,23.1446420023343));
#6236=CARTESIAN_POINT('Ctrl Pts',(12.0259786932467,-13.3958040030654,22.612724414106));
#6237=CARTESIAN_POINT('Ctrl Pts',(11.7731522572928,-13.620937935346,22.3819568931291));
#6238=CARTESIAN_POINT('Ctrl Pts',(11.2031245850923,-14.0935114090317,22.0755753730003));
#6239=CARTESIAN_POINT('Ctrl Pts',(10.8854895472632,-14.3404525007517,22.));
#6240=CARTESIAN_POINT('Ctrl Pts',(10.2747795352659,-14.7841592967464,22.));
#6241=CARTESIAN_POINT('Ctrl Pts',(9.94176997614641,-15.0099391753265,22.0755753730003));
#6242=CARTESIAN_POINT('Ctrl Pts',(9.31617765659541,-15.4060344729817,22.3819568931291));
#6243=CARTESIAN_POINT('Ctrl Pts',(9.02393489792377,-15.5769164913021,22.612724414106));
#6244=CARTESIAN_POINT('Ctrl Pts',(8.55649940762154,-15.8384989862697,23.1446420023343));
#6245=CARTESIAN_POINT('Ctrl Pts',(8.3499800367486,-15.9468451351472,23.4815102411471));
#6246=CARTESIAN_POINT('Ctrl Pts',(8.19793513336019,-16.0247967230548,23.8886852451644));
#6247=CARTESIAN_POINT('Ctrl Pts',(8.18453170209114,-16.0316450830077,23.9267233473961));
#6248=CARTESIAN_POINT('Ctrl Pts',(8.17182899676362,-16.0381174346509,23.9650335034998));
#6249=CARTESIAN_POINT('',(11.4832112916647,-13.8613079624899,28.1));
#6250=CARTESIAN_POINT('Origin',(0.,0.,29.2426406871192));
#6251=CARTESIAN_POINT('',(9.63437982297704,-15.204562651606,28.1));
#6252=CARTESIAN_POINT('Origin',(0.,0.,28.1));
#6253=CARTESIAN_POINT('',(8.79022027398537,-15.7077059921179,27.1213203435596));
#6254=CARTESIAN_POINT('Origin',(0.,0.,29.2426406871196));
#6255=CARTESIAN_POINT('',(8.17182899544257,-16.0381174350093,26.0349664969988));
#6256=CARTESIAN_POINT('Ctrl Pts',(8.17182899676362,-16.0381174346509,26.0349664965002));
#6257=CARTESIAN_POINT('Ctrl Pts',(8.18453170209114,-16.0316450830077,26.0732766526039));
#6258=CARTESIAN_POINT('Ctrl Pts',(8.19793513336019,-16.0247967230548,26.1113147548356));
#6259=CARTESIAN_POINT('Ctrl Pts',(8.3499800367486,-15.9468451351472,26.5184897588529));
#6260=CARTESIAN_POINT('Ctrl Pts',(8.55649940762154,-15.8384989862697,26.8553579976657));
#6261=CARTESIAN_POINT('Ctrl Pts',(8.79022027398537,-15.7077059921179,27.1213203435596));
#6262=CARTESIAN_POINT('',(7.54103924881768,-16.3441955154664,27.1213203435596));
#6263=CARTESIAN_POINT('Ctrl Pts',(7.54103924881767,-16.3441955154664,27.1213203435596));
#6264=CARTESIAN_POINT('Ctrl Pts',(7.78423068223332,-16.2319895557036,26.8553579976657));
#6265=CARTESIAN_POINT('Ctrl Pts',(7.99327359846213,-16.1285961434527,26.5184897588529));
#6266=CARTESIAN_POINT('Ctrl Pts',(8.14570750955045,-16.051408026552,26.1113147552775));
#6267=CARTESIAN_POINT('Ctrl Pts',(8.15912628828201,-16.044589787898,26.073276653307));
#6268=CARTESIAN_POINT('Ctrl Pts',(8.17182899347629,-16.0381174363259,26.0349664976576));
#6269=CARTESIAN_POINT('',(6.63780320225764,-16.7313947012226,28.1));
#6270=CARTESIAN_POINT('Origin',(0.,0.,29.2426406871192));
#6271=CARTESIAN_POINT('',(4.46437145971999,-17.4375854827908,28.1));
#6272=CARTESIAN_POINT('Origin',(0.,0.,28.1));
#6273=CARTESIAN_POINT('',(3.50604817703393,-17.6552435888129,27.1213203435596));
#6274=CARTESIAN_POINT('Origin',(0.,0.,29.2426406871196));
#6275=CARTESIAN_POINT('',(2.81582037039425,-17.7783901304808,26.0349664969988));
#6276=CARTESIAN_POINT('Ctrl Pts',(2.81582037226387,-17.7783901304686,26.0349664963109));
#6277=CARTESIAN_POINT('Ctrl Pts',(2.82990142958897,-17.7761599100838,26.0732766524155));
#6278=CARTESIAN_POINT('Ctrl Pts',(2.84476510991927,-17.7737886207583,26.1113147548356));
#6279=CARTESIAN_POINT('Ctrl Pts',(3.01345677145827,-17.7466367141783,26.5184897588529));
#6280=CARTESIAN_POINT('Ctrl Pts',(3.24334916614638,-17.7074113985402,26.8553579976657));
#6281=CARTESIAN_POINT('Ctrl Pts',(3.50604817703393,-17.6552435888128,27.1213203435596));
#6282=CARTESIAN_POINT('',(2.12132034355964,-17.8745629317195,27.1213203435596));
#6283=CARTESIAN_POINT('Ctrl Pts',(2.81582036868943,-17.7783901310348,26.0349664976576));
#6284=CARTESIAN_POINT('Ctrl Pts',(2.80173931151049,-17.7806203513936,26.073276653307));
#6285=CARTESIAN_POINT('Ctrl Pts',(2.78687034294132,-17.7829582510233,26.1113147552775));
#6286=CARTESIAN_POINT('Ctrl Pts',(2.61804463861032,-17.8092638435369,26.5184897588529));
#6287=CARTESIAN_POINT('Ctrl Pts',(2.3872826894536,-17.8429990083318,26.8553579976657));
#6288=CARTESIAN_POINT('Ctrl Pts',(2.12132034355964,-17.8745629317195,27.1213203435596));
#6289=CARTESIAN_POINT('',(1.14264068711925,-17.963695952118,28.1));
#6290=CARTESIAN_POINT('Origin',(0.,0.,29.2426406871192));
#6291=CARTESIAN_POINT('',(-1.14264068711944,-17.963695952118,28.1));
#6292=CARTESIAN_POINT('Origin',(0.,0.,28.1));
#6293=CARTESIAN_POINT('',(-2.12132034355964,-17.8745629317195,27.1213203435596));
#6294=CARTESIAN_POINT('Origin',(0.,0.,29.2426406871196));
#6295=CARTESIAN_POINT('',(-2.81582037039425,-17.7783901304808,26.0349664969988));
#6296=CARTESIAN_POINT('Ctrl Pts',(-2.12132034355964,-17.8745629317195,27.1213203435596));
#6297=CARTESIAN_POINT('Ctrl Pts',(-2.3872826894536,-17.8429990083318,26.8553579976657));
#6298=CARTESIAN_POINT('Ctrl Pts',(-2.61804463861032,-17.8092638435369,26.5184897588529));
#6299=CARTESIAN_POINT('Ctrl Pts',(-2.78687034294132,-17.7829582510233,26.1113147552775));
#6300=CARTESIAN_POINT('Ctrl Pts',(-2.80173931151049,-17.7806203513936,26.073276653307));
#6301=CARTESIAN_POINT('Ctrl Pts',(-2.81582036868943,-17.7783901310348,26.0349664976576));
#6302=CARTESIAN_POINT('',(-3.50604817703393,-17.6552435888129,27.1213203435596));
#6303=CARTESIAN_POINT('Ctrl Pts',(-3.50604817703393,-17.6552435888128,27.1213203435596));
#6304=CARTESIAN_POINT('Ctrl Pts',(-3.24334916614638,-17.7074113985402,26.8553579976657));
#6305=CARTESIAN_POINT('Ctrl Pts',(-3.01345677145827,-17.7466367141783,26.5184897588529));
#6306=CARTESIAN_POINT('Ctrl Pts',(-2.84476510991927,-17.7737886207583,26.1113147548356));
#6307=CARTESIAN_POINT('Ctrl Pts',(-2.82990142958898,-17.7761599100838,26.0732766524155));
#6308=CARTESIAN_POINT('Ctrl Pts',(-2.81582037226388,-17.7783901304686,26.0349664963109));
#6309=CARTESIAN_POINT('',(-4.46437145972017,-17.4375854827908,28.1));
#6310=CARTESIAN_POINT('Origin',(0.,0.,29.2426406871192));
#6311=CARTESIAN_POINT('',(-6.63780320225782,-16.7313947012225,28.1));
#6312=CARTESIAN_POINT('Origin',(0.,0.,28.1));
#6313=CARTESIAN_POINT('',(-7.54103924881768,-16.3441955154664,27.1213203435596));
#6314=CARTESIAN_POINT('Origin',(0.,0.,29.2426406871196));
#6315=CARTESIAN_POINT('',(-8.17182899544257,-16.0381174350093,26.0349664969988));
#6316=CARTESIAN_POINT('Ctrl Pts',(-8.17182899347629,-16.0381174363259,26.0349664976576));
#6317=CARTESIAN_POINT('Ctrl Pts',(-8.15912628828201,-16.044589787898,26.073276653307));
#6318=CARTESIAN_POINT('Ctrl Pts',(-8.14570750955045,-16.051408026552,26.1113147552775));
#6319=CARTESIAN_POINT('Ctrl Pts',(-7.99327359846213,-16.1285961434526,26.5184897588529));
#6320=CARTESIAN_POINT('Ctrl Pts',(-7.78423068223332,-16.2319895557036,26.8553579976657));
#6321=CARTESIAN_POINT('Ctrl Pts',(-7.54103924881767,-16.3441955154664,27.1213203435596));
#6322=CARTESIAN_POINT('',(-8.79022027398537,-15.7077059921179,27.1213203435596));
#6323=CARTESIAN_POINT('Ctrl Pts',(-8.79022027398537,-15.7077059921179,27.1213203435596));
#6324=CARTESIAN_POINT('Ctrl Pts',(-8.55649940762154,-15.8384989862697,26.8553579976657));
#6325=CARTESIAN_POINT('Ctrl Pts',(-8.3499800367486,-15.9468451351472,26.5184897588529));
#6326=CARTESIAN_POINT('Ctrl Pts',(-8.19793513336019,-16.0247967230548,26.1113147548356));
#6327=CARTESIAN_POINT('Ctrl Pts',(-8.18453170209114,-16.0316450830077,26.0732766526039));
#6328=CARTESIAN_POINT('Ctrl Pts',(-8.17182899676362,-16.0381174346509,26.0349664965002));
#6329=CARTESIAN_POINT('',(-9.6343798229772,-15.2045626516059,28.1));
#6330=CARTESIAN_POINT('Origin',(0.,0.,29.2426406871192));
#6331=CARTESIAN_POINT('',(-11.4832112916648,-13.8613079624897,28.1));
#6332=CARTESIAN_POINT('Origin',(0.,0.,28.1));
#6333=CARTESIAN_POINT('',(-12.2225886908915,-13.2139443654532,27.1213203435596));
#6334=CARTESIAN_POINT('Origin',(0.,0.,29.2426406871196));
#6335=CARTESIAN_POINT('',(-8.17182899544257,-16.0381174350093,23.9650335030012));
#6336=CARTESIAN_POINT('Ctrl Pts',(-8.17182899676362,-16.0381174346509,23.9650335034998));
#6337=CARTESIAN_POINT('Ctrl Pts',(-8.18453170209114,-16.0316450830077,23.9267233473961));
#6338=CARTESIAN_POINT('Ctrl Pts',(-8.19793513336019,-16.0247967230548,23.8886852451644));
#6339=CARTESIAN_POINT('Ctrl Pts',(-8.3499800367486,-15.9468451351472,23.4815102411471));
#6340=CARTESIAN_POINT('Ctrl Pts',(-8.55649940762154,-15.8384989862697,23.1446420023343));
#6341=CARTESIAN_POINT('Ctrl Pts',(-9.02393489792377,-15.5769164913021,22.612724414106));
#6342=CARTESIAN_POINT('Ctrl Pts',(-9.31617765659541,-15.4060344729817,22.3819568931291));
#6343=CARTESIAN_POINT('Ctrl Pts',(-9.94176997614641,-15.0099391753265,22.0755753730003));
#6344=CARTESIAN_POINT('Ctrl Pts',(-10.2747795352659,-14.7841592967464,22.));
#6345=CARTESIAN_POINT('Ctrl Pts',(-10.8854895472632,-14.3404525007517,22.));
#6346=CARTESIAN_POINT('Ctrl Pts',(-11.2031245850923,-14.0935114090317,22.0755753730003));
#6347=CARTESIAN_POINT('Ctrl Pts',(-11.7731522572928,-13.620937935346,22.3819568931291));
#6348=CARTESIAN_POINT('Ctrl Pts',(-12.0259786932467,-13.3958040030654,22.612724414106));
#6349=CARTESIAN_POINT('Ctrl Pts',(-12.4192039399117,-13.0320798704418,23.1446420023343));
#6350=CARTESIAN_POINT('Ctrl Pts',(-12.5860652460845,-12.8691490783101,23.4815102411471));
#6351=CARTESIAN_POINT('Ctrl Pts',(-12.8058699996358,-12.6504438745006,24.2204335570932));
#6352=CARTESIAN_POINT('Ctrl Pts',(-12.8592043267997,-12.5952714969395,24.6225503740544));
#6353=CARTESIAN_POINT('Ctrl Pts',(-12.8592043267997,-12.5952714969395,25.));
#6354=CARTESIAN_POINT('Ctrl Pts',(-12.8592043267997,-12.5952714969395,25.3774496259456));
#6355=CARTESIAN_POINT('Ctrl Pts',(-12.8058699996358,-12.6504438745006,25.7795664429068));
#6356=CARTESIAN_POINT('Ctrl Pts',(-12.5860652460845,-12.8691490783101,26.5184897588529));
#6357=CARTESIAN_POINT('Ctrl Pts',(-12.4192039399117,-13.0320798704418,26.8553579976657));
#6358=CARTESIAN_POINT('Ctrl Pts',(-12.2225886908915,-13.2139443654532,27.1213203435596));
#6359=CARTESIAN_POINT('',(-2.81582037039425,-17.7783901304808,23.9650335030012));
#6360=CARTESIAN_POINT('Ctrl Pts',(-2.81582037226388,-17.7783901304686,23.9650335036891));
#6361=CARTESIAN_POINT('Ctrl Pts',(-2.82990142958898,-17.7761599100838,23.9267233475845));
#6362=CARTESIAN_POINT('Ctrl Pts',(-2.84476510991927,-17.7737886207583,23.8886852451644));
#6363=CARTESIAN_POINT('Ctrl Pts',(-3.01345677145827,-17.7466367141783,23.4815102411471));
#6364=CARTESIAN_POINT('Ctrl Pts',(-3.24334916614638,-17.7074113985402,23.1446420023343));
#6365=CARTESIAN_POINT('Ctrl Pts',(-3.76874017152191,-17.6030771724299,22.612724414106));
#6366=CARTESIAN_POINT('Ctrl Pts',(-4.09948499919076,-17.5308666943011,22.3819568931291));
#6367=CARTESIAN_POINT('Ctrl Pts',(-4.8168588296114,-17.347476338684,22.0755753730003));
#6368=CARTESIAN_POINT('Ctrl Pts',(-5.20333956026966,-17.2356525269693,22.));
#6369=CARTESIAN_POINT('Ctrl Pts',(-5.92127223722845,-17.0023820596562,22.));
#6370=CARTESIAN_POINT('Ctrl Pts',(-6.29967010371044,-16.865681749933,22.0755753730003));
#6371=CARTESIAN_POINT('Ctrl Pts',(-6.98783187028501,-16.5923859063299,22.3819568931291));
#6372=CARTESIAN_POINT('Ctrl Pts',(-7.29785431077581,-16.4563984783323,22.612724414106));
#6373=CARTESIAN_POINT('Ctrl Pts',(-7.78423068223332,-16.2319895557036,23.1446420023343));
#6374=CARTESIAN_POINT('Ctrl Pts',(-7.99327359846213,-16.1285961434527,23.4815102411471));
#6375=CARTESIAN_POINT('Ctrl Pts',(-8.14570750955045,-16.051408026552,23.8886852447225));
#6376=CARTESIAN_POINT('Ctrl Pts',(-8.15912628828201,-16.044589787898,23.926723346693));
#6377=CARTESIAN_POINT('Ctrl Pts',(-8.17182899347629,-16.0381174363259,23.9650335023424));
#6378=CARTESIAN_POINT('',(2.81582037039426,-17.7783901304808,23.9650335030012));
#6379=CARTESIAN_POINT('Ctrl Pts',(-2.81582036868943,-17.7783901310348,23.9650335023424));
#6380=CARTESIAN_POINT('Ctrl Pts',(-2.80173931151049,-17.7806203513936,23.926723346693));
#6381=CARTESIAN_POINT('Ctrl Pts',(-2.78687034294132,-17.7829582510233,23.8886852447225));
#6382=CARTESIAN_POINT('Ctrl Pts',(-2.61804463861032,-17.8092638435369,23.4815102411471));
#6383=CARTESIAN_POINT('Ctrl Pts',(-2.38728268945361,-17.8429990083318,23.1446420023343));
#6384=CARTESIAN_POINT('Ctrl Pts',(-1.85536510122531,-17.9061260120698,22.612724414106));
#6385=CARTESIAN_POINT('Ctrl Pts',(-1.5184938127262,-17.9396555388519,22.3819568931291));
#6386=CARTESIAN_POINT('Ctrl Pts',(-0.77956002019488,-17.9869216510364,22.0755753730003));
#6387=CARTESIAN_POINT('Ctrl Pts',(-0.377439544684209,-18.,22.));
#6388=CARTESIAN_POINT('Ctrl Pts',(0.377439544684207,-18.,22.));
#6389=CARTESIAN_POINT('Ctrl Pts',(0.779560020194879,-17.9869216510364,22.0755753730003));
#6390=CARTESIAN_POINT('Ctrl Pts',(1.5184938127262,-17.9396555388519,22.3819568931291));
#6391=CARTESIAN_POINT('Ctrl Pts',(1.85536510122531,-17.9061260120698,22.612724414106));
#6392=CARTESIAN_POINT('Ctrl Pts',(2.3872826894536,-17.8429990083318,23.1446420023343));
#6393=CARTESIAN_POINT('Ctrl Pts',(2.61804463861032,-17.8092638435369,23.4815102411471));
#6394=CARTESIAN_POINT('Ctrl Pts',(2.78687034294132,-17.7829582510233,23.8886852447225));
#6395=CARTESIAN_POINT('Ctrl Pts',(2.80173931151049,-17.7806203513936,23.926723346693));
#6396=CARTESIAN_POINT('Ctrl Pts',(2.81582036868943,-17.7783901310348,23.9650335023424));
#6397=CARTESIAN_POINT('Ctrl Pts',(8.17182899347629,-16.0381174363259,23.9650335023424));
#6398=CARTESIAN_POINT('Ctrl Pts',(8.15912628828201,-16.044589787898,23.926723346693));
#6399=CARTESIAN_POINT('Ctrl Pts',(8.14570750955045,-16.051408026552,23.8886852447225));
#6400=CARTESIAN_POINT('Ctrl Pts',(7.99327359846213,-16.1285961434526,23.4815102411471));
#6401=CARTESIAN_POINT('Ctrl Pts',(7.78423068223332,-16.2319895557036,23.1446420023343));
#6402=CARTESIAN_POINT('Ctrl Pts',(7.29785431077582,-16.4563984783323,22.612724414106));
#6403=CARTESIAN_POINT('Ctrl Pts',(6.98783187028501,-16.5923859063299,22.3819568931291));
#6404=CARTESIAN_POINT('Ctrl Pts',(6.29967010371045,-16.865681749933,22.0755753730003));
#6405=CARTESIAN_POINT('Ctrl Pts',(5.92127223722845,-17.0023820596562,22.));
#6406=CARTESIAN_POINT('Ctrl Pts',(5.20333956026966,-17.2356525269693,22.));
#6407=CARTESIAN_POINT('Ctrl Pts',(4.8168588296114,-17.347476338684,22.0755753730003));
#6408=CARTESIAN_POINT('Ctrl Pts',(4.09948499919076,-17.5308666943011,22.3819568931291));
#6409=CARTESIAN_POINT('Ctrl Pts',(3.76874017152191,-17.6030771724299,22.612724414106));
#6410=CARTESIAN_POINT('Ctrl Pts',(3.24334916614638,-17.7074113985402,23.1446420023343));
#6411=CARTESIAN_POINT('Ctrl Pts',(3.01345677145827,-17.7466367141783,23.4815102411471));
#6412=CARTESIAN_POINT('Ctrl Pts',(2.84476510991927,-17.7737886207583,23.8886852451644));
#6413=CARTESIAN_POINT('Ctrl Pts',(2.82990142958898,-17.7761599100838,23.9267233475845));
#6414=CARTESIAN_POINT('Ctrl Pts',(2.81582037226388,-17.7783901304686,23.9650335036891));
#6415=CARTESIAN_POINT('Origin',(10.4037989655768,-14.3196008004366,25.));
#6416=CARTESIAN_POINT('Origin',(-4.44089209850063E-15,4.44089209850063E-15,
25.));
#6417=CARTESIAN_POINT('',(9.56929263556243,-16.7800071053314,27.1213203435596));
#6418=CARTESIAN_POINT('',(8.68761475712358,-15.566481613769,27.1213203435595));
#6419=CARTESIAN_POINT('',(13.0016610524685,-14.2862454786666,27.1213203435596));
#6420=CARTESIAN_POINT('Origin',(11.2854768440155,-15.533126291999,25.));
#6421=CARTESIAN_POINT('',(12.1199831740298,-13.0727199871042,27.1213203435597));
#6422=CARTESIAN_POINT('Origin',(12.2098925783592,-14.861498947441,28.1));
#6423=CARTESIAN_POINT('',(12.2098925783592,-14.861498947441,28.1));
#6424=CARTESIAN_POINT('',(12.9915483400388,-14.2935927943203,27.1338203435597));
#6425=CARTESIAN_POINT('',(12.2098925783592,-14.861498947441,28.1));
#6426=CARTESIAN_POINT('Origin',(10.3610611096716,-16.2047536365571,28.1));
#6427=CARTESIAN_POINT('',(10.3610611096716,-16.2047536365571,28.1));
#6428=CARTESIAN_POINT('',(11.7476847111874,-15.19731261972,28.1));
#6429=CARTESIAN_POINT('',(10.3610611096716,-16.2047536365571,28.1));
#6430=CARTESIAN_POINT('Origin',(9.56929263556243,-16.7800071053314,27.1213203435596));
#6431=CARTESIAN_POINT('',(9.97528958504663,-16.4850330552906,27.6231601717797));
#6432=CARTESIAN_POINT('Origin',(12.042339672729,-14.9832332590722,27.6));
#6433=CARTESIAN_POINT('',(13.0606567239093,-19.5680771309139,27.6));
#6434=CARTESIAN_POINT('',(14.5743823813364,-18.4682910650602,27.6));
#6435=CARTESIAN_POINT('',(14.1959509669797,-18.7432375815236,27.6));
#6436=CARTESIAN_POINT('',(10.5286140153019,-16.0830193249258,27.6));
#6437=CARTESIAN_POINT('',(10.5286140153019,-16.0830193249258,27.6));
#6438=CARTESIAN_POINT('',(12.042339672729,-14.9832332590722,27.6));
#6439=CARTESIAN_POINT('',(12.6751795013409,-14.52344821017,27.6));
#6440=CARTESIAN_POINT('',(12.042339672729,-14.9832332590722,27.6));
#6441=CARTESIAN_POINT('Origin',(12.7156303510597,-14.4940589475554,26.7677669529664));
#6442=CARTESIAN_POINT('',(14.4743823813364,-18.1605227113427,27.5));
#6443=CARTESIAN_POINT('',(14.3986756768417,-17.9275214332656,27.4242932955053));
#6444=CARTESIAN_POINT('',(12.7156303510597,-14.4940589475554,26.7677669529664));
#6445=CARTESIAN_POINT('',(13.221265972544,-14.1266931648726,26.1427669529664));
#6446=CARTESIAN_POINT('',(15.0667713602296,-17.7301269250551,26.7677669529664));
#6447=CARTESIAN_POINT('',(15.8590035638807,-18.8205410069756,26.7677669529664));
#6448=CARTESIAN_POINT('',(15.5724069817139,-17.3627611423724,26.1427669529664));
#6449=CARTESIAN_POINT('Origin',(10.5286140153019,-16.0830193249258,27.6));
#6450=CARTESIAN_POINT('',(12.7988533250343,-19.3778658276549,27.5));
#6451=CARTESIAN_POINT('',(12.7905728957609,-19.3718497436376,27.496837157459));
#6452=CARTESIAN_POINT('',(12.2064643461412,-19.8082616139424,26.7677669529664));
#6453=CARTESIAN_POINT('',(13.0487453067908,-19.1963086755012,27.8088834764832));
#6454=CARTESIAN_POINT('',(9.85532333697127,-16.5721936364426,26.7677669529664));
#6455=CARTESIAN_POINT('',(12.9986965497923,-20.8986756958629,26.7677669529664));
#6456=CARTESIAN_POINT('',(10.6976042976209,-15.9602406980014,27.8088834764832));
#6457=CARTESIAN_POINT('Origin',(15.5372756340602,-21.3852252760977,28.5506577808748));
#6458=CARTESIAN_POINT('',(15.6591603391227,-17.2997311387676,27.5));
#6459=CARTESIAN_POINT('',(15.6591603391227,-17.2997311387676,27.5));
#6460=CARTESIAN_POINT('',(20.2170151964525,-20.5112724263125,29.2146764062143));
#6461=CARTESIAN_POINT('',(18.8713196120159,-19.563072655771,28.7084223589033));
#6462=CARTESIAN_POINT('',(13.2599780273093,-25.5658557986091,29.2146764062143));
#6463=CARTESIAN_POINT('Origin',(1.87623029741758E-14,0.,19.9618630473966));
#6464=CARTESIAN_POINT('',(11.614075367248,-20.23865740023,27.5));
#6465=CARTESIAN_POINT('',(11.8578555185644,-21.0276865835178,27.7539664610223));
#6466=CARTESIAN_POINT('',(15.6591603391227,-17.2997311387676,27.5));
#6467=CARTESIAN_POINT('Origin',(15.6591603391227,-17.2997311387676,25.));
#6468=CARTESIAN_POINT('',(15.6591603391227,-17.2997311387676,25.));
#6469=CARTESIAN_POINT('Origin',(13.6366178531854,-18.7691942694988,25.));
#6470=CARTESIAN_POINT('',(15.6591603391227,-17.2997311387676,25.));
#6471=CARTESIAN_POINT('Origin',(21.2132034355964,-21.2132034355964,25.));
#6472=CARTESIAN_POINT('',(20.2170151964525,-20.5112724263125,20.7853235937857));
#6473=CARTESIAN_POINT('',(20.2170151964525,-20.5112724263125,0.));
#6474=CARTESIAN_POINT('',(15.6591603391227,-17.2997311387676,22.5));
#6475=CARTESIAN_POINT('',(15.6591603391227,-17.2997311387676,25.));
#6476=CARTESIAN_POINT('',(18.8713196120159,-19.563072655771,21.2915776410967));
#6477=CARTESIAN_POINT('Origin',(15.6591603391227,-17.2997311387676,25.));
#6478=CARTESIAN_POINT('',(13.6366178531854,-18.7691942694988,22.5));
#6479=CARTESIAN_POINT('Origin',(13.6366178531854,-18.7691942694988,25.));
#6480=CARTESIAN_POINT('',(15.6591603391227,-17.2997311387676,22.5));
#6481=CARTESIAN_POINT('Origin',(15.6591603391227,-17.2997311387676,25.));
#6482=CARTESIAN_POINT('',(11.614075367248,-20.23865740023,25.));
#6483=CARTESIAN_POINT('',(11.614075367248,-20.23865740023,25.));
#6484=CARTESIAN_POINT('Origin',(13.6366178531854,-18.7691942694988,25.));
#6485=CARTESIAN_POINT('Origin',(15.6591603391227,-17.2997311387676,25.));
#6486=CARTESIAN_POINT('Origin',(13.6366178531854,-18.7691942694988,25.));
#6487=CARTESIAN_POINT('',(11.614075367248,-20.23865740023,22.5));
#6488=CARTESIAN_POINT('',(11.614075367248,-20.23865740023,25.));
#6489=CARTESIAN_POINT('',(15.6591603391227,-17.2997311387676,22.5));
#6490=CARTESIAN_POINT('Origin',(15.5372756340602,-21.3852252760977,21.4493422191252));
#6491=CARTESIAN_POINT('',(13.2599780273093,-25.5658557986091,20.7853235937857));
#6492=CARTESIAN_POINT('Origin',(1.87623029741758E-14,0.,30.0381369526034));
#6493=CARTESIAN_POINT('',(11.8578555185644,-21.0276865835178,22.2460335389777));
#6494=CARTESIAN_POINT('Origin',(11.61407536725,-20.2386574002293,25.));
#6495=CARTESIAN_POINT('',(13.2599780273093,-25.5658557986091,0.));
#6496=CARTESIAN_POINT('Origin',(13.3080193299529,-14.0636631612678,25.));
#6497=CARTESIAN_POINT('Origin',(11.2854768440155,-15.533126291999,25.));
#6498=CARTESIAN_POINT('Origin',(14.4288500568365,-19.8596083514193,25.));
#6499=CARTESIAN_POINT('Origin',(1.87623029741758E-14,0.,0.));
#6500=CARTESIAN_POINT('',(-27.104716592783,9.73521126760559,20.));
#6501=CARTESIAN_POINT('Origin',(1.87623029741758E-14,0.,20.));
#6502=CARTESIAN_POINT('',(-27.104716592783,9.73521126760559,18.5));
#6503=CARTESIAN_POINT('',(-27.104716592783,9.73521126760558,0.));
#6504=CARTESIAN_POINT('',(27.104716592783,9.73521126760561,18.5));
#6505=CARTESIAN_POINT('Origin',(1.87623029741758E-14,0.,18.5));
#6506=CARTESIAN_POINT('',(27.104716592783,9.73521126760561,20.));
#6507=CARTESIAN_POINT('',(27.104716592783,9.7352112676056,0.));
#6508=CARTESIAN_POINT('Origin',(1.87623029741758E-14,0.,20.));
#6509=CARTESIAN_POINT('',(12.8891922866394,-25.75478056979,29.2146764062143));
#6510=CARTESIAN_POINT('',(4.71070459129354,-28.4121323074064,29.2146764062143));
#6511=CARTESIAN_POINT('Origin',(1.87623029741758E-14,0.,19.9618630473966));
#6512=CARTESIAN_POINT('',(12.8891922866394,-25.75478056979,20.7853235937857));
#6513=CARTESIAN_POINT('',(12.8891922866394,-25.75478056979,0.));
#6514=CARTESIAN_POINT('',(4.71070459129354,-28.4121323074064,20.7853235937857));
#6515=CARTESIAN_POINT('Origin',(1.87623029741758E-14,0.,30.0381369526034));
#6516=CARTESIAN_POINT('',(4.71070459129354,-28.4121323074064,0.));
#6517=CARTESIAN_POINT('',(-4.71070459129352,-28.4121323074064,29.2146764062143));
#6518=CARTESIAN_POINT('',(-12.8891922866394,-25.75478056979,29.2146764062143));
#6519=CARTESIAN_POINT('Origin',(1.87623029741758E-14,0.,19.9618630473966));
#6520=CARTESIAN_POINT('',(-4.71070459129351,-28.4121323074064,20.7853235937857));
#6521=CARTESIAN_POINT('',(-4.71070459129352,-28.4121323074064,0.));
#6522=CARTESIAN_POINT('',(-12.8891922866394,-25.75478056979,20.7853235937857));
#6523=CARTESIAN_POINT('Origin',(1.87623029741758E-14,0.,30.0381369526034));
#6524=CARTESIAN_POINT('',(-12.8891922866394,-25.75478056979,0.));
#6525=CARTESIAN_POINT('',(4.29968543152687,-28.4772313469887,20.7853235937857));
#6526=CARTESIAN_POINT('',(-4.29968543152684,-28.4772313469887,20.7853235937857));
#6527=CARTESIAN_POINT('Origin',(1.87623029741758E-14,0.,30.0381369526034));
#6528=CARTESIAN_POINT('',(-4.29968543152684,-28.4772313469887,29.2146764062143));
#6529=CARTESIAN_POINT('',(-4.29968543152684,-28.4772313469887,0.));
#6530=CARTESIAN_POINT('',(4.29968543152686,-28.4772313469887,29.2146764062143));
#6531=CARTESIAN_POINT('Origin',(1.87623029741758E-14,0.,19.9618630473966));
#6532=CARTESIAN_POINT('',(4.29968543152687,-28.4772313469887,0.));
#6533=CARTESIAN_POINT('',(-13.2599780273093,-25.5658557986091,29.2146764062143));
#6534=CARTESIAN_POINT('',(-20.2170151964525,-20.5112724263126,29.2146764062143));
#6535=CARTESIAN_POINT('Origin',(1.87623029741758E-14,0.,19.9618630473966));
#6536=CARTESIAN_POINT('',(-13.2599780273093,-25.5658557986091,20.7853235937857));
#6537=CARTESIAN_POINT('',(-13.2599780273093,-25.5658557986091,0.));
#6538=CARTESIAN_POINT('',(-20.2170151964525,-20.5112724263126,20.7853235937857));
#6539=CARTESIAN_POINT('Origin',(1.87623029741758E-14,0.,30.0381369526034));
#6540=CARTESIAN_POINT('',(-20.2170151964525,-20.5112724263125,0.));
#6541=CARTESIAN_POINT('Origin',(5.46960080043657,-16.8337003384242,25.));
#6542=CARTESIAN_POINT('Origin',(0.,2.22044604925031E-15,25.));
#6543=CARTESIAN_POINT('',(3.91563075610712,-18.9158091495402,27.1213203435596));
#6544=CARTESIAN_POINT('',(3.45210526454454,-17.4892243750975,27.1213203435595));
#6545=CARTESIAN_POINT('',(7.95062182789087,-17.6047610761937,27.1213203435596));
#6546=CARTESIAN_POINT('Origin',(5.93312629199899,-18.260285112867,25.));
#6547=CARTESIAN_POINT('',(7.48709633632841,-16.178176301751,27.1213203435597));
#6548=CARTESIAN_POINT('Origin',(7.01984216326773,-17.9071897220828,28.1));
#6549=CARTESIAN_POINT('',(7.01984216326773,-17.9071897220828,28.1));
#6550=CARTESIAN_POINT('',(7.93873362143716,-17.6086237886234,27.1338203435597));
#6551=CARTESIAN_POINT('',(7.01984216326773,-17.9071897220828,28.1));
#6552=CARTESIAN_POINT('Origin',(4.84641042073007,-18.6133805036511,28.1));
#6553=CARTESIAN_POINT('',(4.84641042073007,-18.6133805036511,28.1));
#6554=CARTESIAN_POINT('',(6.47648422763336,-18.0837374174749,28.1));
#6555=CARTESIAN_POINT('',(4.84641042073007,-18.6133805036511,28.1));
#6556=CARTESIAN_POINT('Origin',(3.91563075610712,-18.9158091495402,27.1213203435596));
#6557=CARTESIAN_POINT('',(4.3929087948722,-18.760732114166,27.6231601717797));
#6558=CARTESIAN_POINT('Origin',(6.82287190945138,-17.9711892371198,27.6));
#6559=CARTESIAN_POINT('',(6.37455430367591,-22.6463121521072,27.6));
#6560=CARTESIAN_POINT('',(8.15404553858068,-22.0681204006129,27.6));
#6561=CARTESIAN_POINT('',(7.70917272985449,-22.2126683384864,27.6));
#6562=CARTESIAN_POINT('',(5.0433806745466,-18.5493809886141,27.6));
#6563=CARTESIAN_POINT('',(5.0433806745466,-18.5493809886141,27.6));
#6564=CARTESIAN_POINT('',(6.82287190945138,-17.9711892371198,27.6));
#6565=CARTESIAN_POINT('',(7.56681974609413,-17.7294659320247,27.6));
#6566=CARTESIAN_POINT('',(6.82287190945138,-17.9711892371198,27.6));
#6567=CARTESIAN_POINT('Origin',(7.61437257190888,-17.7140150823059,26.7677669529664));
#6568=CARTESIAN_POINT('',(8.15404553858068,-21.7445136028629,27.5));
#6569=CARTESIAN_POINT('',(8.15404553858068,-21.4995215607656,27.4242932955053));
#6570=CARTESIAN_POINT('',(7.61437257190889,-17.7140150823059,26.7677669529664));
#6571=CARTESIAN_POINT('',(8.20878289459335,-17.5208794608216,26.1427669529664));
#6572=CARTESIAN_POINT('',(8.85044054940868,-21.5182411474865,26.7677669529664));
#6573=CARTESIAN_POINT('',(9.26694166689079,-22.8000997799763,26.7677669529664));
#6574=CARTESIAN_POINT('',(9.44485087209315,-21.3251055260022,26.1427669529664));
#6575=CARTESIAN_POINT('Origin',(5.0433806745466,-18.5493809886141,27.6));
#6576=CARTESIAN_POINT('',(6.18434300041688,-22.3845087532322,27.5));
#6577=CARTESIAN_POINT('',(6.17832691639963,-22.3762283239589,27.496837157459));
#6578=CARTESIAN_POINT('',(5.48794798958889,-22.6107812086086,26.7677669529664));
#6579=CARTESIAN_POINT('',(6.47810864350211,-22.2890585097173,27.8088834764832));
#6580=CARTESIAN_POINT('',(4.2518800120891,-18.806555143428,26.7677669529664));
#6581=CARTESIAN_POINT('',(5.904449107071,-23.8926398410984,26.7677669529664));
#6582=CARTESIAN_POINT('',(5.24204066600232,-18.4848324445367,27.8088834764832));
#6583=CARTESIAN_POINT('Origin',(8.168429198396,-25.139840068485,28.5506577808748));
#6584=CARTESIAN_POINT('',(9.54683556023667,-21.2919686921102,27.5));
#6585=CARTESIAN_POINT('',(9.54683556023667,-21.2919686921102,27.5));
#6586=CARTESIAN_POINT('',(11.9023695752712,-24.4371461944207,28.7084223589033));
#6587=CARTESIAN_POINT('',(4.7915529787609,-22.8370536639849,27.5));
#6588=CARTESIAN_POINT('',(4.77957825352007,-23.662797219946,27.7539664610223));
#6589=CARTESIAN_POINT('',(9.54683556023667,-21.2919686921102,27.5));
#6590=CARTESIAN_POINT('Origin',(9.54683556023667,-21.2919686921102,25.));
#6591=CARTESIAN_POINT('',(9.54683556023667,-21.2919686921102,25.));
#6592=CARTESIAN_POINT('Origin',(7.16919426949878,-22.0645111780476,25.));
#6593=CARTESIAN_POINT('',(9.54683556023667,-21.2919686921102,25.));
#6594=CARTESIAN_POINT('Origin',(13.6197149921864,-26.730195725651,25.));
#6595=CARTESIAN_POINT('',(9.54683556023667,-21.2919686921102,22.5));
#6596=CARTESIAN_POINT('',(9.54683556023667,-21.2919686921102,25.));
#6597=CARTESIAN_POINT('',(11.9023695752712,-24.4371461944207,21.2915776410967));
#6598=CARTESIAN_POINT('Origin',(9.54683556023667,-21.2919686921102,25.));
#6599=CARTESIAN_POINT('',(7.16919426949878,-22.0645111780476,22.5));
#6600=CARTESIAN_POINT('Origin',(7.16919426949878,-22.0645111780476,25.));
#6601=CARTESIAN_POINT('',(9.54683556023667,-21.2919686921102,22.5));
#6602=CARTESIAN_POINT('Origin',(9.54683556023667,-21.2919686921102,25.));
#6603=CARTESIAN_POINT('',(4.7915529787609,-22.8370536639849,25.));
#6604=CARTESIAN_POINT('',(4.7915529787609,-22.8370536639849,25.));
#6605=CARTESIAN_POINT('Origin',(7.16919426949878,-22.0645111780476,25.));
#6606=CARTESIAN_POINT('Origin',(9.54683556023667,-21.2919686921102,25.));
#6607=CARTESIAN_POINT('Origin',(7.16919426949878,-22.0645111780476,25.));
#6608=CARTESIAN_POINT('',(4.7915529787609,-22.8370536639849,22.5));
#6609=CARTESIAN_POINT('',(4.7915529787609,-22.8370536639849,25.));
#6610=CARTESIAN_POINT('',(9.54683556023667,-21.2919686921102,22.5));
#6611=CARTESIAN_POINT('Origin',(8.168429198396,-25.139840068485,21.4493422191252));
#6612=CARTESIAN_POINT('',(4.77957825352007,-23.662797219946,22.2460335389777));
#6613=CARTESIAN_POINT('Origin',(4.79155297876301,-22.837053663985,25.));
#6614=CARTESIAN_POINT('Origin',(8.31076758273688,-17.4877426269296,25.));
#6615=CARTESIAN_POINT('Origin',(5.93312629199899,-18.260285112867,25.));
#6616=CARTESIAN_POINT('Origin',(7.58569538698089,-23.3463698105374,25.));
#6617=CARTESIAN_POINT('Origin',(-10.4037989655768,-14.3196008004366,25.));
#6618=CARTESIAN_POINT('Origin',(4.44089209850063E-15,4.44089209850063E-15,
25.));
#6619=CARTESIAN_POINT('',(-13.0016610524685,-14.2862454786666,27.1213203435596));
#6620=CARTESIAN_POINT('',(-12.11998317403,-13.0727199871041,27.1213203435595));
#6621=CARTESIAN_POINT('',(-9.56929263556243,-16.7800071053314,27.1213203435596));
#6622=CARTESIAN_POINT('Origin',(-11.2854768440155,-15.533126291999,25.));
#6623=CARTESIAN_POINT('',(-8.68761475712375,-15.5664816137689,27.1213203435597));
#6624=CARTESIAN_POINT('Origin',(-10.3610611096717,-16.204753636557,28.1));
#6625=CARTESIAN_POINT('',(-10.3610611096717,-16.204753636557,28.1));
#6626=CARTESIAN_POINT('',(-9.57940534799213,-16.7726597896777,27.1338203435597));
#6627=CARTESIAN_POINT('',(-10.3610611096717,-16.204753636557,28.1));
#6628=CARTESIAN_POINT('Origin',(-12.2098925783594,-14.8614989474408,28.1));
#6629=CARTESIAN_POINT('',(-12.2098925783594,-14.8614989474408,28.1));
#6630=CARTESIAN_POINT('',(-10.8232689768436,-15.868939964278,28.1));
#6631=CARTESIAN_POINT('',(-12.2098925783594,-14.8614989474408,28.1));
#6632=CARTESIAN_POINT('Origin',(-13.0016610524685,-14.2862454786666,27.1213203435596));
#6633=CARTESIAN_POINT('',(-12.5956641029843,-14.5812195287073,27.6231601717797));
#6634=CARTESIAN_POINT('Origin',(-10.5286140153019,-16.0830193249258,27.6));
#6635=CARTESIAN_POINT('',(-14.5743823813364,-18.4682910650602,27.6));
#6636=CARTESIAN_POINT('',(-13.0606567239093,-19.5680771309139,27.6));
#6637=CARTESIAN_POINT('',(-13.4390881382661,-19.2931306144505,27.6));
#6638=CARTESIAN_POINT('',(-12.042339672729,-14.9832332590722,27.6));
#6639=CARTESIAN_POINT('',(-12.042339672729,-14.9832332590722,27.6));
#6640=CARTESIAN_POINT('',(-10.5286140153019,-16.0830193249258,27.6));
#6641=CARTESIAN_POINT('',(-9.89577418669002,-16.542804373828,27.6));
#6642=CARTESIAN_POINT('',(-10.5286140153019,-16.0830193249258,27.6));
#6643=CARTESIAN_POINT('Origin',(-9.85532333697127,-16.5721936364426,26.7677669529664));
#6644=CARTESIAN_POINT('',(-12.7988533250343,-19.3778658276549,27.5));
#6645=CARTESIAN_POINT('',(-12.600650599491,-19.233863118381,27.4242932955053));
#6646=CARTESIAN_POINT('',(-9.85532333697127,-16.5721936364426,26.7677669529664));
#6647=CARTESIAN_POINT('',(-9.34968771548693,-16.9395594191254,26.1427669529664));
#6648=CARTESIAN_POINT('',(-12.2064643461412,-19.8082616139424,26.7677669529664));
#6649=CARTESIAN_POINT('',(-12.9986965497923,-20.8986756958629,26.7677669529664));
#6650=CARTESIAN_POINT('',(-11.7008287246568,-20.1756273966252,26.1427669529664));
#6651=CARTESIAN_POINT('Origin',(-12.042339672729,-14.9832332590722,27.6));
#6652=CARTESIAN_POINT('',(-14.4743823813364,-18.1605227113427,27.5));
#6653=CARTESIAN_POINT('',(-14.4712195387954,-18.1507884829236,27.496837157459));
#6654=CARTESIAN_POINT('',(-15.0667713602296,-17.7301269250551,26.7677669529664));
#6655=CARTESIAN_POINT('',(-14.2244903995799,-18.3420798634963,27.8088834764832));
#6656=CARTESIAN_POINT('',(-12.7156303510597,-14.4940589475554,26.7677669529664));
#6657=CARTESIAN_POINT('',(-15.8590035638807,-18.8205410069756,26.7677669529664));
#6658=CARTESIAN_POINT('',(-11.87334939041,-15.1060118859966,27.8088834764832));
#6659=CARTESIAN_POINT('Origin',(-15.5372756340602,-21.3852252760978,28.5506577808748));
#6660=CARTESIAN_POINT('',(-11.614075367248,-20.23865740023,27.5));
#6661=CARTESIAN_POINT('',(-11.614075367248,-20.23865740023,27.5));
#6662=CARTESIAN_POINT('',(-12.7740292616324,-23.9930134009213,28.7084223589033));
#6663=CARTESIAN_POINT('',(-15.6591603391227,-17.2997311387676,27.5));
#6664=CARTESIAN_POINT('',(-16.3342394757876,-17.7754032669142,27.7539664610223));
#6665=CARTESIAN_POINT('',(-11.614075367248,-20.23865740023,27.5));
#6666=CARTESIAN_POINT('Origin',(-11.614075367248,-20.23865740023,25.));
#6667=CARTESIAN_POINT('',(-11.614075367248,-20.23865740023,25.));
#6668=CARTESIAN_POINT('Origin',(-13.6366178531854,-18.7691942694988,25.));
#6669=CARTESIAN_POINT('',(-11.614075367248,-20.23865740023,25.));
#6670=CARTESIAN_POINT('Origin',(-13.6197149921864,-26.730195725651,25.));
#6671=CARTESIAN_POINT('',(-11.614075367248,-20.23865740023,22.5));
#6672=CARTESIAN_POINT('',(-11.614075367248,-20.23865740023,25.));
#6673=CARTESIAN_POINT('',(-12.7740292616324,-23.9930134009213,21.2915776410967));
#6674=CARTESIAN_POINT('Origin',(-11.614075367248,-20.23865740023,25.));
#6675=CARTESIAN_POINT('',(-13.6366178531854,-18.7691942694988,22.5));
#6676=CARTESIAN_POINT('Origin',(-13.6366178531854,-18.7691942694988,25.));
#6677=CARTESIAN_POINT('',(-11.614075367248,-20.23865740023,22.5));
#6678=CARTESIAN_POINT('Origin',(-11.614075367248,-20.23865740023,25.));
#6679=CARTESIAN_POINT('',(-15.6591603391227,-17.2997311387676,25.));
#6680=CARTESIAN_POINT('',(-15.6591603391227,-17.2997311387676,25.));
#6681=CARTESIAN_POINT('Origin',(-13.6366178531854,-18.7691942694988,25.));
#6682=CARTESIAN_POINT('Origin',(-11.614075367248,-20.23865740023,25.));
#6683=CARTESIAN_POINT('Origin',(-13.6366178531854,-18.7691942694988,25.));
#6684=CARTESIAN_POINT('',(-15.6591603391227,-17.2997311387676,22.5));
#6685=CARTESIAN_POINT('',(-15.6591603391227,-17.2997311387676,25.));
#6686=CARTESIAN_POINT('',(-11.614075367248,-20.23865740023,22.5));
#6687=CARTESIAN_POINT('Origin',(-15.5372756340602,-21.3852252760978,21.4493422191252));
#6688=CARTESIAN_POINT('',(-16.3342394757876,-17.7754032669142,22.2460335389777));
#6689=CARTESIAN_POINT('Origin',(-15.6591603391215,-17.2997311387693,25.));
#6690=CARTESIAN_POINT('Origin',(-9.26293435807812,-17.0025894227302,25.));
#6691=CARTESIAN_POINT('Origin',(-11.2854768440155,-15.533126291999,25.));
#6692=CARTESIAN_POINT('Origin',(-14.4288500568365,-19.8596083514193,25.));
#6693=CARTESIAN_POINT('Origin',(-5.46960080043657,-16.8337003384242,25.));
#6694=CARTESIAN_POINT('',(-7.95062182789086,-17.6047610761937,27.1213203435596));
#6695=CARTESIAN_POINT('',(-7.4870963363286,-16.1781763017509,27.1213203435595));
#6696=CARTESIAN_POINT('',(-3.91563075610712,-18.9158091495402,27.1213203435596));
#6697=CARTESIAN_POINT('Origin',(-5.93312629199899,-18.260285112867,25.));
#6698=CARTESIAN_POINT('',(-3.45210526454473,-17.4892243750974,27.1213203435597));
#6699=CARTESIAN_POINT('Origin',(1.11022302462516E-15,4.44089209850063E-15,
25.));
#6700=CARTESIAN_POINT('Origin',(-4.84641042073025,-18.6133805036511,28.1));
#6701=CARTESIAN_POINT('',(-4.84641042073026,-18.6133805036511,28.1));
#6702=CARTESIAN_POINT('',(-3.92751896256082,-18.9119464371105,27.1338203435597));
#6703=CARTESIAN_POINT('',(-4.84641042073026,-18.6133805036511,28.1));
#6704=CARTESIAN_POINT('Origin',(-7.01984216326791,-17.9071897220828,28.1));
#6705=CARTESIAN_POINT('',(-7.01984216326791,-17.9071897220828,28.1));
#6706=CARTESIAN_POINT('',(-5.38976835636462,-18.436832808259,28.1));
#6707=CARTESIAN_POINT('',(-7.01984216326791,-17.9071897220828,28.1));
#6708=CARTESIAN_POINT('Origin',(-7.95062182789086,-17.6047610761937,27.1213203435596));
#6709=CARTESIAN_POINT('',(-7.47334378912578,-17.7598381115679,27.6231601717797));
#6710=CARTESIAN_POINT('Origin',(-5.0433806745466,-18.5493809886141,27.6));
#6711=CARTESIAN_POINT('',(-8.15404553858068,-22.0681204006129,27.6));
#6712=CARTESIAN_POINT('',(-6.3745543036759,-22.6463121521072,27.6));
#6713=CARTESIAN_POINT('',(-6.81942711240209,-22.5017642142336,27.6));
#6714=CARTESIAN_POINT('',(-6.82287190945138,-17.9711892371198,27.6));
#6715=CARTESIAN_POINT('',(-6.82287190945138,-17.9711892371198,27.6));
#6716=CARTESIAN_POINT('',(-5.0433806745466,-18.5493809886141,27.6));
#6717=CARTESIAN_POINT('',(-4.29943283790385,-18.7911042937092,27.6));
#6718=CARTESIAN_POINT('',(-5.0433806745466,-18.5493809886141,27.6));
#6719=CARTESIAN_POINT('Origin',(-4.2518800120891,-18.806555143428,26.7677669529664));
#6720=CARTESIAN_POINT('',(-6.18434300041688,-22.3845087532322,27.5));
#6721=CARTESIAN_POINT('',(-6.04034029114306,-22.1863060276889,27.4242932955053));
#6722=CARTESIAN_POINT('',(-4.2518800120891,-18.806555143428,26.7677669529664));
#6723=CARTESIAN_POINT('',(-3.65746968940463,-18.9996907649123,26.1427669529664));
#6724=CARTESIAN_POINT('',(-5.48794798958889,-22.6107812086086,26.7677669529664));
#6725=CARTESIAN_POINT('',(-5.904449107071,-23.8926398410984,26.7677669529664));
#6726=CARTESIAN_POINT('',(-4.89353766690442,-22.8039168300929,26.1427669529664));
#6727=CARTESIAN_POINT('Origin',(-6.82287190945138,-17.9711892371198,27.6));
#6728=CARTESIAN_POINT('',(-8.15404553858068,-21.7445136028629,27.5));
#6729=CARTESIAN_POINT('',(-8.15404553858068,-21.7342784293981,27.496837157459));
#6730=CARTESIAN_POINT('',(-8.85044054940867,-21.5182411474865,26.7677669529664));
#6731=CARTESIAN_POINT('',(-7.86027989549545,-21.8399638463778,27.8088834764832));
#6732=CARTESIAN_POINT('',(-7.61437257190888,-17.7140150823059,26.7677669529664));
#6733=CARTESIAN_POINT('',(-9.26694166689079,-22.8000997799763,26.7677669529664));
#6734=CARTESIAN_POINT('',(-6.62421191799566,-18.0357377811972,27.8088834764832));
#6735=CARTESIAN_POINT('Origin',(-8.16842919839597,-25.139840068485,28.5506577808748));
#6736=CARTESIAN_POINT('',(-4.7915529787609,-22.8370536639849,27.5));
#6737=CARTESIAN_POINT('',(-4.7915529787609,-22.8370536639849,27.5));
#6738=CARTESIAN_POINT('',(-4.73457488146994,-26.7661038689905,28.7084223589033));
#6739=CARTESIAN_POINT('',(-9.54683556023667,-21.2919686921102,27.5));
#6740=CARTESIAN_POINT('',(-10.0418832008289,-21.9529706949815,27.7539664610223));
#6741=CARTESIAN_POINT('',(-4.7915529787609,-22.8370536639849,27.5));
#6742=CARTESIAN_POINT('Origin',(-4.7915529787609,-22.8370536639849,25.));
#6743=CARTESIAN_POINT('',(-4.7915529787609,-22.8370536639849,25.));
#6744=CARTESIAN_POINT('Origin',(-7.16919426949878,-22.0645111780476,25.));
#6745=CARTESIAN_POINT('',(-4.7915529787609,-22.8370536639849,25.));
#6746=CARTESIAN_POINT('Origin',(-4.69303395120692,-29.6306502178541,25.));
#6747=CARTESIAN_POINT('',(-4.7915529787609,-22.8370536639849,22.5));
#6748=CARTESIAN_POINT('',(-4.7915529787609,-22.8370536639849,25.));
#6749=CARTESIAN_POINT('',(-4.73457488146994,-26.7661038689905,21.2915776410967));
#6750=CARTESIAN_POINT('Origin',(-4.7915529787609,-22.8370536639849,25.));
#6751=CARTESIAN_POINT('',(-7.16919426949878,-22.0645111780476,22.5));
#6752=CARTESIAN_POINT('Origin',(-7.16919426949878,-22.0645111780476,25.));
#6753=CARTESIAN_POINT('',(-4.7915529787609,-22.8370536639849,22.5));
#6754=CARTESIAN_POINT('Origin',(-4.7915529787609,-22.8370536639849,25.));
#6755=CARTESIAN_POINT('',(-9.54683556023667,-21.2919686921102,25.));
#6756=CARTESIAN_POINT('',(-9.54683556023667,-21.2919686921102,25.));
#6757=CARTESIAN_POINT('Origin',(-7.16919426949878,-22.0645111780476,25.));
#6758=CARTESIAN_POINT('Origin',(-4.7915529787609,-22.8370536639849,25.));
#6759=CARTESIAN_POINT('Origin',(-7.16919426949878,-22.0645111780476,25.));
#6760=CARTESIAN_POINT('',(-9.54683556023667,-21.2919686921102,22.5));
#6761=CARTESIAN_POINT('',(-9.54683556023667,-21.2919686921102,25.));
#6762=CARTESIAN_POINT('',(-4.7915529787609,-22.8370536639849,22.5));
#6763=CARTESIAN_POINT('Origin',(-8.16842919839597,-25.139840068485,21.4493422191252));
#6764=CARTESIAN_POINT('',(-10.0418832008289,-21.9529706949815,22.2460335389777));
#6765=CARTESIAN_POINT('Origin',(-9.54683556023498,-21.2919686921115,25.));
#6766=CARTESIAN_POINT('Origin',(-3.55548500126111,-19.0328275988043,25.));
#6767=CARTESIAN_POINT('Origin',(-5.93312629199899,-18.260285112867,25.));
#6768=CARTESIAN_POINT('Origin',(-7.58569538698089,-23.3463698105374,25.));
#6769=CARTESIAN_POINT('Origin',(1.14264068711925,-19.2,28.1));
#6770=CARTESIAN_POINT('',(2.12132034355964,-19.2,27.1213203435596));
#6771=CARTESIAN_POINT('',(2.12132034355961,-17.7,27.1213203435597));
#6772=CARTESIAN_POINT('',(1.14264068711925,-19.2,28.1));
#6773=CARTESIAN_POINT('',(2.10882034355962,-19.2,27.1338203435597));
#6774=CARTESIAN_POINT('',(1.14264068711925,-19.2,28.1));
#6775=CARTESIAN_POINT('Origin',(-1.14264068711944,-19.2,28.1));
#6776=CARTESIAN_POINT('',(-1.14264068711944,-19.2,28.1));
#6777=CARTESIAN_POINT('',(0.571320343559625,-19.2,28.1));
#6778=CARTESIAN_POINT('',(-1.14264068711944,-19.2,28.1));
#6779=CARTESIAN_POINT('Origin',(-2.12132034355964,-19.2,27.1213203435596));
#6780=CARTESIAN_POINT('',(-2.12132034355964,-19.2,27.1213203435596));
#6781=CARTESIAN_POINT('',(-1.61948051533963,-19.2,27.6231601717797));
#6782=CARTESIAN_POINT('',(-2.12132034355981,-17.7,27.1213203435595));
#6783=CARTESIAN_POINT('Origin',(0.,-17.7,25.));
#6784=CARTESIAN_POINT('Origin',(0.,-19.2,25.));
#6785=CARTESIAN_POINT('Origin',(0.935533905932739,-19.2,27.6));
#6786=CARTESIAN_POINT('',(-0.935533905932739,-23.5077683537175,27.6));
#6787=CARTESIAN_POINT('',(0.935533905932739,-23.5077683537175,27.6));
#6788=CARTESIAN_POINT('',(0.467766952966375,-23.5077683537175,27.6));
#6789=CARTESIAN_POINT('',(-0.935533905932739,-19.2,27.6));
#6790=CARTESIAN_POINT('',(-0.935533905932739,-19.2,27.6));
#6791=CARTESIAN_POINT('',(0.935533905932739,-19.2,27.6));
#6792=CARTESIAN_POINT('',(1.71776695296637,-19.2,27.6));
#6793=CARTESIAN_POINT('',(0.935533905932739,-19.2,27.6));
#6794=CARTESIAN_POINT('Origin',(1.76776695296637,-19.2,26.7677669529664));
#6795=CARTESIAN_POINT('',(1.03553390593274,-23.2,27.5));
#6796=CARTESIAN_POINT('',(1.11124061042743,-22.9669987219229,27.4242932955053));
#6797=CARTESIAN_POINT('',(1.76776695296637,-19.2,26.7677669529664));
#6798=CARTESIAN_POINT('',(2.39276695296637,-19.2,26.1427669529664));
#6799=CARTESIAN_POINT('',(1.76776695296637,-23.2,26.7677669529664));
#6800=CARTESIAN_POINT('',(1.76776695296637,-24.5478259288767,26.7677669529664));
#6801=CARTESIAN_POINT('',(2.39276695296637,-23.2,26.1427669529664));
#6802=CARTESIAN_POINT('Origin',(-0.935533905932739,-19.2,27.6));
#6803=CARTESIAN_POINT('',(-1.03553390593274,-23.2,27.5));
#6804=CARTESIAN_POINT('',(-1.03869674847373,-23.1902657715809,27.496837157459));
#6805=CARTESIAN_POINT('',(-1.76776695296637,-23.2,26.7677669529664));
#6806=CARTESIAN_POINT('',(-0.726650429449552,-23.2,27.8088834764832));
#6807=CARTESIAN_POINT('',(-1.76776695296637,-19.2,26.7677669529664));
#6808=CARTESIAN_POINT('',(-1.76776695296637,-24.5478259288767,26.7677669529664));
#6809=CARTESIAN_POINT('',(-0.726650429449552,-19.2,27.8088834764832));
#6810=CARTESIAN_POINT('Origin',(1.11022302462516E-14,-26.4335921554035,
28.5506577808748));
#6811=CARTESIAN_POINT('',(2.5,-23.2,27.5));
#6812=CARTESIAN_POINT('',(2.5,-23.2,27.5));
#6813=CARTESIAN_POINT('',(3.76833267581375,-26.9191415999513,28.7084223589033));
#6814=CARTESIAN_POINT('',(-2.5,-23.2,27.5));
#6815=CARTESIAN_POINT('',(-2.76655743225869,-23.9816283960831,27.7539664610223));
#6816=CARTESIAN_POINT('',(2.5,-23.2,27.5));
#6817=CARTESIAN_POINT('Origin',(2.5,-23.2,25.));
#6818=CARTESIAN_POINT('',(2.5,-23.2,25.));
#6819=CARTESIAN_POINT('Origin',(0.,-23.2,25.));
#6820=CARTESIAN_POINT('',(2.5,-23.2,25.));
#6821=CARTESIAN_POINT('Origin',(4.69303395120693,-29.6306502178541,25.));
#6822=CARTESIAN_POINT('',(2.5,-23.2,22.5));
#6823=CARTESIAN_POINT('',(2.5,-23.2,25.));
#6824=CARTESIAN_POINT('',(3.76833267581375,-26.9191415999513,21.2915776410967));
#6825=CARTESIAN_POINT('Origin',(2.5,-23.2,25.));
#6826=CARTESIAN_POINT('',(0.,-23.2,22.5));
#6827=CARTESIAN_POINT('Origin',(0.,-23.2,25.));
#6828=CARTESIAN_POINT('',(2.5,-23.2,22.5));
#6829=CARTESIAN_POINT('Origin',(2.5,-23.2,25.));
#6830=CARTESIAN_POINT('',(-2.5,-23.2,25.));
#6831=CARTESIAN_POINT('',(-2.5,-23.2,25.));
#6832=CARTESIAN_POINT('Origin',(0.,-23.2,25.));
#6833=CARTESIAN_POINT('Origin',(2.5,-23.2,25.));
#6834=CARTESIAN_POINT('Origin',(0.,-23.2,25.));
#6835=CARTESIAN_POINT('',(-2.5,-23.2,22.5));
#6836=CARTESIAN_POINT('',(-2.5,-23.2,25.));
#6837=CARTESIAN_POINT('',(2.5,-23.2,22.5));
#6838=CARTESIAN_POINT('Origin',(1.11022302462516E-14,-26.4335921554035,
21.4493422191252));
#6839=CARTESIAN_POINT('',(-2.76655743225869,-23.9816283960831,22.2460335389777));
#6840=CARTESIAN_POINT('Origin',(-2.499999999998,-23.2000000000007,25.));
#6841=CARTESIAN_POINT('Origin',(2.5,-19.2,25.));
#6842=CARTESIAN_POINT('Origin',(0.,-19.2,25.));
#6843=CARTESIAN_POINT('Origin',(0.,-24.5478259288767,25.));
#6844=CARTESIAN_POINT('Origin',(0.,-9.4,20.));
#6845=CARTESIAN_POINT('',(-26.1998234140504,9.4641033950701,20.));
#6846=CARTESIAN_POINT('Origin',(0.,0.,20.));
#6847=CARTESIAN_POINT('',(-26.5760309535396,9.99999999999995,20.));
#6848=CARTESIAN_POINT('Origin',(-26.5760309535396,9.59999999999995,20.));
#6849=CARTESIAN_POINT('',(-26.728262195661,9.99999999999995,20.));
#6850=CARTESIAN_POINT('',(-26.,9.99999999999995,20.));
#6851=CARTESIAN_POINT('Origin',(-26.728262195661,9.59999999999995,20.));
#6852=CARTESIAN_POINT('Origin',(0.,-9.4,20.));
#6853=CARTESIAN_POINT('',(26.728262195661,9.99999999999997,20.));
#6854=CARTESIAN_POINT('Origin',(26.728262195661,9.59999999999997,20.));
#6855=CARTESIAN_POINT('',(26.5760309535396,9.99999999999997,20.));
#6856=CARTESIAN_POINT('',(26.,9.99999999999997,20.));
#6857=CARTESIAN_POINT('',(26.1998234140504,9.46410339507012,20.));
#6858=CARTESIAN_POINT('Origin',(26.5760309535396,9.59999999999997,20.));
#6859=CARTESIAN_POINT('Origin',(0.,0.,20.));
#6860=CARTESIAN_POINT('Origin',(28.,34.2,16.));
#6861=CARTESIAN_POINT('',(28.4,34.2,16.));
#6862=CARTESIAN_POINT('',(28.8,33.8,16.));
#6863=CARTESIAN_POINT('Origin',(28.4,33.8,16.));
#6864=CARTESIAN_POINT('',(28.,34.2,16.));
#6865=CARTESIAN_POINT('',(28.3999999999999,34.2,16.));
#6866=CARTESIAN_POINT('',(28.,12.,16.));
#6867=CARTESIAN_POINT('',(28.,34.2,16.));
#6868=CARTESIAN_POINT('',(28.4,12.,16.));
#6869=CARTESIAN_POINT('',(26.9999999999999,12.,16.));
#6870=CARTESIAN_POINT('',(28.8,12.4,16.));
#6871=CARTESIAN_POINT('Origin',(28.4,12.4,16.));
#6872=CARTESIAN_POINT('',(28.8,23.1,16.));
#6873=CARTESIAN_POINT('Origin',(28.,34.2,16.5381197846483));
#6874=CARTESIAN_POINT('',(28.,12.,16.5381197846483));
#6875=CARTESIAN_POINT('',(28.,12.,8.26905989232415));
#6876=CARTESIAN_POINT('',(28.,34.2,16.5381197846483));
#6877=CARTESIAN_POINT('',(28.,34.2,8.26905989232415));
#6878=CARTESIAN_POINT('',(28.,34.2,16.5381197846483));
#6879=CARTESIAN_POINT('Origin',(28.8,34.2,17.));
#6880=CARTESIAN_POINT('',(28.8,33.8,17.));
#6881=CARTESIAN_POINT('',(28.4,34.2,16.7690598923242));
#6882=CARTESIAN_POINT('Origin',(28.4,33.8,16.7690598923242));
#6883=CARTESIAN_POINT('',(28.8,12.4,17.));
#6884=CARTESIAN_POINT('',(28.8,23.1,17.));
#6885=CARTESIAN_POINT('',(28.4,12.,16.7690598923242));
#6886=CARTESIAN_POINT('Origin',(28.4,12.4,16.7690598923242));
#6887=CARTESIAN_POINT('',(24.0693920339162,12.,14.2687822173509));
#6888=CARTESIAN_POINT('',(25.1193920339161,34.2,14.875));
#6889=CARTESIAN_POINT('Origin',(-28.,34.2,16.5381197846483));
#6890=CARTESIAN_POINT('',(-28.8,12.4,17.));
#6891=CARTESIAN_POINT('',(-28.4,11.9999999999999,16.7690598923242));
#6892=CARTESIAN_POINT('Origin',(-28.4,12.4,16.7690598923242));
#6893=CARTESIAN_POINT('',(-28.8,16.7,17.));
#6894=CARTESIAN_POINT('',(-28.8,25.65,17.));
#6895=CARTESIAN_POINT('',(-28.4,17.1,16.7690598923242));
#6896=CARTESIAN_POINT('Origin',(-28.4,16.7,16.7690598923242));
#6897=CARTESIAN_POINT('',(-28.,17.1,16.5381197846483));
#6898=CARTESIAN_POINT('',(-24.2693920339161,17.1,14.3842522711888));
#6899=CARTESIAN_POINT('',(-28.,11.9999999999999,16.5381197846483));
#6900=CARTESIAN_POINT('',(-28.,34.2,16.5381197846483));
#6901=CARTESIAN_POINT('',(-24.7193920339161,12.,14.6440598923242));
#6902=CARTESIAN_POINT('Origin',(-28.,34.2,16.5381197846483));
#6903=CARTESIAN_POINT('',(-28.4,34.2,16.7690598923242));
#6904=CARTESIAN_POINT('',(-28.8,33.8,17.));
#6905=CARTESIAN_POINT('Origin',(-28.4,33.8,16.7690598923242));
#6906=CARTESIAN_POINT('',(-28.,34.2,16.5381197846483));
#6907=CARTESIAN_POINT('',(-3.11939203391611,34.2,2.17329407782826));
#6908=CARTESIAN_POINT('',(-28.,29.1,16.5381197846483));
#6909=CARTESIAN_POINT('',(-28.,34.2,16.5381197846483));
#6910=CARTESIAN_POINT('',(-28.4,29.1,16.7690598923242));
#6911=CARTESIAN_POINT('',(-24.7193920339161,29.1,14.6440598923242));
#6912=CARTESIAN_POINT('',(-28.8,29.5,17.));
#6913=CARTESIAN_POINT('Origin',(-28.4,29.5,16.7690598923242));
#6914=CARTESIAN_POINT('',(-28.8,34.2,17.));
#6915=CARTESIAN_POINT('Origin',(-28.,34.2,16.));
#6916=CARTESIAN_POINT('',(-28.,17.1,16.));
#6917=CARTESIAN_POINT('',(-28.,17.1,8.));
#6918=CARTESIAN_POINT('',(-28.,11.9999999999999,16.));
#6919=CARTESIAN_POINT('',(-28.,34.2,16.));
#6920=CARTESIAN_POINT('',(-28.,12.,8.));
#6921=CARTESIAN_POINT('Origin',(-28.,34.2,16.));
#6922=CARTESIAN_POINT('',(-28.,29.1,16.));
#6923=CARTESIAN_POINT('',(-28.,29.1,8.));
#6924=CARTESIAN_POINT('',(-28.,34.2,16.));
#6925=CARTESIAN_POINT('',(-28.,34.2,8.));
#6926=CARTESIAN_POINT('',(-28.,34.2,16.));
#6927=CARTESIAN_POINT('Origin',(-28.8,34.2,16.));
#6928=CARTESIAN_POINT('',(-28.4,11.9999999999999,16.));
#6929=CARTESIAN_POINT('',(-28.8,12.4,16.));
#6930=CARTESIAN_POINT('Origin',(-28.4,12.4,16.));
#6931=CARTESIAN_POINT('',(-28.7999999999999,12.,16.));
#6932=CARTESIAN_POINT('',(-28.4,17.1,16.));
#6933=CARTESIAN_POINT('',(-28.1999999999999,17.1,16.));
#6934=CARTESIAN_POINT('',(-28.8,16.7,16.));
#6935=CARTESIAN_POINT('Origin',(-28.4,16.7,16.));
#6936=CARTESIAN_POINT('',(-28.8,25.65,16.));
#6937=CARTESIAN_POINT('Origin',(-28.8,34.2,16.));
#6938=CARTESIAN_POINT('',(-28.8,33.8,16.));
#6939=CARTESIAN_POINT('',(-28.4,34.2,16.));
#6940=CARTESIAN_POINT('Origin',(-28.4,33.8,16.));
#6941=CARTESIAN_POINT('',(-28.8,29.5,16.));
#6942=CARTESIAN_POINT('',(-28.8,34.2,16.));
#6943=CARTESIAN_POINT('',(-28.4,29.1,16.));
#6944=CARTESIAN_POINT('Origin',(-28.4,29.5,16.));
#6945=CARTESIAN_POINT('',(-28.7999999999999,29.1,16.));
#6946=CARTESIAN_POINT('',(6.4392935428257E-14,34.2,15.9999999999998));
#6947=CARTESIAN_POINT('Origin',(28.4,33.8,0.));
#6948=CARTESIAN_POINT('',(28.4,34.2,18.));
#6949=CARTESIAN_POINT('',(28.4,34.2,0.));
#6950=CARTESIAN_POINT('',(28.8,33.8,18.));
#6951=CARTESIAN_POINT('Origin',(28.4,33.8,18.));
#6952=CARTESIAN_POINT('',(28.8,33.8,0.));
#6953=CARTESIAN_POINT('Origin',(28.4,33.8,0.));
#6954=CARTESIAN_POINT('',(28.8,33.8,15.));
#6955=CARTESIAN_POINT('',(28.8,33.8,0.));
#6956=CARTESIAN_POINT('',(28.4,34.2,15.));
#6957=CARTESIAN_POINT('Origin',(28.4,33.8,15.));
#6958=CARTESIAN_POINT('',(28.4,34.2,0.));
#6959=CARTESIAN_POINT('Origin',(28.4,12.4,0.));
#6960=CARTESIAN_POINT('',(28.4,12.,15.));
#6961=CARTESIAN_POINT('',(28.4,12.,0.));
#6962=CARTESIAN_POINT('',(28.8,12.4,15.));
#6963=CARTESIAN_POINT('Origin',(28.4,12.4,15.));
#6964=CARTESIAN_POINT('',(28.8,12.4,0.));
#6965=CARTESIAN_POINT('Origin',(28.4,12.4,0.));
#6966=CARTESIAN_POINT('',(28.8,12.4,18.));
#6967=CARTESIAN_POINT('',(28.8,12.4,0.));
#6968=CARTESIAN_POINT('',(28.4,12.,18.));
#6969=CARTESIAN_POINT('Origin',(28.4,12.4,18.));
#6970=CARTESIAN_POINT('',(28.4,12.,0.));
#6971=CARTESIAN_POINT('Origin',(28.8,12.,0.));
#6972=CARTESIAN_POINT('',(28.8,33.8,18.));
#6973=CARTESIAN_POINT('Origin',(28.8,12.,0.));
#6974=CARTESIAN_POINT('',(28.8,7.25000000000001,15.));
#6975=CARTESIAN_POINT('Origin',(-28.4,33.8,0.));
#6976=CARTESIAN_POINT('',(-28.4,34.2,15.));
#6977=CARTESIAN_POINT('',(-28.4,34.2,0.));
#6978=CARTESIAN_POINT('',(-28.8,33.8,15.));
#6979=CARTESIAN_POINT('Origin',(-28.4,33.8,15.));
#6980=CARTESIAN_POINT('',(-28.8,33.8,0.));
#6981=CARTESIAN_POINT('Origin',(-28.4,33.8,0.));
#6982=CARTESIAN_POINT('',(-28.8,33.8,18.));
#6983=CARTESIAN_POINT('',(-28.8,33.8,0.));
#6984=CARTESIAN_POINT('',(-28.4,34.2,18.));
#6985=CARTESIAN_POINT('Origin',(-28.4,33.8,18.));
#6986=CARTESIAN_POINT('',(-28.4,34.2,0.));
#6987=CARTESIAN_POINT('Origin',(-28.8,29.1,0.));
#6988=CARTESIAN_POINT('',(-28.4,29.1,15.));
#6989=CARTESIAN_POINT('',(-28.4,29.1,0.));
#6990=CARTESIAN_POINT('',(-30.,29.1,15.));
#6991=CARTESIAN_POINT('',(-15.,29.1,15.));
#6992=CARTESIAN_POINT('',(-30.,29.1,14.5));
#6993=CARTESIAN_POINT('',(-30.,29.1,7.5));
#6994=CARTESIAN_POINT('',(-27.6,29.1,14.5));
#6995=CARTESIAN_POINT('',(-28.8,29.1,14.5));
#6996=CARTESIAN_POINT('',(-27.6,29.1,18.));
#6997=CARTESIAN_POINT('',(-27.6,29.1,15.));
#6998=CARTESIAN_POINT('',(-28.4,29.1,18.));
#6999=CARTESIAN_POINT('',(-26.,29.1,18.));
#7000=CARTESIAN_POINT('',(-28.4,29.1,0.));
#7001=CARTESIAN_POINT('Origin',(-28.8,34.2,0.));
#7002=CARTESIAN_POINT('',(-28.8,29.5,15.));
#7003=CARTESIAN_POINT('',(-28.8,18.35,15.));
#7004=CARTESIAN_POINT('',(-28.8,29.5,0.));
#7005=CARTESIAN_POINT('Origin',(-28.8,34.2,0.));
#7006=CARTESIAN_POINT('',(-28.8,29.5,18.));
#7007=CARTESIAN_POINT('',(-28.8,29.5,0.));
#7008=CARTESIAN_POINT('',(-28.8,33.8,18.));
#7009=CARTESIAN_POINT('Origin',(-28.4,29.5,0.));
#7010=CARTESIAN_POINT('Origin',(-28.4,29.5,15.));
#7011=CARTESIAN_POINT('Origin',(-28.8,12.,0.));
#7012=CARTESIAN_POINT('',(-28.4,12.,15.));
#7013=CARTESIAN_POINT('',(-28.4,12.,0.));
#7014=CARTESIAN_POINT('',(-26.4,12.,15.));
#7015=CARTESIAN_POINT('',(-14.4,12.,15.));
#7016=CARTESIAN_POINT('',(-26.4,12.,18.));
#7017=CARTESIAN_POINT('',(-26.4,12.,0.));
#7018=CARTESIAN_POINT('',(-28.4,12.,18.));
#7019=CARTESIAN_POINT('',(-30.,12.,18.));
#7020=CARTESIAN_POINT('',(-28.4,12.,0.));
#7021=CARTESIAN_POINT('Origin',(-28.4,12.4,0.));
#7022=CARTESIAN_POINT('',(-28.8,12.4,15.));
#7023=CARTESIAN_POINT('',(-28.8,12.4,0.));
#7024=CARTESIAN_POINT('Origin',(-28.4,12.4,15.));
#7025=CARTESIAN_POINT('Origin',(-28.8,17.1,0.));
#7026=CARTESIAN_POINT('',(-28.8,16.7,15.));
#7027=CARTESIAN_POINT('',(-28.8,16.7,0.));
#7028=CARTESIAN_POINT('',(-28.8,9.8,15.));
#7029=CARTESIAN_POINT('Origin',(-28.4,16.7,0.));
#7030=CARTESIAN_POINT('',(-28.4,17.1,15.));
#7031=CARTESIAN_POINT('',(-28.4,17.1,0.));
#7032=CARTESIAN_POINT('Origin',(-28.4,16.7,15.));
#7033=CARTESIAN_POINT('Origin',(-28.4,16.7,0.));
#7034=CARTESIAN_POINT('',(-28.8,16.7,18.));
#7035=CARTESIAN_POINT('',(-28.8,16.7,0.));
#7036=CARTESIAN_POINT('',(-28.4,17.1,18.));
#7037=CARTESIAN_POINT('Origin',(-28.4,16.7,18.));
#7038=CARTESIAN_POINT('',(-28.4,17.1,0.));
#7039=CARTESIAN_POINT('Origin',(0.,23.1,18.));
#7040=CARTESIAN_POINT('',(-28.8,34.2,18.));
#7041=CARTESIAN_POINT('Origin',(-28.4,29.5,18.));
#7042=CARTESIAN_POINT('',(-27.6,27.1,18.));
#7043=CARTESIAN_POINT('',(-27.6,17.1,18.));
#7044=CARTESIAN_POINT('',(-26.,27.1,18.));
#7045=CARTESIAN_POINT('',(-26.,27.1,18.));
#7046=CARTESIAN_POINT('',(-26.,33.8,18.));
#7047=CARTESIAN_POINT('',(-26.,33.8,18.));
#7048=CARTESIAN_POINT('',(26.,33.8,18.));
#7049=CARTESIAN_POINT('',(-28.8,33.8,18.));
#7050=CARTESIAN_POINT('',(26.,12.4,18.));
#7051=CARTESIAN_POINT('',(26.,33.8,18.));
#7052=CARTESIAN_POINT('',(26.4,12.,18.));
#7053=CARTESIAN_POINT('Origin',(26.4,12.4,18.));
#7054=CARTESIAN_POINT('',(30.,12.,18.));
#7055=CARTESIAN_POINT('Origin',(-28.4,29.5,0.));
#7056=CARTESIAN_POINT('Origin',(28.8,34.2,0.));
#7057=CARTESIAN_POINT('',(14.4,34.2,15.));
#7058=CARTESIAN_POINT('Origin',(-28.8,17.1,0.));
#7059=CARTESIAN_POINT('',(-28.8,12.4,18.));
#7060=CARTESIAN_POINT('',(-28.8,12.4,0.));
#7061=CARTESIAN_POINT('',(-28.8,1.66533453693774E-15,18.));
#7062=CARTESIAN_POINT('Origin',(28.,9.59999999999997,0.));
#7063=CARTESIAN_POINT('',(28.,9.99999999999997,18.5));
#7064=CARTESIAN_POINT('',(28.3783783783784,9.7297297297297,18.5));
#7065=CARTESIAN_POINT('Origin',(28.,9.59999999999997,18.5));
#7066=CARTESIAN_POINT('',(28.3783783783784,9.7297297297297,15.));
#7067=CARTESIAN_POINT('',(28.3783783783784,9.7297297297297,0.));
#7068=CARTESIAN_POINT('',(28.,9.99999999999997,15.));
#7069=CARTESIAN_POINT('Origin',(28.,9.59999999999997,15.));
#7070=CARTESIAN_POINT('',(28.,9.99999999999997,0.));
#7071=CARTESIAN_POINT('Origin',(28.2842712474619,9.99999999999997,0.));
#7072=CARTESIAN_POINT('',(26.4,9.99999999999997,15.));
#7073=CARTESIAN_POINT('',(14.142135623731,9.99999999999997,15.));
#7074=CARTESIAN_POINT('',(26.4,9.99999999999997,18.5));
#7075=CARTESIAN_POINT('',(26.4,9.99999999999997,0.));
#7076=CARTESIAN_POINT('',(26.5760309535396,9.99999999999997,18.5));
#7077=CARTESIAN_POINT('',(14.142135623731,9.99999999999997,18.5));
#7078=CARTESIAN_POINT('',(26.5760309535396,9.99999999999997,0.));
#7079=CARTESIAN_POINT('',(26.728262195661,9.99999999999997,18.5));
#7080=CARTESIAN_POINT('',(26.728262195661,9.99999999999997,0.));
#7081=CARTESIAN_POINT('',(26.,9.99999999999997,18.5));
#7082=CARTESIAN_POINT('Origin',(-28.,9.59999999999995,0.));
#7083=CARTESIAN_POINT('',(-28.3783783783784,9.72972972972968,18.5));
#7084=CARTESIAN_POINT('',(-28.,9.99999999999995,18.5));
#7085=CARTESIAN_POINT('Origin',(-28.,9.59999999999995,18.5));
#7086=CARTESIAN_POINT('',(-28.,9.99999999999995,15.));
#7087=CARTESIAN_POINT('',(-28.,9.99999999999995,0.));
#7088=CARTESIAN_POINT('',(-28.3783783783784,9.72972972972968,15.));
#7089=CARTESIAN_POINT('Origin',(-28.,9.59999999999995,15.));
#7090=CARTESIAN_POINT('',(-28.3783783783784,9.72972972972968,0.));
#7091=CARTESIAN_POINT('Origin',(0.,0.,0.));
#7092=CARTESIAN_POINT('Origin',(0.,0.,18.5));
#7093=CARTESIAN_POINT('',(-30.,2.22044604925031E-15,15.));
#7094=CARTESIAN_POINT('Origin',(0.,0.,15.));
#7095=CARTESIAN_POINT('',(-30.,1.66533453693773E-15,0.));
#7096=CARTESIAN_POINT('',(-30.,1.66533453693773E-15,0.));
#7097=CARTESIAN_POINT('',(30.,-5.33927493437979E-15,0.));
#7098=CARTESIAN_POINT('Origin',(0.,0.,0.));
#7099=CARTESIAN_POINT('',(30.,-4.44089209850063E-15,15.));
#7100=CARTESIAN_POINT('',(30.,-5.33927493437979E-15,0.));
#7101=CARTESIAN_POINT('Origin',(0.,0.,15.));
#7102=CARTESIAN_POINT('Origin',(-26.4,9.59999999999995,0.));
#7103=CARTESIAN_POINT('',(-26.4,9.99999999999995,18.5));
#7104=CARTESIAN_POINT('',(-26.,9.59999999999995,18.5));
#7105=CARTESIAN_POINT('Origin',(-26.4,9.59999999999995,18.5));
#7106=CARTESIAN_POINT('',(-26.,9.59999999999995,15.));
#7107=CARTESIAN_POINT('',(-26.,9.59999999999995,0.));
#7108=CARTESIAN_POINT('',(-26.4,9.99999999999995,15.));
#7109=CARTESIAN_POINT('Origin',(-26.4,9.59999999999995,15.));
#7110=CARTESIAN_POINT('',(-26.4,9.99999999999995,0.));
#7111=CARTESIAN_POINT('Origin',(8.88178419700125E-15,-10.,18.5));
#7112=CARTESIAN_POINT('',(-26.5760309535396,9.99999999999995,18.5));
#7113=CARTESIAN_POINT('',(-13.,9.99999999999995,18.5));
#7114=CARTESIAN_POINT('',(-26.1998234140504,9.4641033950701,18.5));
#7115=CARTESIAN_POINT('Origin',(-26.5760309535396,9.59999999999995,18.5));
#7116=CARTESIAN_POINT('',(-26.,-10.,18.5));
#7117=CARTESIAN_POINT('Origin',(0.,0.,18.5));
#7118=CARTESIAN_POINT('',(-26.,33.8,18.5));
#7119=CARTESIAN_POINT('Origin',(-26.,9.99999999999995,0.));
#7120=CARTESIAN_POINT('',(-26.728262195661,9.99999999999995,18.5));
#7121=CARTESIAN_POINT('',(-26.,9.99999999999995,18.5));
#7122=CARTESIAN_POINT('',(-26.728262195661,9.99999999999995,0.));
#7123=CARTESIAN_POINT('',(-26.5760309535396,9.99999999999995,0.));
#7124=CARTESIAN_POINT('',(-13.,9.99999999999995,15.));
#7125=CARTESIAN_POINT('Origin',(-26.5760309535396,9.59999999999995,0.));
#7126=CARTESIAN_POINT('',(-26.1998234140504,9.4641033950701,0.));
#7127=CARTESIAN_POINT('Origin',(-26.728262195661,9.59999999999995,0.));
#7128=CARTESIAN_POINT('Origin',(-26.728262195661,9.59999999999995,18.5));
#7129=CARTESIAN_POINT('Origin',(26.728262195661,9.59999999999997,0.));
#7130=CARTESIAN_POINT('Origin',(26.728262195661,9.59999999999997,18.5));
#7131=CARTESIAN_POINT('Origin',(26.4,9.59999999999997,0.));
#7132=CARTESIAN_POINT('',(26.,9.59999999999996,18.5));
#7133=CARTESIAN_POINT('Origin',(26.4,9.59999999999997,18.5));
#7134=CARTESIAN_POINT('',(26.,9.59999999999997,15.));
#7135=CARTESIAN_POINT('Origin',(26.4,9.59999999999997,15.));
#7136=CARTESIAN_POINT('',(26.,9.59999999999997,0.));
#7137=CARTESIAN_POINT('Origin',(26.,-11.6,0.));
#7138=CARTESIAN_POINT('',(26.,12.4,15.));
#7139=CARTESIAN_POINT('',(26.,33.8,15.));
#7140=CARTESIAN_POINT('',(26.,12.4,0.));
#7141=CARTESIAN_POINT('',(26.,33.8,4.00000000000001));
#7142=CARTESIAN_POINT('',(26.,33.8,0.));
#7143=CARTESIAN_POINT('',(26.,27.1,4.));
#7144=CARTESIAN_POINT('',(26.,33.8,4.00000000000004));
#7145=CARTESIAN_POINT('',(26.,19.1,4.));
#7146=CARTESIAN_POINT('',(26.,21.175,4.));
#7147=CARTESIAN_POINT('',(26.,-9.99999999999998,4.00000000000001));
#7148=CARTESIAN_POINT('',(26.,33.8,4.00000000000004));
#7149=CARTESIAN_POINT('',(26.,-9.99999999999995,18.5));
#7150=CARTESIAN_POINT('',(26.,-9.99999999999996,0.));
#7151=CARTESIAN_POINT('',(26.,33.8,18.5));
#7152=CARTESIAN_POINT('Origin',(26.5760309535396,9.59999999999997,0.));
#7153=CARTESIAN_POINT('',(26.1998234140504,9.46410339507012,18.5));
#7154=CARTESIAN_POINT('Origin',(26.5760309535396,9.59999999999997,18.5));
#7155=CARTESIAN_POINT('',(26.1998234140504,9.46410339507012,0.));
#7156=CARTESIAN_POINT('Origin',(-26.4,12.4,0.));
#7157=CARTESIAN_POINT('',(-26.,12.4,18.));
#7158=CARTESIAN_POINT('Origin',(-26.4,12.4,18.));
#7159=CARTESIAN_POINT('',(-26.,12.4,15.));
#7160=CARTESIAN_POINT('Origin',(-26.4,12.4,15.));
#7161=CARTESIAN_POINT('',(-26.,12.4,0.));
#7162=CARTESIAN_POINT('Origin',(-26.,-12.3870900537642,0.));
#7163=CARTESIAN_POINT('',(-26.,-10.,4.00000000000002));
#7164=CARTESIAN_POINT('',(-26.,-10.,0.));
#7165=CARTESIAN_POINT('',(-26.,19.1,4.));
#7166=CARTESIAN_POINT('',(-26.,-11.1935450268821,4.00000000000001));
#7167=CARTESIAN_POINT('',(-26.,27.1,4.));
#7168=CARTESIAN_POINT('',(-26.,-0.725000000000006,4.));
#7169=CARTESIAN_POINT('',(-26.,33.8,4.00000000000002));
#7170=CARTESIAN_POINT('',(-26.,-11.1935450268821,4.00000000000001));
#7171=CARTESIAN_POINT('',(-26.,33.8,0.));
#7172=CARTESIAN_POINT('',(-26.,27.1,16.));
#7173=CARTESIAN_POINT('',(-26.,27.1,0.));
#7174=CARTESIAN_POINT('',(-26.,26.1,15.));
#7175=CARTESIAN_POINT('',(-26.,12.9782274865589,1.87822748655895));
#7176=CARTESIAN_POINT('',(-26.,20.1,15.));
#7177=CARTESIAN_POINT('',(-26.,33.8,15.));
#7178=CARTESIAN_POINT('',(-26.,19.1,16.));
#7179=CARTESIAN_POINT('',(-26.,15.4782274865589,19.621772513441));
#7180=CARTESIAN_POINT('',(-26.,19.1,18.));
#7181=CARTESIAN_POINT('',(-26.,19.1,0.));
#7182=CARTESIAN_POINT('',(-26.,33.8,18.));
#7183=CARTESIAN_POINT('',(-26.,33.8,15.));
#7184=CARTESIAN_POINT('Origin',(-28.4,12.4,0.));
#7185=CARTESIAN_POINT('Origin',(-28.4,12.4,18.));
#7186=CARTESIAN_POINT('Origin',(26.4,12.4,0.));
#7187=CARTESIAN_POINT('',(26.4,12.,15.));
#7188=CARTESIAN_POINT('Origin',(26.4,12.4,15.));
#7189=CARTESIAN_POINT('',(26.4,12.,0.));
#7190=CARTESIAN_POINT('Origin',(-13.,19.6,15.5));
#7191=CARTESIAN_POINT('',(-27.6,20.1,15.));
#7192=CARTESIAN_POINT('',(-27.6,19.1,16.));
#7193=CARTESIAN_POINT('',(-27.6,23.35,11.75));
#7194=CARTESIAN_POINT('',(-13.,19.1,16.));
#7195=CARTESIAN_POINT('',(-13.,20.1,15.));
#7196=CARTESIAN_POINT('Origin',(-26.,19.1,0.));
#7197=CARTESIAN_POINT('',(-27.6,19.1,18.));
#7198=CARTESIAN_POINT('',(-27.6,19.1,0.));
#7199=CARTESIAN_POINT('',(-26.,19.1,18.));
#7200=CARTESIAN_POINT('Origin',(-13.8,26.6,15.5));
#7201=CARTESIAN_POINT('',(-27.6,27.1,16.));
#7202=CARTESIAN_POINT('',(-13.8,27.1,16.));
#7203=CARTESIAN_POINT('',(-27.6,26.1,15.));
#7204=CARTESIAN_POINT('',(-27.6,20.85,9.75));
#7205=CARTESIAN_POINT('',(-13.8,26.1,15.));
#7206=CARTESIAN_POINT('Origin',(-27.6,27.1,0.));
#7207=CARTESIAN_POINT('',(-27.6,27.1,0.));
#7208=CARTESIAN_POINT('Origin',(-28.2,18.1,13.5));
#7209=CARTESIAN_POINT('',(-27.6,19.1,12.5));
#7210=CARTESIAN_POINT('',(-27.6,17.1,14.5));
#7211=CARTESIAN_POINT('',(-27.6,21.725,9.87500000000001));
#7212=CARTESIAN_POINT('',(-30.,19.1,12.5));
#7213=CARTESIAN_POINT('',(-28.2,19.1,12.5));
#7214=CARTESIAN_POINT('',(-30.,17.1,14.5));
#7215=CARTESIAN_POINT('',(-30.,25.7,5.90000000000001));
#7216=CARTESIAN_POINT('',(-28.2,17.1,14.5));
#7217=CARTESIAN_POINT('Origin',(-28.8,23.1,12.5));
#7218=CARTESIAN_POINT('',(-27.6,27.1,12.5));
#7219=CARTESIAN_POINT('',(-27.6,20.1,12.5));
#7220=CARTESIAN_POINT('',(-30.,27.1,12.5));
#7221=CARTESIAN_POINT('',(-28.8,27.1,12.5));
#7222=CARTESIAN_POINT('',(-30.,29.05,12.5));
#7223=CARTESIAN_POINT('Origin',(-28.8,28.1,13.5));
#7224=CARTESIAN_POINT('',(-27.6,22.475,7.87500000000001));
#7225=CARTESIAN_POINT('',(-30.,26.45,11.85));
#7226=CARTESIAN_POINT('Origin',(-27.6,19.1,0.));
#7227=CARTESIAN_POINT('',(-27.6,17.1,18.));
#7228=CARTESIAN_POINT('',(-27.6,17.1,15.));
#7229=CARTESIAN_POINT('',(-27.6,17.1,18.));
#7230=CARTESIAN_POINT('',(-27.6,15.8,15.));
#7231=CARTESIAN_POINT('Origin',(-30.,35.,0.));
#7232=CARTESIAN_POINT('',(-30.,17.1,15.));
#7233=CARTESIAN_POINT('',(-30.,17.1,7.5));
#7234=CARTESIAN_POINT('',(-30.,35.,15.));
#7235=CARTESIAN_POINT('',(-30.,1.66533453693773E-15,15.));
#7236=CARTESIAN_POINT('',(-30.,35.,0.));
#7237=CARTESIAN_POINT('',(-30.,35.,0.));
#7238=CARTESIAN_POINT('',(-30.,1.66533453693773E-15,0.));
#7239=CARTESIAN_POINT('',(-30.,1.66533453693773E-15,15.));
#7240=CARTESIAN_POINT('Origin',(0.,2.5,15.));
#7241=CARTESIAN_POINT('',(-13.8,17.1,15.));
#7242=CARTESIAN_POINT('Origin',(0.,2.5,15.));
#7243=CARTESIAN_POINT('',(13.,12.,15.));
#7244=CARTESIAN_POINT('',(30.,35.,15.));
#7245=CARTESIAN_POINT('',(30.,35.,15.));
#7246=CARTESIAN_POINT('',(-30.,35.,15.));
#7247=CARTESIAN_POINT('Origin',(-27.6,17.1,0.));
#7248=CARTESIAN_POINT('',(-26.,17.1,18.));
#7249=CARTESIAN_POINT('Origin',(-27.4,15.55,18.));
#7250=CARTESIAN_POINT('Origin',(26.,12.,0.));
#7251=CARTESIAN_POINT('Origin',(0.,2.5,15.));
#7252=CARTESIAN_POINT('Origin',(8.88178419700125E-15,-10.,18.5));
#7253=CARTESIAN_POINT('Origin',(0.,0.,18.5));
#7254=CARTESIAN_POINT('Origin',(8.88178419700125E-15,-10.,18.5));
#7255=CARTESIAN_POINT('Origin',(0.,0.,0.));
#7256=CARTESIAN_POINT('',(25.8897265944383,-10.2821231691335,5.6));
#7257=CARTESIAN_POINT('Origin',(0.,0.,-52.7128181961771));
#7258=CARTESIAN_POINT('',(25.3266657892428,-11.6,5.6));
#7259=CARTESIAN_POINT('Origin',(0.,0.,5.6));
#7260=CARTESIAN_POINT('',(25.3266657892428,-11.6,1.));
#7261=CARTESIAN_POINT('',(25.3266657892428,-11.6,0.));
#7262=CARTESIAN_POINT('',(-25.3266657892428,-11.6,1.));
#7263=CARTESIAN_POINT('Origin',(0.,0.,1.));
#7264=CARTESIAN_POINT('',(-25.3266657892428,-11.6,5.6));
#7265=CARTESIAN_POINT('',(-25.3266657892428,-11.6,0.));
#7266=CARTESIAN_POINT('',(-25.8897265944383,-10.2821231691335,5.6));
#7267=CARTESIAN_POINT('Origin',(0.,0.,5.6));
#7268=CARTESIAN_POINT('Origin',(0.,0.,-52.7128181961771));
#7269=CARTESIAN_POINT('Origin',(0.,2.5,1.));
#7270=CARTESIAN_POINT('',(16.,-11.6,1.));
#7271=CARTESIAN_POINT('',(8.00000000000001,-11.6,1.));
#7272=CARTESIAN_POINT('',(16.,-5.99999999999999,1.));
#7273=CARTESIAN_POINT('',(16.,-3.74999999999997,1.));
#7274=CARTESIAN_POINT('',(20.,-5.99999999999999,1.));
#7275=CARTESIAN_POINT('',(10.,-5.99999999999999,1.));
#7276=CARTESIAN_POINT('',(20.,-9.47101905787459,1.));
#7277=CARTESIAN_POINT('',(20.,-3.74999999999997,1.));
#7278=CARTESIAN_POINT('',(25.4710190578746,-9.47101905787459,1.));
#7279=CARTESIAN_POINT('',(13.,-9.4710190578746,1.));
#7280=CARTESIAN_POINT('',(25.4710190578746,19.1,1.));
#7281=CARTESIAN_POINT('',(25.4710190578746,18.15,1.));
#7282=CARTESIAN_POINT('',(22.,19.1,1.));
#7283=CARTESIAN_POINT('',(11.,19.1,1.));
#7284=CARTESIAN_POINT('',(22.,27.1,1.));
#7285=CARTESIAN_POINT('',(22.,14.8,1.));
#7286=CARTESIAN_POINT('',(25.4710190578746,27.1,1.));
#7287=CARTESIAN_POINT('',(13.,27.1,1.));
#7288=CARTESIAN_POINT('',(25.4710190578746,33.8,1.));
#7289=CARTESIAN_POINT('',(25.4710190578746,18.15,1.));
#7290=CARTESIAN_POINT('',(-25.4710190578746,33.8,1.));
#7291=CARTESIAN_POINT('',(-13.,33.8,1.));
#7292=CARTESIAN_POINT('',(-25.4710190578746,27.1,1.));
#7293=CARTESIAN_POINT('',(-25.4710190578746,-3.75000000000001,1.));
#7294=CARTESIAN_POINT('',(-22.,27.1,1.));
#7295=CARTESIAN_POINT('',(-11.,27.1,1.));
#7296=CARTESIAN_POINT('',(-22.,19.1,1.));
#7297=CARTESIAN_POINT('',(-22.,10.8,1.));
#7298=CARTESIAN_POINT('',(-25.4710190578746,19.1,1.));
#7299=CARTESIAN_POINT('',(-13.,19.1,1.));
#7300=CARTESIAN_POINT('',(-25.4710190578746,-9.4710190578746,1.));
#7301=CARTESIAN_POINT('',(-25.4710190578746,-3.75000000000001,1.));
#7302=CARTESIAN_POINT('',(-20.,-9.4710190578746,1.));
#7303=CARTESIAN_POINT('',(-7.99999999999999,-9.4710190578746,1.));
#7304=CARTESIAN_POINT('',(-20.,-6.,1.));
#7305=CARTESIAN_POINT('',(-20.,-1.75,1.));
#7306=CARTESIAN_POINT('',(-16.,-6.,1.));
#7307=CARTESIAN_POINT('',(-7.99999999999999,-6.,1.));
#7308=CARTESIAN_POINT('',(-16.,-11.6,1.));
#7309=CARTESIAN_POINT('',(-16.,-3.75,1.));
#7310=CARTESIAN_POINT('',(-13.,-11.6,1.));
#7311=CARTESIAN_POINT('',(-10.,-9.6,1.));
#7312=CARTESIAN_POINT('',(-10.,9.6,1.));
#7313=CARTESIAN_POINT('',(-10.,6.25,1.));
#7314=CARTESIAN_POINT('',(-9.6,10.,1.));
#7315=CARTESIAN_POINT('Origin',(-9.6,9.6,1.));
#7316=CARTESIAN_POINT('',(9.6,10.,1.));
#7317=CARTESIAN_POINT('',(5.,10.,1.));
#7318=CARTESIAN_POINT('',(10.,9.6,1.));
#7319=CARTESIAN_POINT('Origin',(9.6,9.6,1.));
#7320=CARTESIAN_POINT('',(10.,-9.6,1.));
#7321=CARTESIAN_POINT('',(10.,-3.75,1.));
#7322=CARTESIAN_POINT('',(9.6,-10.,1.));
#7323=CARTESIAN_POINT('Origin',(9.6,-9.6,1.));
#7324=CARTESIAN_POINT('',(-9.6,-10.,1.));
#7325=CARTESIAN_POINT('',(-5.,-10.,1.));
#7326=CARTESIAN_POINT('Origin',(-9.6,-9.6,1.));
#7327=CARTESIAN_POINT('Origin',(16.,-11.6,0.));
#7328=CARTESIAN_POINT('',(16.,-11.6,5.6));
#7329=CARTESIAN_POINT('',(26.,-11.6,5.6));
#7330=CARTESIAN_POINT('',(16.,-11.6,0.));
#7331=CARTESIAN_POINT('Origin',(0.,2.5,5.6));
#7332=CARTESIAN_POINT('',(16.,-10.2821231691335,5.6));
#7333=CARTESIAN_POINT('',(13.,-10.2821231691335,5.6));
#7334=CARTESIAN_POINT('',(16.,-9.99999999999999,5.6));
#7335=CARTESIAN_POINT('Origin',(26.,-9.30540728933226,0.060768987951168));
#7336=CARTESIAN_POINT('',(24.6847025577524,-8.68470255775243,-3.4594224716082));
#7337=CARTESIAN_POINT('',(20.,-9.99999999999999,4.));
#7338=CARTESIAN_POINT('',(20.,-9.31068350134046,0.0906918731896766));
#7339=CARTESIAN_POINT('',(16.,-9.99999999999999,4.));
#7340=CARTESIAN_POINT('',(13.,-9.99999999999999,4.));
#7341=CARTESIAN_POINT('',(16.,-9.31068350134046,0.0906918731896773));
#7342=CARTESIAN_POINT('Origin',(25.3054072893323,33.8,0.060768987951168));
#7343=CARTESIAN_POINT('',(24.5266875715573,33.8,-4.35556999004402));
#7344=CARTESIAN_POINT('',(25.3106835013405,27.1,0.0906918731896748));
#7345=CARTESIAN_POINT('Origin',(25.3054072893323,33.8,0.060768987951168));
#7346=CARTESIAN_POINT('',(25.2503761221264,19.1,-0.25132827013599));
#7347=CARTESIAN_POINT('Origin',(0.,2.5,5.6));
#7348=CARTESIAN_POINT('',(-16.,-11.6,5.6));
#7349=CARTESIAN_POINT('',(-26.,-11.6,5.6));
#7350=CARTESIAN_POINT('',(-16.,-10.2821231691335,5.6));
#7351=CARTESIAN_POINT('',(-16.,-10.,5.6));
#7352=CARTESIAN_POINT('',(-7.99999999999999,-10.2821231691335,5.6));
#7353=CARTESIAN_POINT('Origin',(-26.,33.8,0.));
#7354=CARTESIAN_POINT('',(-25.3106835013405,33.8,0.0906918731896734));
#7355=CARTESIAN_POINT('Origin',(-25.3054072893322,-10.,0.060768987951168));
#7356=CARTESIAN_POINT('',(-25.179383457797,-9.17938345779704,-0.653947676673167));
#7357=CARTESIAN_POINT('',(-25.3106835013405,19.1,0.0906918731896715));
#7358=CARTESIAN_POINT('Origin',(-25.3054072893322,-10.,0.060768987951168));
#7359=CARTESIAN_POINT('',(-25.2503761221264,27.1,-0.251328270135991));
#7360=CARTESIAN_POINT('Origin',(20.,-5.99999999999999,0.));
#7361=CARTESIAN_POINT('',(16.,-5.99999999999999,4.));
#7362=CARTESIAN_POINT('',(16.,-5.99999999999999,0.));
#7363=CARTESIAN_POINT('',(20.,-5.99999999999999,4.));
#7364=CARTESIAN_POINT('',(10.,-5.99999999999999,4.));
#7365=CARTESIAN_POINT('',(20.,-5.99999999999999,0.));
#7366=CARTESIAN_POINT('Origin',(20.,-9.99999999999999,0.));
#7367=CARTESIAN_POINT('',(20.,-0.72499999999997,4.));
#7368=CARTESIAN_POINT('Origin',(2.22044604925031E-15,8.55000000000001,4.));
#7369=CARTESIAN_POINT('',(16.,1.27500000000001,4.));
#7370=CARTESIAN_POINT('Origin',(-16.,-6.,0.));
#7371=CARTESIAN_POINT('',(-20.,-6.,4.));
#7372=CARTESIAN_POINT('',(-20.,-6.,0.));
#7373=CARTESIAN_POINT('',(-16.,-6.,4.));
#7374=CARTESIAN_POINT('',(-7.99999999999999,-6.,4.));
#7375=CARTESIAN_POINT('',(-16.,-6.,0.));
#7376=CARTESIAN_POINT('Origin',(-20.,-6.,0.));
#7377=CARTESIAN_POINT('',(-20.,-10.,4.));
#7378=CARTESIAN_POINT('',(-20.,-9.25037612212638,-0.251328270135993));
#7379=CARTESIAN_POINT('',(-20.,1.27500000000001,4.));
#7380=CARTESIAN_POINT('Origin',(2.22044604925031E-15,8.55000000000001,4.));
#7381=CARTESIAN_POINT('',(-16.,-10.,4.));
#7382=CARTESIAN_POINT('',(-16.,-0.724999999999995,4.));
#7383=CARTESIAN_POINT('',(-7.99999999999999,-10.,4.));
#7384=CARTESIAN_POINT('Origin',(-16.,-9.30540728933228,0.060768987951168));
#7385=CARTESIAN_POINT('',(-16.,-9.33480645302611,0.227499930519943));
#7386=CARTESIAN_POINT('Origin',(26.,27.1,0.));
#7387=CARTESIAN_POINT('',(22.,27.1,4.));
#7388=CARTESIAN_POINT('',(22.,27.1,0.));
#7389=CARTESIAN_POINT('',(13.,27.1,4.));
#7390=CARTESIAN_POINT('Origin',(22.,27.1,0.));
#7391=CARTESIAN_POINT('',(22.,19.1,4.));
#7392=CARTESIAN_POINT('',(22.,19.1,0.));
#7393=CARTESIAN_POINT('',(22.,17.825,4.));
#7394=CARTESIAN_POINT('Origin',(22.,19.1,0.));
#7395=CARTESIAN_POINT('',(11.,19.1,4.));
#7396=CARTESIAN_POINT('Origin',(2.22044604925031E-15,8.55000000000001,4.));
#7397=CARTESIAN_POINT('Origin',(-22.,27.1,0.));
#7398=CARTESIAN_POINT('',(-22.,27.1,4.));
#7399=CARTESIAN_POINT('',(-11.,27.1,4.));
#7400=CARTESIAN_POINT('',(-22.,27.1,0.));
#7401=CARTESIAN_POINT('Origin',(-26.,19.1,0.));
#7402=CARTESIAN_POINT('',(-22.,19.1,4.));
#7403=CARTESIAN_POINT('',(-22.,19.1,0.));
#7404=CARTESIAN_POINT('',(-13.,19.1,4.));
#7405=CARTESIAN_POINT('Origin',(-22.,19.1,0.));
#7406=CARTESIAN_POINT('',(-22.,13.825,4.));
#7407=CARTESIAN_POINT('Origin',(2.22044604925031E-15,8.55000000000001,4.));
#7408=CARTESIAN_POINT('Origin',(-26.,-11.6,0.));
#7409=CARTESIAN_POINT('',(-16.,-11.6,0.));
#7410=CARTESIAN_POINT('Origin',(-16.,-11.6,0.));
#7411=CARTESIAN_POINT('Origin',(16.,-9.99999999999999,0.));
#7412=CARTESIAN_POINT('Origin',(-9.6,-9.6,0.));
#7413=CARTESIAN_POINT('',(-9.6,-10.,17.));
#7414=CARTESIAN_POINT('',(-10.,-9.6,17.));
#7415=CARTESIAN_POINT('Origin',(-9.6,-9.6,17.));
#7416=CARTESIAN_POINT('',(-10.,-9.6,0.));
#7417=CARTESIAN_POINT('',(-9.6,-10.,0.));
#7418=CARTESIAN_POINT('Origin',(0.,-1.11022302462516E-15,17.));
#7419=CARTESIAN_POINT('',(-4.19113648071738,-10.,17.));
#7420=CARTESIAN_POINT('',(-5.,-10.,17.));
#7421=CARTESIAN_POINT('',(-4.03109308288569,-9.23341288782816,17.));
#7422=CARTESIAN_POINT('Origin',(-4.19113648071738,-9.6,17.));
#7423=CARTESIAN_POINT('',(-9.23341288782816,-4.03109308288569,17.));
#7424=CARTESIAN_POINT('Origin',(0.,0.,17.));
#7425=CARTESIAN_POINT('',(-10.,-4.19113648071738,17.));
#7426=CARTESIAN_POINT('Origin',(-9.6,-4.19113648071738,17.));
#7427=CARTESIAN_POINT('',(-10.,-0.613519559590405,17.));
#7428=CARTESIAN_POINT('Origin',(-10.,-10.,0.));
#7429=CARTESIAN_POINT('',(9.6,-10.,17.));
#7430=CARTESIAN_POINT('',(9.6,-10.,0.));
#7431=CARTESIAN_POINT('',(4.19113648071737,-10.,17.));
#7432=CARTESIAN_POINT('',(0.613519559590386,-10.,17.));
#7433=CARTESIAN_POINT('',(4.19113648071737,-10.,3.3));
#7434=CARTESIAN_POINT('',(4.19113648071737,-10.,3.3));
#7435=CARTESIAN_POINT('',(-4.19113648071738,-10.,3.3));
#7436=CARTESIAN_POINT('',(10.,-10.,3.3));
#7437=CARTESIAN_POINT('',(-4.19113648071738,-10.,3.3));
#7438=CARTESIAN_POINT('Origin',(9.6,-9.6,0.));
#7439=CARTESIAN_POINT('',(10.,-9.6,17.));
#7440=CARTESIAN_POINT('Origin',(9.6,-9.6,17.));
#7441=CARTESIAN_POINT('',(10.,-9.6,0.));
#7442=CARTESIAN_POINT('Origin',(0.,-1.11022302462516E-15,17.));
#7443=CARTESIAN_POINT('',(10.,-4.19113648071738,17.));
#7444=CARTESIAN_POINT('',(10.,-5.,17.));
#7445=CARTESIAN_POINT('',(9.23341288782816,-4.03109308288569,17.));
#7446=CARTESIAN_POINT('Origin',(9.6,-4.19113648071738,17.));
#7447=CARTESIAN_POINT('',(4.03109308288568,-9.23341288782816,17.));
#7448=CARTESIAN_POINT('Origin',(0.,0.,17.));
#7449=CARTESIAN_POINT('Origin',(4.19113648071737,-9.6,17.));
#7450=CARTESIAN_POINT('Origin',(9.6,9.6,0.));
#7451=CARTESIAN_POINT('',(9.6,10.,17.));
#7452=CARTESIAN_POINT('',(10.,9.6,17.));
#7453=CARTESIAN_POINT('Origin',(9.6,9.6,17.));
#7454=CARTESIAN_POINT('',(10.,9.6,0.));
#7455=CARTESIAN_POINT('',(9.6,10.,0.));
#7456=CARTESIAN_POINT('Origin',(0.,-1.11022302462516E-15,17.));
#7457=CARTESIAN_POINT('',(4.19113648071738,10.,17.));
#7458=CARTESIAN_POINT('',(5.,10.,17.));
#7459=CARTESIAN_POINT('',(4.03109308288569,9.23341288782816,17.));
#7460=CARTESIAN_POINT('Origin',(4.19113648071738,9.6,17.));
#7461=CARTESIAN_POINT('',(9.23341288782816,4.03109308288569,17.));
#7462=CARTESIAN_POINT('Origin',(0.,0.,17.));
#7463=CARTESIAN_POINT('',(10.,4.19113648071738,17.));
#7464=CARTESIAN_POINT('Origin',(9.6,4.19113648071738,17.));
#7465=CARTESIAN_POINT('',(10.,0.613519559590401,17.));
#7466=CARTESIAN_POINT('Origin',(10.,10.,0.));
#7467=CARTESIAN_POINT('',(-9.6,10.,17.));
#7468=CARTESIAN_POINT('',(-9.6,10.,0.));
#7469=CARTESIAN_POINT('',(-4.19113648071737,10.,17.));
#7470=CARTESIAN_POINT('',(-0.613519559590389,10.,17.));
#7471=CARTESIAN_POINT('',(-4.19113648071737,10.,3.3));
#7472=CARTESIAN_POINT('',(-4.19113648071737,10.,3.3));
#7473=CARTESIAN_POINT('',(4.19113648071738,10.,3.3));
#7474=CARTESIAN_POINT('',(-10.,10.,3.3));
#7475=CARTESIAN_POINT('',(4.19113648071738,10.,3.3));
#7476=CARTESIAN_POINT('Origin',(-9.6,9.6,0.));
#7477=CARTESIAN_POINT('',(-10.,9.6,17.));
#7478=CARTESIAN_POINT('Origin',(-9.6,9.6,17.));
#7479=CARTESIAN_POINT('',(-10.,9.6,0.));
#7480=CARTESIAN_POINT('Origin',(0.,-1.11022302462516E-15,17.));
#7481=CARTESIAN_POINT('',(-10.,4.19113648071738,17.));
#7482=CARTESIAN_POINT('',(-10.,5.,17.));
#7483=CARTESIAN_POINT('',(-9.23341288782816,4.03109308288569,17.));
#7484=CARTESIAN_POINT('Origin',(-9.6,4.19113648071738,17.));
#7485=CARTESIAN_POINT('',(-4.03109308288568,9.23341288782816,17.));
#7486=CARTESIAN_POINT('Origin',(0.,0.,17.));
#7487=CARTESIAN_POINT('Origin',(-4.19113648071737,9.6,17.));
#7488=CARTESIAN_POINT('Origin',(-9.6,-4.19113648071738,3.3));
#7489=CARTESIAN_POINT('',(-9.23341288782816,-4.03109308288569,3.3));
#7490=CARTESIAN_POINT('',(-9.23341288782816,-4.03109308288569,3.3));
#7491=CARTESIAN_POINT('',(-10.,-4.19113648071738,3.3));
#7492=CARTESIAN_POINT('Origin',(-9.6,-4.19113648071738,3.3));
#7493=CARTESIAN_POINT('',(-10.,-4.19113648071738,3.3));
#7494=CARTESIAN_POINT('Origin',(0.,0.,3.3));
#7495=CARTESIAN_POINT('',(-4.03109308288569,-9.23341288782816,3.3));
#7496=CARTESIAN_POINT('',(-4.03109308288569,-9.23341288782816,3.3));
#7497=CARTESIAN_POINT('Origin',(0.,0.,3.3));
#7498=CARTESIAN_POINT('Origin',(-4.19113648071738,-9.6,3.3));
#7499=CARTESIAN_POINT('Origin',(-4.19113648071738,-9.6,3.3));
#7500=CARTESIAN_POINT('Origin',(4.19113648071737,-9.6,3.3));
#7501=CARTESIAN_POINT('',(4.03109308288568,-9.23341288782816,3.3));
#7502=CARTESIAN_POINT('',(4.03109308288568,-9.23341288782816,3.3));
#7503=CARTESIAN_POINT('Origin',(4.19113648071737,-9.6,3.3));
#7504=CARTESIAN_POINT('Origin',(0.,0.,3.3));
#7505=CARTESIAN_POINT('',(9.23341288782816,-4.03109308288569,3.3));
#7506=CARTESIAN_POINT('',(9.23341288782816,-4.03109308288569,3.3));
#7507=CARTESIAN_POINT('Origin',(0.,0.,3.3));
#7508=CARTESIAN_POINT('Origin',(9.6,-4.19113648071738,3.3));
#7509=CARTESIAN_POINT('',(10.,-4.19113648071738,3.3));
#7510=CARTESIAN_POINT('',(10.,-4.19113648071738,3.3));
#7511=CARTESIAN_POINT('Origin',(9.6,-4.19113648071738,3.3));
#7512=CARTESIAN_POINT('Origin',(9.6,4.19113648071738,3.3));
#7513=CARTESIAN_POINT('',(9.23341288782816,4.03109308288569,3.3));
#7514=CARTESIAN_POINT('',(9.23341288782816,4.03109308288569,3.3));
#7515=CARTESIAN_POINT('',(10.,4.19113648071738,3.3));
#7516=CARTESIAN_POINT('Origin',(9.6,4.19113648071738,3.3));
#7517=CARTESIAN_POINT('',(10.,4.19113648071738,3.3));
#7518=CARTESIAN_POINT('Origin',(0.,0.,3.3));
#7519=CARTESIAN_POINT('',(4.03109308288569,9.23341288782816,3.3));
#7520=CARTESIAN_POINT('',(4.03109308288569,9.23341288782816,3.3));
#7521=CARTESIAN_POINT('Origin',(0.,0.,3.3));
#7522=CARTESIAN_POINT('Origin',(4.19113648071738,9.6,3.3));
#7523=CARTESIAN_POINT('Origin',(4.19113648071738,9.6,3.3));
#7524=CARTESIAN_POINT('Origin',(-4.19113648071737,9.6,3.3));
#7525=CARTESIAN_POINT('',(-4.03109308288568,9.23341288782816,3.3));
#7526=CARTESIAN_POINT('',(-4.03109308288568,9.23341288782816,3.3));
#7527=CARTESIAN_POINT('Origin',(-4.19113648071737,9.6,3.3));
#7528=CARTESIAN_POINT('Origin',(0.,0.,3.3));
#7529=CARTESIAN_POINT('',(-9.23341288782816,4.03109308288569,3.3));
#7530=CARTESIAN_POINT('',(-9.23341288782816,4.03109308288569,3.3));
#7531=CARTESIAN_POINT('Origin',(0.,0.,3.3));
#7532=CARTESIAN_POINT('Origin',(-9.6,4.19113648071738,3.3));
#7533=CARTESIAN_POINT('',(-10.,4.19113648071738,3.3));
#7534=CARTESIAN_POINT('',(-10.,4.19113648071738,3.3));
#7535=CARTESIAN_POINT('Origin',(-9.6,4.19113648071738,3.3));
#7536=CARTESIAN_POINT('Origin',(-10.,10.,0.));
#7537=CARTESIAN_POINT('',(-10.,-10.,3.3));
#7538=CARTESIAN_POINT('Origin',(10.,-10.,0.));
#7539=CARTESIAN_POINT('',(10.,10.,3.3));
#7540=CARTESIAN_POINT('Origin',(0.,-2.22044604925031E-15,3.3));
#7541=CARTESIAN_POINT('',(-3.28871258963555,-4.02751134621278E-16,3.3));
#7542=CARTESIAN_POINT('Origin',(0.,0.,3.3));
#7543=CARTESIAN_POINT('Origin',(0.,0.,0.));
#7544=CARTESIAN_POINT('',(-3.,-3.67394039744206E-16,0.));
#7545=CARTESIAN_POINT('',(-3.,-3.67394039744206E-16,0.));
#7546=CARTESIAN_POINT('Origin',(0.,0.,0.));
#7547=CARTESIAN_POINT('Origin',(30.,35.,0.));
#7548=CARTESIAN_POINT('',(30.,35.,0.));
#7549=CARTESIAN_POINT('',(-30.,35.,0.));
#7550=CARTESIAN_POINT('',(30.,35.,0.));
#7551=CARTESIAN_POINT('Origin',(30.,0.,0.));
#7552=CARTESIAN_POINT('',(30.,35.,0.));
#7553=CARTESIAN_POINT('Origin',(0.,2.5,0.));
#7554=UNCERTAINTY_MEASURE_WITH_UNIT(LENGTH_MEASURE(0.01),#7558,
'DISTANCE_ACCURACY_VALUE',
'Maximum model space distance between geometric entities at asserted c
onnectivities');
#7555=UNCERTAINTY_MEASURE_WITH_UNIT(LENGTH_MEASURE(0.01),#7558,
'DISTANCE_ACCURACY_VALUE',
'Maximum model space distance between geometric entities at asserted c
onnectivities');
#7556=(
GEOMETRIC_REPRESENTATION_CONTEXT(3)
GLOBAL_UNCERTAINTY_ASSIGNED_CONTEXT((#7554))
GLOBAL_UNIT_ASSIGNED_CONTEXT((#7558,#7560,#7561))
REPRESENTATION_CONTEXT('','3D')
);
#7557=(
GEOMETRIC_REPRESENTATION_CONTEXT(3)
GLOBAL_UNCERTAINTY_ASSIGNED_CONTEXT((#7555))
GLOBAL_UNIT_ASSIGNED_CONTEXT((#7558,#7560,#7561))
REPRESENTATION_CONTEXT('','3D')
);
#7558=(
LENGTH_UNIT()
NAMED_UNIT(*)
SI_UNIT(.MILLI.,.METRE.)
);
#7559=(
LENGTH_UNIT()
NAMED_UNIT(*)
SI_UNIT($,.METRE.)
);
#7560=(
NAMED_UNIT(*)
PLANE_ANGLE_UNIT()
SI_UNIT($,.RADIAN.)
);
#7561=(
NAMED_UNIT(*)
SI_UNIT($,.STERADIAN.)
SOLID_ANGLE_UNIT()
);
#7562=SHAPE_DEFINITION_REPRESENTATION(#7563,#7564);
#7563=PRODUCT_DEFINITION_SHAPE('',$,#7566);
#7564=SHAPE_REPRESENTATION('',(#4355),#7556);
#7565=PRODUCT_DEFINITION_CONTEXT('part definition',#7570,'design');
#7566=PRODUCT_DEFINITION('Bass','Bass',#7567,#7565);
#7567=PRODUCT_DEFINITION_FORMATION('',$,#7572);
#7568=PRODUCT_RELATED_PRODUCT_CATEGORY('Bass','Bass',(#7572));
#7569=APPLICATION_PROTOCOL_DEFINITION('international standard',
'automotive_design',2009,#7570);
#7570=APPLICATION_CONTEXT(
'Core Data for Automotive Mechanical Design Process');
#7571=PRODUCT_CONTEXT('part definition',#7570,'mechanical');
#7572=PRODUCT('Bass','Bass',$,(#7571));
#7573=PRESENTATION_STYLE_ASSIGNMENT((#7574));
#7574=SURFACE_STYLE_USAGE(.BOTH.,#7575);
#7575=SURFACE_SIDE_STYLE('',(#7576));
#7576=SURFACE_STYLE_FILL_AREA(#7577);
#7577=FILL_AREA_STYLE('Steel - Satin',(#7578));
#7578=FILL_AREA_STYLE_COLOUR('Steel - Satin',#7579);
#7579=COLOUR_RGB('Steel - Satin',0.627450980392157,0.627450980392157,0.627450980392157);
ENDSEC;
END-ISO-10303-21;
