ISO-10303-21;
HEADER;
/* Generated by software containing ST-Developer
 * from STEP Tools, Inc. (www.steptools.com) 
 */

FILE_DESCRIPTION(
/* description */ (''),
/* implementation_level */ '2;1');

FILE_NAME(
/* name */ 'Drum04mm.step',
/* time_stamp */ '2026-07-20T11:00:54+12:00',
/* author */ (''),
/* organization */ (''),
/* preprocessor_version */ 'ST-DEVELOPER v20.1',
/* originating_system */ 'Autodesk Translation Framework v15.8.0.0',
/* authorisation */ '');

FILE_SCHEMA (('AUTOMOTIVE_DESIGN { 1 0 10303 214 3 1 1 }'));
ENDSEC;

DATA;
#10=MECHANICAL_DESIGN_GEOMETRIC_PRESENTATION_REPRESENTATION('',(#13),#3436);
#11=SHAPE_REPRESENTATION_RELATIONSHIP('SRR','None',#3443,#12);
#12=ADVANCED_BREP_SHAPE_REPRESENTATION('',(#14),#3435);
#13=STYLED_ITEM('',(#3452),#14);
#14=MANIFOLD_SOLID_BREP('Body1',#2024);
#15=CONICAL_SURFACE('',#2236,3.3,0.0349065850398866);
#16=CYLINDRICAL_SURFACE('',#2204,0.2);
#17=CYLINDRICAL_SURFACE('',#2207,0.2);
#18=CYLINDRICAL_SURFACE('',#2210,0.2);
#19=CYLINDRICAL_SURFACE('',#2213,0.2);
#20=CYLINDRICAL_SURFACE('',#2216,0.75);
#21=CYLINDRICAL_SURFACE('',#2219,0.75);
#22=CYLINDRICAL_SURFACE('',#2222,0.75);
#23=CYLINDRICAL_SURFACE('',#2225,0.75);
#24=CYLINDRICAL_SURFACE('',#2228,0.2);
#25=CYLINDRICAL_SURFACE('',#2234,0.75);
#26=CYLINDRICAL_SURFACE('',#2240,0.4);
#27=CYLINDRICAL_SURFACE('',#2243,10.);
#28=CYLINDRICAL_SURFACE('',#2246,29.6);
#29=CYLINDRICAL_SURFACE('',#2247,30.);
#30=LINE('',#2867,#207);
#31=LINE('',#2869,#208);
#32=LINE('',#2871,#209);
#33=LINE('',#2872,#210);
#34=LINE('',#2878,#211);
#35=LINE('',#2881,#212);
#36=LINE('',#2883,#213);
#37=LINE('',#2884,#214);
#38=LINE('',#2891,#215);
#39=LINE('',#2893,#216);
#40=LINE('',#2895,#217);
#41=LINE('',#2896,#218);
#42=LINE('',#2902,#219);
#43=LINE('',#2905,#220);
#44=LINE('',#2907,#221);
#45=LINE('',#2908,#222);
#46=LINE('',#2915,#223);
#47=LINE('',#2917,#224);
#48=LINE('',#2919,#225);
#49=LINE('',#2920,#226);
#50=LINE('',#2926,#227);
#51=LINE('',#2929,#228);
#52=LINE('',#2931,#229);
#53=LINE('',#2932,#230);
#54=LINE('',#2939,#231);
#55=LINE('',#2941,#232);
#56=LINE('',#2943,#233);
#57=LINE('',#2944,#234);
#58=LINE('',#2950,#235);
#59=LINE('',#2953,#236);
#60=LINE('',#2955,#237);
#61=LINE('',#2956,#238);
#62=LINE('',#2963,#239);
#63=LINE('',#2965,#240);
#64=LINE('',#2967,#241);
#65=LINE('',#2968,#242);
#66=LINE('',#2974,#243);
#67=LINE('',#2977,#244);
#68=LINE('',#2979,#245);
#69=LINE('',#2980,#246);
#70=LINE('',#2987,#247);
#71=LINE('',#2989,#248);
#72=LINE('',#2991,#249);
#73=LINE('',#2992,#250);
#74=LINE('',#2998,#251);
#75=LINE('',#3001,#252);
#76=LINE('',#3003,#253);
#77=LINE('',#3004,#254);
#78=LINE('',#3011,#255);
#79=LINE('',#3013,#256);
#80=LINE('',#3015,#257);
#81=LINE('',#3016,#258);
#82=LINE('',#3022,#259);
#83=LINE('',#3025,#260);
#84=LINE('',#3027,#261);
#85=LINE('',#3028,#262);
#86=LINE('',#3035,#263);
#87=LINE('',#3037,#264);
#88=LINE('',#3039,#265);
#89=LINE('',#3040,#266);
#90=LINE('',#3046,#267);
#91=LINE('',#3049,#268);
#92=LINE('',#3051,#269);
#93=LINE('',#3052,#270);
#94=LINE('',#3059,#271);
#95=LINE('',#3061,#272);
#96=LINE('',#3063,#273);
#97=LINE('',#3064,#274);
#98=LINE('',#3070,#275);
#99=LINE('',#3073,#276);
#100=LINE('',#3075,#277);
#101=LINE('',#3076,#278);
#102=LINE('',#3083,#279);
#103=LINE('',#3085,#280);
#104=LINE('',#3087,#281);
#105=LINE('',#3088,#282);
#106=LINE('',#3094,#283);
#107=LINE('',#3097,#284);
#108=LINE('',#3099,#285);
#109=LINE('',#3100,#286);
#110=LINE('',#3107,#287);
#111=LINE('',#3109,#288);
#112=LINE('',#3111,#289);
#113=LINE('',#3112,#290);
#114=LINE('',#3118,#291);
#115=LINE('',#3121,#292);
#116=LINE('',#3123,#293);
#117=LINE('',#3124,#294);
#118=LINE('',#3131,#295);
#119=LINE('',#3133,#296);
#120=LINE('',#3135,#297);
#121=LINE('',#3136,#298);
#122=LINE('',#3142,#299);
#123=LINE('',#3145,#300);
#124=LINE('',#3147,#301);
#125=LINE('',#3148,#302);
#126=LINE('',#3155,#303);
#127=LINE('',#3157,#304);
#128=LINE('',#3159,#305);
#129=LINE('',#3160,#306);
#130=LINE('',#3166,#307);
#131=LINE('',#3169,#308);
#132=LINE('',#3171,#309);
#133=LINE('',#3172,#310);
#134=LINE('',#3179,#311);
#135=LINE('',#3181,#312);
#136=LINE('',#3183,#313);
#137=LINE('',#3184,#314);
#138=LINE('',#3190,#315);
#139=LINE('',#3193,#316);
#140=LINE('',#3195,#317);
#141=LINE('',#3196,#318);
#142=LINE('',#3203,#319);
#143=LINE('',#3205,#320);
#144=LINE('',#3207,#321);
#145=LINE('',#3208,#322);
#146=LINE('',#3214,#323);
#147=LINE('',#3217,#324);
#148=LINE('',#3219,#325);
#149=LINE('',#3220,#326);
#150=LINE('',#3227,#327);
#151=LINE('',#3229,#328);
#152=LINE('',#3231,#329);
#153=LINE('',#3232,#330);
#154=LINE('',#3238,#331);
#155=LINE('',#3241,#332);
#156=LINE('',#3243,#333);
#157=LINE('',#3244,#334);
#158=LINE('',#3251,#335);
#159=LINE('',#3253,#336);
#160=LINE('',#3255,#337);
#161=LINE('',#3256,#338);
#162=LINE('',#3262,#339);
#163=LINE('',#3265,#340);
#164=LINE('',#3267,#341);
#165=LINE('',#3268,#342);
#166=LINE('',#3275,#343);
#167=LINE('',#3277,#344);
#168=LINE('',#3279,#345);
#169=LINE('',#3280,#346);
#170=LINE('',#3286,#347);
#171=LINE('',#3289,#348);
#172=LINE('',#3291,#349);
#173=LINE('',#3292,#350);
#174=LINE('',#3301,#351);
#175=LINE('',#3304,#352);
#176=LINE('',#3307,#353);
#177=LINE('',#3309,#354);
#178=LINE('',#3310,#355);
#179=LINE('',#3316,#356);
#180=LINE('',#3318,#357);
#181=LINE('',#3319,#358);
#182=LINE('',#3323,#359);
#183=LINE('',#3325,#360);
#184=LINE('',#3327,#361);
#185=LINE('',#3328,#362);
#186=LINE('',#3334,#363);
#187=LINE('',#3337,#364);
#188=LINE('',#3339,#365);
#189=LINE('',#3340,#366);
#190=LINE('',#3349,#367);
#191=LINE('',#3352,#368);
#192=LINE('',#3358,#369);
#193=LINE('',#3361,#370);
#194=LINE('',#3367,#371);
#195=LINE('',#3370,#372);
#196=LINE('',#3376,#373);
#197=LINE('',#3379,#374);
#198=LINE('',#3384,#375);
#199=LINE('',#3400,#376);
#200=LINE('',#3409,#377);
#201=LINE('',#3418,#378);
#202=LINE('',#3421,#379);
#203=LINE('',#3425,#380);
#204=LINE('',#3426,#381);
#205=LINE('',#3430,#382);
#206=LINE('',#3431,#383);
#207=VECTOR('',#2266,10.);
#208=VECTOR('',#2267,10.);
#209=VECTOR('',#2268,10.);
#210=VECTOR('',#2269,10.);
#211=VECTOR('',#2276,10.);
#212=VECTOR('',#2279,10.);
#213=VECTOR('',#2280,10.);
#214=VECTOR('',#2281,10.);
#215=VECTOR('',#2290,10.);
#216=VECTOR('',#2291,10.);
#217=VECTOR('',#2292,10.);
#218=VECTOR('',#2293,10.);
#219=VECTOR('',#2300,10.);
#220=VECTOR('',#2303,10.);
#221=VECTOR('',#2304,10.);
#222=VECTOR('',#2305,10.);
#223=VECTOR('',#2314,10.);
#224=VECTOR('',#2315,10.);
#225=VECTOR('',#2316,10.);
#226=VECTOR('',#2317,10.);
#227=VECTOR('',#2324,10.);
#228=VECTOR('',#2327,10.);
#229=VECTOR('',#2328,10.);
#230=VECTOR('',#2329,10.);
#231=VECTOR('',#2338,10.);
#232=VECTOR('',#2339,10.);
#233=VECTOR('',#2340,10.);
#234=VECTOR('',#2341,10.);
#235=VECTOR('',#2348,10.);
#236=VECTOR('',#2351,10.);
#237=VECTOR('',#2352,10.);
#238=VECTOR('',#2353,10.);
#239=VECTOR('',#2362,10.);
#240=VECTOR('',#2363,10.);
#241=VECTOR('',#2364,10.);
#242=VECTOR('',#2365,10.);
#243=VECTOR('',#2372,10.);
#244=VECTOR('',#2375,10.);
#245=VECTOR('',#2376,10.);
#246=VECTOR('',#2377,10.);
#247=VECTOR('',#2386,10.);
#248=VECTOR('',#2387,10.);
#249=VECTOR('',#2388,10.);
#250=VECTOR('',#2389,10.);
#251=VECTOR('',#2396,10.);
#252=VECTOR('',#2399,10.);
#253=VECTOR('',#2400,10.);
#254=VECTOR('',#2401,10.);
#255=VECTOR('',#2410,10.);
#256=VECTOR('',#2411,10.);
#257=VECTOR('',#2412,10.);
#258=VECTOR('',#2413,10.);
#259=VECTOR('',#2420,10.);
#260=VECTOR('',#2423,10.);
#261=VECTOR('',#2424,10.);
#262=VECTOR('',#2425,10.);
#263=VECTOR('',#2434,10.);
#264=VECTOR('',#2435,10.);
#265=VECTOR('',#2436,10.);
#266=VECTOR('',#2437,10.);
#267=VECTOR('',#2444,10.);
#268=VECTOR('',#2447,10.);
#269=VECTOR('',#2448,10.);
#270=VECTOR('',#2449,10.);
#271=VECTOR('',#2458,10.);
#272=VECTOR('',#2459,10.);
#273=VECTOR('',#2460,10.);
#274=VECTOR('',#2461,10.);
#275=VECTOR('',#2468,10.);
#276=VECTOR('',#2471,10.);
#277=VECTOR('',#2472,10.);
#278=VECTOR('',#2473,10.);
#279=VECTOR('',#2482,10.);
#280=VECTOR('',#2483,10.);
#281=VECTOR('',#2484,10.);
#282=VECTOR('',#2485,10.);
#283=VECTOR('',#2492,10.);
#284=VECTOR('',#2495,10.);
#285=VECTOR('',#2496,10.);
#286=VECTOR('',#2497,10.);
#287=VECTOR('',#2506,10.);
#288=VECTOR('',#2507,10.);
#289=VECTOR('',#2508,10.);
#290=VECTOR('',#2509,10.);
#291=VECTOR('',#2516,10.);
#292=VECTOR('',#2519,10.);
#293=VECTOR('',#2520,10.);
#294=VECTOR('',#2521,10.);
#295=VECTOR('',#2530,10.);
#296=VECTOR('',#2531,10.);
#297=VECTOR('',#2532,10.);
#298=VECTOR('',#2533,10.);
#299=VECTOR('',#2540,10.);
#300=VECTOR('',#2543,10.);
#301=VECTOR('',#2544,10.);
#302=VECTOR('',#2545,10.);
#303=VECTOR('',#2554,10.);
#304=VECTOR('',#2555,10.);
#305=VECTOR('',#2556,10.);
#306=VECTOR('',#2557,10.);
#307=VECTOR('',#2564,10.);
#308=VECTOR('',#2567,10.);
#309=VECTOR('',#2568,10.);
#310=VECTOR('',#2569,10.);
#311=VECTOR('',#2578,10.);
#312=VECTOR('',#2579,10.);
#313=VECTOR('',#2580,10.);
#314=VECTOR('',#2581,10.);
#315=VECTOR('',#2588,10.);
#316=VECTOR('',#2591,10.);
#317=VECTOR('',#2592,10.);
#318=VECTOR('',#2593,10.);
#319=VECTOR('',#2602,10.);
#320=VECTOR('',#2603,10.);
#321=VECTOR('',#2604,10.);
#322=VECTOR('',#2605,10.);
#323=VECTOR('',#2612,10.);
#324=VECTOR('',#2615,10.);
#325=VECTOR('',#2616,10.);
#326=VECTOR('',#2617,10.);
#327=VECTOR('',#2626,10.);
#328=VECTOR('',#2627,10.);
#329=VECTOR('',#2628,10.);
#330=VECTOR('',#2629,10.);
#331=VECTOR('',#2636,10.);
#332=VECTOR('',#2639,10.);
#333=VECTOR('',#2640,10.);
#334=VECTOR('',#2641,10.);
#335=VECTOR('',#2650,10.);
#336=VECTOR('',#2651,10.);
#337=VECTOR('',#2652,10.);
#338=VECTOR('',#2653,10.);
#339=VECTOR('',#2660,10.);
#340=VECTOR('',#2663,10.);
#341=VECTOR('',#2664,10.);
#342=VECTOR('',#2665,10.);
#343=VECTOR('',#2674,10.);
#344=VECTOR('',#2675,10.);
#345=VECTOR('',#2676,10.);
#346=VECTOR('',#2677,10.);
#347=VECTOR('',#2684,10.);
#348=VECTOR('',#2687,10.);
#349=VECTOR('',#2688,10.);
#350=VECTOR('',#2689,10.);
#351=VECTOR('',#2700,10.);
#352=VECTOR('',#2703,10.);
#353=VECTOR('',#2706,10.);
#354=VECTOR('',#2707,10.);
#355=VECTOR('',#2708,10.);
#356=VECTOR('',#2715,10.);
#357=VECTOR('',#2718,10.);
#358=VECTOR('',#2719,10.);
#359=VECTOR('',#2722,10.);
#360=VECTOR('',#2723,10.);
#361=VECTOR('',#2724,10.);
#362=VECTOR('',#2725,10.);
#363=VECTOR('',#2732,10.);
#364=VECTOR('',#2735,10.);
#365=VECTOR('',#2736,10.);
#366=VECTOR('',#2737,10.);
#367=VECTOR('',#2748,10.);
#368=VECTOR('',#2751,10.);
#369=VECTOR('',#2756,10.);
#370=VECTOR('',#2759,10.);
#371=VECTOR('',#2764,10.);
#372=VECTOR('',#2767,10.);
#373=VECTOR('',#2772,10.);
#374=VECTOR('',#2775,10.);
#375=VECTOR('',#2780,10.);
#376=VECTOR('',#2807,10.);
#377=VECTOR('',#2820,3.3);
#378=VECTOR('',#2831,0.4);
#379=VECTOR('',#2836,10.);
#380=VECTOR('',#2843,29.6);
#381=VECTOR('',#2844,29.6);
#382=VECTOR('',#2849,30.);
#383=VECTOR('',#2850,30.);
#384=FACE_BOUND('',#530,.T.);
#385=FACE_BOUND('',#532,.T.);
#386=FACE_BOUND('',#623,.T.);
#387=FACE_BOUND('',#627,.T.);
#388=FACE_BOUND('',#631,.T.);
#389=FACE_BOUND('',#634,.T.);
#390=FACE_BOUND('',#635,.T.);
#391=FACE_BOUND('',#636,.T.);
#392=FACE_BOUND('',#637,.T.);
#393=FACE_BOUND('',#638,.T.);
#394=FACE_BOUND('',#639,.T.);
#395=FACE_BOUND('',#640,.T.);
#396=FACE_BOUND('',#641,.T.);
#397=FACE_BOUND('',#642,.T.);
#398=FACE_BOUND('',#643,.T.);
#399=FACE_BOUND('',#644,.T.);
#400=FACE_BOUND('',#645,.T.);
#401=FACE_BOUND('',#646,.T.);
#402=FACE_BOUND('',#647,.T.);
#403=FACE_BOUND('',#648,.T.);
#404=FACE_BOUND('',#649,.T.);
#405=FACE_BOUND('',#650,.T.);
#406=FACE_BOUND('',#651,.T.);
#407=FACE_BOUND('',#652,.T.);
#408=FACE_BOUND('',#654,.T.);
#409=FACE_BOUND('',#655,.T.);
#410=FACE_BOUND('',#656,.T.);
#411=FACE_BOUND('',#657,.T.);
#412=FACE_BOUND('',#658,.T.);
#413=FACE_BOUND('',#659,.T.);
#414=FACE_BOUND('',#660,.T.);
#415=FACE_BOUND('',#661,.T.);
#416=FACE_BOUND('',#662,.T.);
#417=FACE_BOUND('',#663,.T.);
#418=FACE_BOUND('',#664,.T.);
#419=FACE_BOUND('',#665,.T.);
#420=FACE_BOUND('',#666,.T.);
#421=FACE_BOUND('',#667,.T.);
#422=FACE_BOUND('',#668,.T.);
#423=FACE_BOUND('',#669,.T.);
#424=FACE_BOUND('',#670,.T.);
#425=FACE_BOUND('',#671,.T.);
#426=FACE_BOUND('',#672,.T.);
#427=FACE_OUTER_BOUND('',#529,.T.);
#428=FACE_OUTER_BOUND('',#531,.T.);
#429=FACE_OUTER_BOUND('',#533,.T.);
#430=FACE_OUTER_BOUND('',#534,.T.);
#431=FACE_OUTER_BOUND('',#535,.T.);
#432=FACE_OUTER_BOUND('',#536,.T.);
#433=FACE_OUTER_BOUND('',#537,.T.);
#434=FACE_OUTER_BOUND('',#538,.T.);
#435=FACE_OUTER_BOUND('',#539,.T.);
#436=FACE_OUTER_BOUND('',#540,.T.);
#437=FACE_OUTER_BOUND('',#541,.T.);
#438=FACE_OUTER_BOUND('',#542,.T.);
#439=FACE_OUTER_BOUND('',#543,.T.);
#440=FACE_OUTER_BOUND('',#544,.T.);
#441=FACE_OUTER_BOUND('',#545,.T.);
#442=FACE_OUTER_BOUND('',#546,.T.);
#443=FACE_OUTER_BOUND('',#547,.T.);
#444=FACE_OUTER_BOUND('',#548,.T.);
#445=FACE_OUTER_BOUND('',#549,.T.);
#446=FACE_OUTER_BOUND('',#550,.T.);
#447=FACE_OUTER_BOUND('',#551,.T.);
#448=FACE_OUTER_BOUND('',#552,.T.);
#449=FACE_OUTER_BOUND('',#553,.T.);
#450=FACE_OUTER_BOUND('',#554,.T.);
#451=FACE_OUTER_BOUND('',#555,.T.);
#452=FACE_OUTER_BOUND('',#556,.T.);
#453=FACE_OUTER_BOUND('',#557,.T.);
#454=FACE_OUTER_BOUND('',#558,.T.);
#455=FACE_OUTER_BOUND('',#559,.T.);
#456=FACE_OUTER_BOUND('',#560,.T.);
#457=FACE_OUTER_BOUND('',#561,.T.);
#458=FACE_OUTER_BOUND('',#562,.T.);
#459=FACE_OUTER_BOUND('',#563,.T.);
#460=FACE_OUTER_BOUND('',#564,.T.);
#461=FACE_OUTER_BOUND('',#565,.T.);
#462=FACE_OUTER_BOUND('',#566,.T.);
#463=FACE_OUTER_BOUND('',#567,.T.);
#464=FACE_OUTER_BOUND('',#568,.T.);
#465=FACE_OUTER_BOUND('',#569,.T.);
#466=FACE_OUTER_BOUND('',#570,.T.);
#467=FACE_OUTER_BOUND('',#571,.T.);
#468=FACE_OUTER_BOUND('',#572,.T.);
#469=FACE_OUTER_BOUND('',#573,.T.);
#470=FACE_OUTER_BOUND('',#574,.T.);
#471=FACE_OUTER_BOUND('',#575,.T.);
#472=FACE_OUTER_BOUND('',#576,.T.);
#473=FACE_OUTER_BOUND('',#577,.T.);
#474=FACE_OUTER_BOUND('',#578,.T.);
#475=FACE_OUTER_BOUND('',#579,.T.);
#476=FACE_OUTER_BOUND('',#580,.T.);
#477=FACE_OUTER_BOUND('',#581,.T.);
#478=FACE_OUTER_BOUND('',#582,.T.);
#479=FACE_OUTER_BOUND('',#583,.T.);
#480=FACE_OUTER_BOUND('',#584,.T.);
#481=FACE_OUTER_BOUND('',#585,.T.);
#482=FACE_OUTER_BOUND('',#586,.T.);
#483=FACE_OUTER_BOUND('',#587,.T.);
#484=FACE_OUTER_BOUND('',#588,.T.);
#485=FACE_OUTER_BOUND('',#589,.T.);
#486=FACE_OUTER_BOUND('',#590,.T.);
#487=FACE_OUTER_BOUND('',#591,.T.);
#488=FACE_OUTER_BOUND('',#592,.T.);
#489=FACE_OUTER_BOUND('',#593,.T.);
#490=FACE_OUTER_BOUND('',#594,.T.);
#491=FACE_OUTER_BOUND('',#595,.T.);
#492=FACE_OUTER_BOUND('',#596,.T.);
#493=FACE_OUTER_BOUND('',#597,.T.);
#494=FACE_OUTER_BOUND('',#598,.T.);
#495=FACE_OUTER_BOUND('',#599,.T.);
#496=FACE_OUTER_BOUND('',#600,.T.);
#497=FACE_OUTER_BOUND('',#601,.T.);
#498=FACE_OUTER_BOUND('',#602,.T.);
#499=FACE_OUTER_BOUND('',#603,.T.);
#500=FACE_OUTER_BOUND('',#604,.T.);
#501=FACE_OUTER_BOUND('',#605,.T.);
#502=FACE_OUTER_BOUND('',#606,.T.);
#503=FACE_OUTER_BOUND('',#607,.T.);
#504=FACE_OUTER_BOUND('',#608,.T.);
#505=FACE_OUTER_BOUND('',#609,.T.);
#506=FACE_OUTER_BOUND('',#610,.T.);
#507=FACE_OUTER_BOUND('',#611,.T.);
#508=FACE_OUTER_BOUND('',#612,.T.);
#509=FACE_OUTER_BOUND('',#613,.T.);
#510=FACE_OUTER_BOUND('',#614,.T.);
#511=FACE_OUTER_BOUND('',#615,.T.);
#512=FACE_OUTER_BOUND('',#616,.T.);
#513=FACE_OUTER_BOUND('',#617,.T.);
#514=FACE_OUTER_BOUND('',#618,.T.);
#515=FACE_OUTER_BOUND('',#619,.T.);
#516=FACE_OUTER_BOUND('',#620,.T.);
#517=FACE_OUTER_BOUND('',#621,.T.);
#518=FACE_OUTER_BOUND('',#622,.T.);
#519=FACE_OUTER_BOUND('',#624,.T.);
#520=FACE_OUTER_BOUND('',#625,.T.);
#521=FACE_OUTER_BOUND('',#626,.T.);
#522=FACE_OUTER_BOUND('',#628,.T.);
#523=FACE_OUTER_BOUND('',#629,.T.);
#524=FACE_OUTER_BOUND('',#630,.T.);
#525=FACE_OUTER_BOUND('',#632,.T.);
#526=FACE_OUTER_BOUND('',#633,.T.);
#527=FACE_OUTER_BOUND('',#653,.T.);
#528=FACE_OUTER_BOUND('',#673,.T.);
#529=EDGE_LOOP('',(#1261));
#530=EDGE_LOOP('',(#1262));
#531=EDGE_LOOP('',(#1263));
#532=EDGE_LOOP('',(#1264));
#533=EDGE_LOOP('',(#1265,#1266,#1267,#1268));
#534=EDGE_LOOP('',(#1269,#1270,#1271,#1272));
#535=EDGE_LOOP('',(#1273,#1274,#1275,#1276));
#536=EDGE_LOOP('',(#1277,#1278,#1279,#1280));
#537=EDGE_LOOP('',(#1281,#1282,#1283,#1284));
#538=EDGE_LOOP('',(#1285,#1286,#1287,#1288));
#539=EDGE_LOOP('',(#1289,#1290,#1291,#1292));
#540=EDGE_LOOP('',(#1293,#1294,#1295,#1296));
#541=EDGE_LOOP('',(#1297,#1298,#1299,#1300));
#542=EDGE_LOOP('',(#1301,#1302,#1303,#1304));
#543=EDGE_LOOP('',(#1305,#1306,#1307,#1308));
#544=EDGE_LOOP('',(#1309,#1310,#1311,#1312));
#545=EDGE_LOOP('',(#1313,#1314,#1315,#1316));
#546=EDGE_LOOP('',(#1317,#1318,#1319,#1320));
#547=EDGE_LOOP('',(#1321,#1322,#1323,#1324));
#548=EDGE_LOOP('',(#1325,#1326,#1327,#1328));
#549=EDGE_LOOP('',(#1329,#1330,#1331,#1332));
#550=EDGE_LOOP('',(#1333,#1334,#1335,#1336));
#551=EDGE_LOOP('',(#1337,#1338,#1339,#1340));
#552=EDGE_LOOP('',(#1341,#1342,#1343,#1344));
#553=EDGE_LOOP('',(#1345,#1346,#1347,#1348));
#554=EDGE_LOOP('',(#1349,#1350,#1351,#1352));
#555=EDGE_LOOP('',(#1353,#1354,#1355,#1356));
#556=EDGE_LOOP('',(#1357,#1358,#1359,#1360));
#557=EDGE_LOOP('',(#1361,#1362,#1363,#1364));
#558=EDGE_LOOP('',(#1365,#1366,#1367,#1368));
#559=EDGE_LOOP('',(#1369,#1370,#1371,#1372));
#560=EDGE_LOOP('',(#1373,#1374,#1375,#1376));
#561=EDGE_LOOP('',(#1377,#1378,#1379,#1380));
#562=EDGE_LOOP('',(#1381,#1382,#1383,#1384));
#563=EDGE_LOOP('',(#1385,#1386,#1387,#1388));
#564=EDGE_LOOP('',(#1389,#1390,#1391,#1392));
#565=EDGE_LOOP('',(#1393,#1394,#1395,#1396));
#566=EDGE_LOOP('',(#1397,#1398,#1399,#1400));
#567=EDGE_LOOP('',(#1401,#1402,#1403,#1404));
#568=EDGE_LOOP('',(#1405,#1406,#1407,#1408));
#569=EDGE_LOOP('',(#1409,#1410,#1411,#1412));
#570=EDGE_LOOP('',(#1413,#1414,#1415,#1416));
#571=EDGE_LOOP('',(#1417,#1418,#1419,#1420));
#572=EDGE_LOOP('',(#1421,#1422,#1423,#1424));
#573=EDGE_LOOP('',(#1425,#1426,#1427,#1428));
#574=EDGE_LOOP('',(#1429,#1430,#1431,#1432));
#575=EDGE_LOOP('',(#1433,#1434,#1435,#1436));
#576=EDGE_LOOP('',(#1437,#1438,#1439,#1440));
#577=EDGE_LOOP('',(#1441,#1442,#1443,#1444));
#578=EDGE_LOOP('',(#1445,#1446,#1447,#1448));
#579=EDGE_LOOP('',(#1449,#1450,#1451,#1452));
#580=EDGE_LOOP('',(#1453,#1454,#1455,#1456));
#581=EDGE_LOOP('',(#1457,#1458,#1459,#1460));
#582=EDGE_LOOP('',(#1461,#1462,#1463,#1464));
#583=EDGE_LOOP('',(#1465,#1466,#1467,#1468));
#584=EDGE_LOOP('',(#1469,#1470,#1471,#1472));
#585=EDGE_LOOP('',(#1473,#1474,#1475,#1476));
#586=EDGE_LOOP('',(#1477,#1478,#1479,#1480));
#587=EDGE_LOOP('',(#1481,#1482,#1483,#1484));
#588=EDGE_LOOP('',(#1485,#1486,#1487,#1488));
#589=EDGE_LOOP('',(#1489,#1490,#1491,#1492));
#590=EDGE_LOOP('',(#1493,#1494,#1495,#1496));
#591=EDGE_LOOP('',(#1497,#1498,#1499,#1500));
#592=EDGE_LOOP('',(#1501,#1502,#1503,#1504));
#593=EDGE_LOOP('',(#1505,#1506,#1507,#1508));
#594=EDGE_LOOP('',(#1509,#1510,#1511,#1512));
#595=EDGE_LOOP('',(#1513,#1514,#1515,#1516));
#596=EDGE_LOOP('',(#1517,#1518,#1519,#1520));
#597=EDGE_LOOP('',(#1521,#1522,#1523,#1524));
#598=EDGE_LOOP('',(#1525,#1526,#1527,#1528));
#599=EDGE_LOOP('',(#1529,#1530,#1531,#1532));
#600=EDGE_LOOP('',(#1533,#1534,#1535,#1536));
#601=EDGE_LOOP('',(#1537,#1538,#1539,#1540));
#602=EDGE_LOOP('',(#1541,#1542,#1543,#1544));
#603=EDGE_LOOP('',(#1545,#1546,#1547,#1548));
#604=EDGE_LOOP('',(#1549,#1550,#1551,#1552));
#605=EDGE_LOOP('',(#1553,#1554,#1555,#1556));
#606=EDGE_LOOP('',(#1557,#1558,#1559,#1560));
#607=EDGE_LOOP('',(#1561,#1562,#1563,#1564));
#608=EDGE_LOOP('',(#1565,#1566,#1567,#1568));
#609=EDGE_LOOP('',(#1569,#1570,#1571,#1572));
#610=EDGE_LOOP('',(#1573,#1574,#1575,#1576));
#611=EDGE_LOOP('',(#1577,#1578,#1579,#1580));
#612=EDGE_LOOP('',(#1581,#1582,#1583,#1584));
#613=EDGE_LOOP('',(#1585,#1586,#1587,#1588));
#614=EDGE_LOOP('',(#1589,#1590,#1591,#1592));
#615=EDGE_LOOP('',(#1593,#1594,#1595,#1596));
#616=EDGE_LOOP('',(#1597,#1598,#1599,#1600));
#617=EDGE_LOOP('',(#1601,#1602,#1603,#1604));
#618=EDGE_LOOP('',(#1605,#1606,#1607,#1608));
#619=EDGE_LOOP('',(#1609,#1610,#1611,#1612));
#620=EDGE_LOOP('',(#1613,#1614,#1615,#1616));
#621=EDGE_LOOP('',(#1617,#1618,#1619,#1620));
#622=EDGE_LOOP('',(#1621));
#623=EDGE_LOOP('',(#1622,#1623,#1624,#1625,#1626,#1627,#1628,#1629,#1630,
#1631));
#624=EDGE_LOOP('',(#1632,#1633,#1634,#1635));
#625=EDGE_LOOP('',(#1636,#1637,#1638,#1639));
#626=EDGE_LOOP('',(#1640));
#627=EDGE_LOOP('',(#1641));
#628=EDGE_LOOP('',(#1642,#1643,#1644,#1645));
#629=EDGE_LOOP('',(#1646,#1647,#1648,#1649));
#630=EDGE_LOOP('',(#1650,#1651,#1652,#1653,#1654,#1655,#1656,#1657,#1658,
#1659));
#631=EDGE_LOOP('',(#1660));
#632=EDGE_LOOP('',(#1661));
#633=EDGE_LOOP('',(#1662,#1663,#1664,#1665,#1666,#1667,#1668,#1669,#1670,
#1671));
#634=EDGE_LOOP('',(#1672,#1673,#1674,#1675));
#635=EDGE_LOOP('',(#1676,#1677,#1678,#1679));
#636=EDGE_LOOP('',(#1680,#1681,#1682,#1683));
#637=EDGE_LOOP('',(#1684,#1685,#1686,#1687));
#638=EDGE_LOOP('',(#1688,#1689,#1690,#1691));
#639=EDGE_LOOP('',(#1692,#1693,#1694,#1695));
#640=EDGE_LOOP('',(#1696,#1697,#1698,#1699));
#641=EDGE_LOOP('',(#1700,#1701,#1702,#1703));
#642=EDGE_LOOP('',(#1704,#1705,#1706,#1707));
#643=EDGE_LOOP('',(#1708,#1709,#1710,#1711));
#644=EDGE_LOOP('',(#1712,#1713,#1714,#1715));
#645=EDGE_LOOP('',(#1716,#1717,#1718,#1719));
#646=EDGE_LOOP('',(#1720,#1721,#1722,#1723));
#647=EDGE_LOOP('',(#1724,#1725,#1726,#1727));
#648=EDGE_LOOP('',(#1728,#1729,#1730,#1731));
#649=EDGE_LOOP('',(#1732,#1733,#1734,#1735));
#650=EDGE_LOOP('',(#1736,#1737,#1738,#1739));
#651=EDGE_LOOP('',(#1740,#1741,#1742,#1743));
#652=EDGE_LOOP('',(#1744,#1745,#1746,#1747));
#653=EDGE_LOOP('',(#1748,#1749,#1750,#1751,#1752,#1753,#1754,#1755,#1756,
#1757));
#654=EDGE_LOOP('',(#1758,#1759,#1760,#1761));
#655=EDGE_LOOP('',(#1762,#1763,#1764,#1765));
#656=EDGE_LOOP('',(#1766,#1767,#1768,#1769));
#657=EDGE_LOOP('',(#1770,#1771,#1772,#1773));
#658=EDGE_LOOP('',(#1774,#1775,#1776,#1777));
#659=EDGE_LOOP('',(#1778,#1779,#1780,#1781));
#660=EDGE_LOOP('',(#1782,#1783,#1784,#1785));
#661=EDGE_LOOP('',(#1786,#1787,#1788,#1789));
#662=EDGE_LOOP('',(#1790,#1791,#1792,#1793));
#663=EDGE_LOOP('',(#1794,#1795,#1796,#1797));
#664=EDGE_LOOP('',(#1798,#1799,#1800,#1801));
#665=EDGE_LOOP('',(#1802,#1803,#1804,#1805));
#666=EDGE_LOOP('',(#1806,#1807,#1808,#1809));
#667=EDGE_LOOP('',(#1810,#1811,#1812,#1813));
#668=EDGE_LOOP('',(#1814,#1815,#1816,#1817));
#669=EDGE_LOOP('',(#1818,#1819,#1820,#1821));
#670=EDGE_LOOP('',(#1822,#1823,#1824,#1825));
#671=EDGE_LOOP('',(#1826,#1827,#1828,#1829));
#672=EDGE_LOOP('',(#1830,#1831,#1832,#1833));
#673=EDGE_LOOP('',(#1834));
#674=CIRCLE('',#2039,29.6);
#675=CIRCLE('',#2040,10.);
#676=CIRCLE('',#2042,30.);
#677=CIRCLE('',#2043,29.6);
#678=CIRCLE('',#2046,29.6);
#679=CIRCLE('',#2047,30.);
#680=CIRCLE('',#2050,29.6);
#681=CIRCLE('',#2051,30.);
#682=CIRCLE('',#2054,29.6);
#683=CIRCLE('',#2055,30.);
#684=CIRCLE('',#2058,29.6);
#685=CIRCLE('',#2059,30.);
#686=CIRCLE('',#2062,29.6);
#687=CIRCLE('',#2063,30.);
#688=CIRCLE('',#2066,29.6);
#689=CIRCLE('',#2067,30.);
#690=CIRCLE('',#2070,29.6);
#691=CIRCLE('',#2071,30.);
#692=CIRCLE('',#2074,29.6);
#693=CIRCLE('',#2075,30.);
#694=CIRCLE('',#2078,29.6);
#695=CIRCLE('',#2079,30.);
#696=CIRCLE('',#2082,29.6);
#697=CIRCLE('',#2083,30.);
#698=CIRCLE('',#2086,29.6);
#699=CIRCLE('',#2087,30.);
#700=CIRCLE('',#2090,29.6);
#701=CIRCLE('',#2091,30.);
#702=CIRCLE('',#2094,29.6);
#703=CIRCLE('',#2095,30.);
#704=CIRCLE('',#2098,29.6);
#705=CIRCLE('',#2099,30.);
#706=CIRCLE('',#2102,29.6);
#707=CIRCLE('',#2103,30.);
#708=CIRCLE('',#2106,29.6);
#709=CIRCLE('',#2107,30.);
#710=CIRCLE('',#2110,29.6);
#711=CIRCLE('',#2111,30.);
#712=CIRCLE('',#2114,29.6);
#713=CIRCLE('',#2115,30.);
#714=CIRCLE('',#2118,29.6);
#715=CIRCLE('',#2119,30.);
#716=CIRCLE('',#2122,29.6);
#717=CIRCLE('',#2123,30.);
#718=CIRCLE('',#2126,29.6);
#719=CIRCLE('',#2127,30.);
#720=CIRCLE('',#2130,29.6);
#721=CIRCLE('',#2131,30.);
#722=CIRCLE('',#2134,29.6);
#723=CIRCLE('',#2135,30.);
#724=CIRCLE('',#2138,29.6);
#725=CIRCLE('',#2139,30.);
#726=CIRCLE('',#2142,29.6);
#727=CIRCLE('',#2143,30.);
#728=CIRCLE('',#2146,29.6);
#729=CIRCLE('',#2147,30.);
#730=CIRCLE('',#2150,29.6);
#731=CIRCLE('',#2151,30.);
#732=CIRCLE('',#2154,29.6);
#733=CIRCLE('',#2155,30.);
#734=CIRCLE('',#2158,29.6);
#735=CIRCLE('',#2159,30.);
#736=CIRCLE('',#2162,29.6);
#737=CIRCLE('',#2163,30.);
#738=CIRCLE('',#2166,29.6);
#739=CIRCLE('',#2167,30.);
#740=CIRCLE('',#2170,29.6);
#741=CIRCLE('',#2171,30.);
#742=CIRCLE('',#2174,29.6);
#743=CIRCLE('',#2175,30.);
#744=CIRCLE('',#2178,29.6);
#745=CIRCLE('',#2179,30.);
#746=CIRCLE('',#2182,29.6);
#747=CIRCLE('',#2183,30.);
#748=CIRCLE('',#2186,29.6);
#749=CIRCLE('',#2187,30.);
#750=CIRCLE('',#2189,29.6);
#751=CIRCLE('',#2190,30.);
#752=CIRCLE('',#2193,29.6);
#753=CIRCLE('',#2194,30.);
#754=CIRCLE('',#2198,29.6);
#755=CIRCLE('',#2199,30.);
#756=CIRCLE('',#2202,29.6);
#757=CIRCLE('',#2203,30.);
#758=CIRCLE('',#2205,0.2);
#759=CIRCLE('',#2206,0.2);
#760=CIRCLE('',#2208,0.2);
#761=CIRCLE('',#2209,0.2);
#762=CIRCLE('',#2211,0.2);
#763=CIRCLE('',#2212,0.2);
#764=CIRCLE('',#2214,0.2);
#765=CIRCLE('',#2215,0.2);
#766=CIRCLE('',#2217,0.75);
#767=CIRCLE('',#2218,0.75);
#768=CIRCLE('',#2220,0.75);
#769=CIRCLE('',#2221,0.75);
#770=CIRCLE('',#2223,0.75);
#771=CIRCLE('',#2224,0.75);
#772=CIRCLE('',#2226,0.75);
#773=CIRCLE('',#2227,0.75);
#774=CIRCLE('',#2229,0.2);
#775=CIRCLE('',#2230,0.2);
#776=CIRCLE('',#2232,3.3);
#777=CIRCLE('',#2233,0.75);
#778=CIRCLE('',#2235,0.75);
#779=CIRCLE('',#2237,3.54444538644223);
#780=CIRCLE('',#2239,10.);
#781=CIRCLE('',#2241,0.4);
#782=CIRCLE('',#2242,0.4);
#783=CIRCLE('',#2248,30.);
#784=VERTEX_POINT('',#2855);
#785=VERTEX_POINT('',#2857);
#786=VERTEX_POINT('',#2860);
#787=VERTEX_POINT('',#2862);
#788=VERTEX_POINT('',#2865);
#789=VERTEX_POINT('',#2866);
#790=VERTEX_POINT('',#2868);
#791=VERTEX_POINT('',#2870);
#792=VERTEX_POINT('',#2874);
#793=VERTEX_POINT('',#2876);
#794=VERTEX_POINT('',#2880);
#795=VERTEX_POINT('',#2882);
#796=VERTEX_POINT('',#2889);
#797=VERTEX_POINT('',#2890);
#798=VERTEX_POINT('',#2892);
#799=VERTEX_POINT('',#2894);
#800=VERTEX_POINT('',#2898);
#801=VERTEX_POINT('',#2900);
#802=VERTEX_POINT('',#2904);
#803=VERTEX_POINT('',#2906);
#804=VERTEX_POINT('',#2913);
#805=VERTEX_POINT('',#2914);
#806=VERTEX_POINT('',#2916);
#807=VERTEX_POINT('',#2918);
#808=VERTEX_POINT('',#2922);
#809=VERTEX_POINT('',#2924);
#810=VERTEX_POINT('',#2928);
#811=VERTEX_POINT('',#2930);
#812=VERTEX_POINT('',#2937);
#813=VERTEX_POINT('',#2938);
#814=VERTEX_POINT('',#2940);
#815=VERTEX_POINT('',#2942);
#816=VERTEX_POINT('',#2946);
#817=VERTEX_POINT('',#2948);
#818=VERTEX_POINT('',#2952);
#819=VERTEX_POINT('',#2954);
#820=VERTEX_POINT('',#2961);
#821=VERTEX_POINT('',#2962);
#822=VERTEX_POINT('',#2964);
#823=VERTEX_POINT('',#2966);
#824=VERTEX_POINT('',#2970);
#825=VERTEX_POINT('',#2972);
#826=VERTEX_POINT('',#2976);
#827=VERTEX_POINT('',#2978);
#828=VERTEX_POINT('',#2985);
#829=VERTEX_POINT('',#2986);
#830=VERTEX_POINT('',#2988);
#831=VERTEX_POINT('',#2990);
#832=VERTEX_POINT('',#2994);
#833=VERTEX_POINT('',#2996);
#834=VERTEX_POINT('',#3000);
#835=VERTEX_POINT('',#3002);
#836=VERTEX_POINT('',#3009);
#837=VERTEX_POINT('',#3010);
#838=VERTEX_POINT('',#3012);
#839=VERTEX_POINT('',#3014);
#840=VERTEX_POINT('',#3018);
#841=VERTEX_POINT('',#3020);
#842=VERTEX_POINT('',#3024);
#843=VERTEX_POINT('',#3026);
#844=VERTEX_POINT('',#3033);
#845=VERTEX_POINT('',#3034);
#846=VERTEX_POINT('',#3036);
#847=VERTEX_POINT('',#3038);
#848=VERTEX_POINT('',#3042);
#849=VERTEX_POINT('',#3044);
#850=VERTEX_POINT('',#3048);
#851=VERTEX_POINT('',#3050);
#852=VERTEX_POINT('',#3057);
#853=VERTEX_POINT('',#3058);
#854=VERTEX_POINT('',#3060);
#855=VERTEX_POINT('',#3062);
#856=VERTEX_POINT('',#3066);
#857=VERTEX_POINT('',#3068);
#858=VERTEX_POINT('',#3072);
#859=VERTEX_POINT('',#3074);
#860=VERTEX_POINT('',#3081);
#861=VERTEX_POINT('',#3082);
#862=VERTEX_POINT('',#3084);
#863=VERTEX_POINT('',#3086);
#864=VERTEX_POINT('',#3090);
#865=VERTEX_POINT('',#3092);
#866=VERTEX_POINT('',#3096);
#867=VERTEX_POINT('',#3098);
#868=VERTEX_POINT('',#3105);
#869=VERTEX_POINT('',#3106);
#870=VERTEX_POINT('',#3108);
#871=VERTEX_POINT('',#3110);
#872=VERTEX_POINT('',#3114);
#873=VERTEX_POINT('',#3116);
#874=VERTEX_POINT('',#3120);
#875=VERTEX_POINT('',#3122);
#876=VERTEX_POINT('',#3129);
#877=VERTEX_POINT('',#3130);
#878=VERTEX_POINT('',#3132);
#879=VERTEX_POINT('',#3134);
#880=VERTEX_POINT('',#3138);
#881=VERTEX_POINT('',#3140);
#882=VERTEX_POINT('',#3144);
#883=VERTEX_POINT('',#3146);
#884=VERTEX_POINT('',#3153);
#885=VERTEX_POINT('',#3154);
#886=VERTEX_POINT('',#3156);
#887=VERTEX_POINT('',#3158);
#888=VERTEX_POINT('',#3162);
#889=VERTEX_POINT('',#3164);
#890=VERTEX_POINT('',#3168);
#891=VERTEX_POINT('',#3170);
#892=VERTEX_POINT('',#3177);
#893=VERTEX_POINT('',#3178);
#894=VERTEX_POINT('',#3180);
#895=VERTEX_POINT('',#3182);
#896=VERTEX_POINT('',#3186);
#897=VERTEX_POINT('',#3188);
#898=VERTEX_POINT('',#3192);
#899=VERTEX_POINT('',#3194);
#900=VERTEX_POINT('',#3201);
#901=VERTEX_POINT('',#3202);
#902=VERTEX_POINT('',#3204);
#903=VERTEX_POINT('',#3206);
#904=VERTEX_POINT('',#3210);
#905=VERTEX_POINT('',#3212);
#906=VERTEX_POINT('',#3216);
#907=VERTEX_POINT('',#3218);
#908=VERTEX_POINT('',#3225);
#909=VERTEX_POINT('',#3226);
#910=VERTEX_POINT('',#3228);
#911=VERTEX_POINT('',#3230);
#912=VERTEX_POINT('',#3234);
#913=VERTEX_POINT('',#3236);
#914=VERTEX_POINT('',#3240);
#915=VERTEX_POINT('',#3242);
#916=VERTEX_POINT('',#3249);
#917=VERTEX_POINT('',#3250);
#918=VERTEX_POINT('',#3252);
#919=VERTEX_POINT('',#3254);
#920=VERTEX_POINT('',#3258);
#921=VERTEX_POINT('',#3260);
#922=VERTEX_POINT('',#3264);
#923=VERTEX_POINT('',#3266);
#924=VERTEX_POINT('',#3273);
#925=VERTEX_POINT('',#3274);
#926=VERTEX_POINT('',#3276);
#927=VERTEX_POINT('',#3278);
#928=VERTEX_POINT('',#3282);
#929=VERTEX_POINT('',#3284);
#930=VERTEX_POINT('',#3288);
#931=VERTEX_POINT('',#3290);
#932=VERTEX_POINT('',#3297);
#933=VERTEX_POINT('',#3298);
#934=VERTEX_POINT('',#3300);
#935=VERTEX_POINT('',#3302);
#936=VERTEX_POINT('',#3306);
#937=VERTEX_POINT('',#3308);
#938=VERTEX_POINT('',#3312);
#939=VERTEX_POINT('',#3314);
#940=VERTEX_POINT('',#3321);
#941=VERTEX_POINT('',#3322);
#942=VERTEX_POINT('',#3324);
#943=VERTEX_POINT('',#3326);
#944=VERTEX_POINT('',#3330);
#945=VERTEX_POINT('',#3332);
#946=VERTEX_POINT('',#3336);
#947=VERTEX_POINT('',#3338);
#948=VERTEX_POINT('',#3345);
#949=VERTEX_POINT('',#3346);
#950=VERTEX_POINT('',#3348);
#951=VERTEX_POINT('',#3350);
#952=VERTEX_POINT('',#3354);
#953=VERTEX_POINT('',#3355);
#954=VERTEX_POINT('',#3357);
#955=VERTEX_POINT('',#3359);
#956=VERTEX_POINT('',#3363);
#957=VERTEX_POINT('',#3364);
#958=VERTEX_POINT('',#3366);
#959=VERTEX_POINT('',#3368);
#960=VERTEX_POINT('',#3372);
#961=VERTEX_POINT('',#3373);
#962=VERTEX_POINT('',#3375);
#963=VERTEX_POINT('',#3377);
#964=VERTEX_POINT('',#3381);
#965=VERTEX_POINT('',#3383);
#966=VERTEX_POINT('',#3396);
#967=VERTEX_POINT('',#3398);
#968=VERTEX_POINT('',#3402);
#969=VERTEX_POINT('',#3408);
#970=VERTEX_POINT('',#3412);
#971=VERTEX_POINT('',#3415);
#972=VERTEX_POINT('',#3417);
#973=VERTEX_POINT('',#3428);
#974=EDGE_CURVE('',#784,#784,#674,.T.);
#975=EDGE_CURVE('',#785,#785,#675,.T.);
#976=EDGE_CURVE('',#786,#786,#676,.T.);
#977=EDGE_CURVE('',#787,#787,#677,.T.);
#978=EDGE_CURVE('',#788,#789,#30,.T.);
#979=EDGE_CURVE('',#788,#790,#31,.T.);
#980=EDGE_CURVE('',#791,#790,#32,.T.);
#981=EDGE_CURVE('',#789,#791,#33,.T.);
#982=EDGE_CURVE('',#789,#792,#678,.T.);
#983=EDGE_CURVE('',#793,#791,#679,.T.);
#984=EDGE_CURVE('',#792,#793,#34,.T.);
#985=EDGE_CURVE('',#792,#794,#35,.T.);
#986=EDGE_CURVE('',#795,#793,#36,.T.);
#987=EDGE_CURVE('',#794,#795,#37,.T.);
#988=EDGE_CURVE('',#794,#788,#680,.T.);
#989=EDGE_CURVE('',#790,#795,#681,.T.);
#990=EDGE_CURVE('',#796,#797,#38,.T.);
#991=EDGE_CURVE('',#796,#798,#39,.T.);
#992=EDGE_CURVE('',#799,#798,#40,.T.);
#993=EDGE_CURVE('',#797,#799,#41,.T.);
#994=EDGE_CURVE('',#797,#800,#682,.T.);
#995=EDGE_CURVE('',#801,#799,#683,.T.);
#996=EDGE_CURVE('',#800,#801,#42,.T.);
#997=EDGE_CURVE('',#800,#802,#43,.T.);
#998=EDGE_CURVE('',#803,#801,#44,.T.);
#999=EDGE_CURVE('',#802,#803,#45,.T.);
#1000=EDGE_CURVE('',#802,#796,#684,.T.);
#1001=EDGE_CURVE('',#798,#803,#685,.T.);
#1002=EDGE_CURVE('',#804,#805,#46,.T.);
#1003=EDGE_CURVE('',#804,#806,#47,.T.);
#1004=EDGE_CURVE('',#807,#806,#48,.T.);
#1005=EDGE_CURVE('',#805,#807,#49,.T.);
#1006=EDGE_CURVE('',#805,#808,#686,.T.);
#1007=EDGE_CURVE('',#809,#807,#687,.T.);
#1008=EDGE_CURVE('',#808,#809,#50,.T.);
#1009=EDGE_CURVE('',#808,#810,#51,.T.);
#1010=EDGE_CURVE('',#811,#809,#52,.T.);
#1011=EDGE_CURVE('',#810,#811,#53,.T.);
#1012=EDGE_CURVE('',#810,#804,#688,.T.);
#1013=EDGE_CURVE('',#806,#811,#689,.T.);
#1014=EDGE_CURVE('',#812,#813,#54,.T.);
#1015=EDGE_CURVE('',#812,#814,#55,.T.);
#1016=EDGE_CURVE('',#815,#814,#56,.T.);
#1017=EDGE_CURVE('',#813,#815,#57,.T.);
#1018=EDGE_CURVE('',#813,#816,#690,.T.);
#1019=EDGE_CURVE('',#817,#815,#691,.T.);
#1020=EDGE_CURVE('',#816,#817,#58,.T.);
#1021=EDGE_CURVE('',#816,#818,#59,.T.);
#1022=EDGE_CURVE('',#819,#817,#60,.T.);
#1023=EDGE_CURVE('',#818,#819,#61,.T.);
#1024=EDGE_CURVE('',#818,#812,#692,.T.);
#1025=EDGE_CURVE('',#814,#819,#693,.T.);
#1026=EDGE_CURVE('',#820,#821,#62,.T.);
#1027=EDGE_CURVE('',#820,#822,#63,.T.);
#1028=EDGE_CURVE('',#823,#822,#64,.T.);
#1029=EDGE_CURVE('',#821,#823,#65,.T.);
#1030=EDGE_CURVE('',#821,#824,#694,.T.);
#1031=EDGE_CURVE('',#825,#823,#695,.T.);
#1032=EDGE_CURVE('',#824,#825,#66,.T.);
#1033=EDGE_CURVE('',#824,#826,#67,.T.);
#1034=EDGE_CURVE('',#827,#825,#68,.T.);
#1035=EDGE_CURVE('',#826,#827,#69,.T.);
#1036=EDGE_CURVE('',#826,#820,#696,.T.);
#1037=EDGE_CURVE('',#822,#827,#697,.T.);
#1038=EDGE_CURVE('',#828,#829,#70,.T.);
#1039=EDGE_CURVE('',#828,#830,#71,.T.);
#1040=EDGE_CURVE('',#831,#830,#72,.T.);
#1041=EDGE_CURVE('',#829,#831,#73,.T.);
#1042=EDGE_CURVE('',#829,#832,#698,.T.);
#1043=EDGE_CURVE('',#833,#831,#699,.T.);
#1044=EDGE_CURVE('',#832,#833,#74,.T.);
#1045=EDGE_CURVE('',#832,#834,#75,.T.);
#1046=EDGE_CURVE('',#835,#833,#76,.T.);
#1047=EDGE_CURVE('',#834,#835,#77,.T.);
#1048=EDGE_CURVE('',#834,#828,#700,.T.);
#1049=EDGE_CURVE('',#830,#835,#701,.T.);
#1050=EDGE_CURVE('',#836,#837,#78,.T.);
#1051=EDGE_CURVE('',#836,#838,#79,.T.);
#1052=EDGE_CURVE('',#839,#838,#80,.T.);
#1053=EDGE_CURVE('',#837,#839,#81,.T.);
#1054=EDGE_CURVE('',#837,#840,#702,.T.);
#1055=EDGE_CURVE('',#841,#839,#703,.T.);
#1056=EDGE_CURVE('',#840,#841,#82,.T.);
#1057=EDGE_CURVE('',#840,#842,#83,.T.);
#1058=EDGE_CURVE('',#843,#841,#84,.T.);
#1059=EDGE_CURVE('',#842,#843,#85,.T.);
#1060=EDGE_CURVE('',#842,#836,#704,.T.);
#1061=EDGE_CURVE('',#838,#843,#705,.T.);
#1062=EDGE_CURVE('',#844,#845,#86,.T.);
#1063=EDGE_CURVE('',#844,#846,#87,.T.);
#1064=EDGE_CURVE('',#847,#846,#88,.T.);
#1065=EDGE_CURVE('',#845,#847,#89,.T.);
#1066=EDGE_CURVE('',#845,#848,#706,.T.);
#1067=EDGE_CURVE('',#849,#847,#707,.T.);
#1068=EDGE_CURVE('',#848,#849,#90,.T.);
#1069=EDGE_CURVE('',#848,#850,#91,.T.);
#1070=EDGE_CURVE('',#851,#849,#92,.T.);
#1071=EDGE_CURVE('',#850,#851,#93,.T.);
#1072=EDGE_CURVE('',#850,#844,#708,.T.);
#1073=EDGE_CURVE('',#846,#851,#709,.T.);
#1074=EDGE_CURVE('',#852,#853,#94,.T.);
#1075=EDGE_CURVE('',#852,#854,#95,.T.);
#1076=EDGE_CURVE('',#855,#854,#96,.T.);
#1077=EDGE_CURVE('',#853,#855,#97,.T.);
#1078=EDGE_CURVE('',#853,#856,#710,.T.);
#1079=EDGE_CURVE('',#857,#855,#711,.T.);
#1080=EDGE_CURVE('',#856,#857,#98,.T.);
#1081=EDGE_CURVE('',#856,#858,#99,.T.);
#1082=EDGE_CURVE('',#859,#857,#100,.T.);
#1083=EDGE_CURVE('',#858,#859,#101,.T.);
#1084=EDGE_CURVE('',#858,#852,#712,.T.);
#1085=EDGE_CURVE('',#854,#859,#713,.T.);
#1086=EDGE_CURVE('',#860,#861,#102,.T.);
#1087=EDGE_CURVE('',#860,#862,#103,.T.);
#1088=EDGE_CURVE('',#863,#862,#104,.T.);
#1089=EDGE_CURVE('',#861,#863,#105,.T.);
#1090=EDGE_CURVE('',#861,#864,#714,.T.);
#1091=EDGE_CURVE('',#865,#863,#715,.T.);
#1092=EDGE_CURVE('',#864,#865,#106,.T.);
#1093=EDGE_CURVE('',#864,#866,#107,.T.);
#1094=EDGE_CURVE('',#867,#865,#108,.T.);
#1095=EDGE_CURVE('',#866,#867,#109,.T.);
#1096=EDGE_CURVE('',#866,#860,#716,.T.);
#1097=EDGE_CURVE('',#862,#867,#717,.T.);
#1098=EDGE_CURVE('',#868,#869,#110,.T.);
#1099=EDGE_CURVE('',#868,#870,#111,.T.);
#1100=EDGE_CURVE('',#871,#870,#112,.T.);
#1101=EDGE_CURVE('',#869,#871,#113,.T.);
#1102=EDGE_CURVE('',#869,#872,#718,.T.);
#1103=EDGE_CURVE('',#873,#871,#719,.T.);
#1104=EDGE_CURVE('',#872,#873,#114,.T.);
#1105=EDGE_CURVE('',#872,#874,#115,.T.);
#1106=EDGE_CURVE('',#875,#873,#116,.T.);
#1107=EDGE_CURVE('',#874,#875,#117,.T.);
#1108=EDGE_CURVE('',#874,#868,#720,.T.);
#1109=EDGE_CURVE('',#870,#875,#721,.T.);
#1110=EDGE_CURVE('',#876,#877,#118,.T.);
#1111=EDGE_CURVE('',#876,#878,#119,.T.);
#1112=EDGE_CURVE('',#879,#878,#120,.T.);
#1113=EDGE_CURVE('',#877,#879,#121,.T.);
#1114=EDGE_CURVE('',#877,#880,#722,.T.);
#1115=EDGE_CURVE('',#881,#879,#723,.T.);
#1116=EDGE_CURVE('',#880,#881,#122,.T.);
#1117=EDGE_CURVE('',#880,#882,#123,.T.);
#1118=EDGE_CURVE('',#883,#881,#124,.T.);
#1119=EDGE_CURVE('',#882,#883,#125,.T.);
#1120=EDGE_CURVE('',#882,#876,#724,.T.);
#1121=EDGE_CURVE('',#878,#883,#725,.T.);
#1122=EDGE_CURVE('',#884,#885,#126,.T.);
#1123=EDGE_CURVE('',#884,#886,#127,.T.);
#1124=EDGE_CURVE('',#887,#886,#128,.T.);
#1125=EDGE_CURVE('',#885,#887,#129,.T.);
#1126=EDGE_CURVE('',#885,#888,#726,.T.);
#1127=EDGE_CURVE('',#889,#887,#727,.T.);
#1128=EDGE_CURVE('',#888,#889,#130,.T.);
#1129=EDGE_CURVE('',#888,#890,#131,.T.);
#1130=EDGE_CURVE('',#891,#889,#132,.T.);
#1131=EDGE_CURVE('',#890,#891,#133,.T.);
#1132=EDGE_CURVE('',#890,#884,#728,.T.);
#1133=EDGE_CURVE('',#886,#891,#729,.T.);
#1134=EDGE_CURVE('',#892,#893,#134,.T.);
#1135=EDGE_CURVE('',#892,#894,#135,.T.);
#1136=EDGE_CURVE('',#895,#894,#136,.T.);
#1137=EDGE_CURVE('',#893,#895,#137,.T.);
#1138=EDGE_CURVE('',#893,#896,#730,.T.);
#1139=EDGE_CURVE('',#897,#895,#731,.T.);
#1140=EDGE_CURVE('',#896,#897,#138,.T.);
#1141=EDGE_CURVE('',#896,#898,#139,.T.);
#1142=EDGE_CURVE('',#899,#897,#140,.T.);
#1143=EDGE_CURVE('',#898,#899,#141,.T.);
#1144=EDGE_CURVE('',#898,#892,#732,.T.);
#1145=EDGE_CURVE('',#894,#899,#733,.T.);
#1146=EDGE_CURVE('',#900,#901,#142,.T.);
#1147=EDGE_CURVE('',#900,#902,#143,.T.);
#1148=EDGE_CURVE('',#903,#902,#144,.T.);
#1149=EDGE_CURVE('',#901,#903,#145,.T.);
#1150=EDGE_CURVE('',#901,#904,#734,.T.);
#1151=EDGE_CURVE('',#905,#903,#735,.T.);
#1152=EDGE_CURVE('',#904,#905,#146,.T.);
#1153=EDGE_CURVE('',#904,#906,#147,.T.);
#1154=EDGE_CURVE('',#907,#905,#148,.T.);
#1155=EDGE_CURVE('',#906,#907,#149,.T.);
#1156=EDGE_CURVE('',#906,#900,#736,.T.);
#1157=EDGE_CURVE('',#902,#907,#737,.T.);
#1158=EDGE_CURVE('',#908,#909,#150,.T.);
#1159=EDGE_CURVE('',#908,#910,#151,.T.);
#1160=EDGE_CURVE('',#911,#910,#152,.T.);
#1161=EDGE_CURVE('',#909,#911,#153,.T.);
#1162=EDGE_CURVE('',#909,#912,#738,.T.);
#1163=EDGE_CURVE('',#913,#911,#739,.T.);
#1164=EDGE_CURVE('',#912,#913,#154,.T.);
#1165=EDGE_CURVE('',#912,#914,#155,.T.);
#1166=EDGE_CURVE('',#915,#913,#156,.T.);
#1167=EDGE_CURVE('',#914,#915,#157,.T.);
#1168=EDGE_CURVE('',#914,#908,#740,.T.);
#1169=EDGE_CURVE('',#910,#915,#741,.T.);
#1170=EDGE_CURVE('',#916,#917,#158,.T.);
#1171=EDGE_CURVE('',#916,#918,#159,.T.);
#1172=EDGE_CURVE('',#919,#918,#160,.T.);
#1173=EDGE_CURVE('',#917,#919,#161,.T.);
#1174=EDGE_CURVE('',#917,#920,#742,.T.);
#1175=EDGE_CURVE('',#921,#919,#743,.T.);
#1176=EDGE_CURVE('',#920,#921,#162,.T.);
#1177=EDGE_CURVE('',#920,#922,#163,.T.);
#1178=EDGE_CURVE('',#923,#921,#164,.T.);
#1179=EDGE_CURVE('',#922,#923,#165,.T.);
#1180=EDGE_CURVE('',#922,#916,#744,.T.);
#1181=EDGE_CURVE('',#918,#923,#745,.T.);
#1182=EDGE_CURVE('',#924,#925,#166,.T.);
#1183=EDGE_CURVE('',#924,#926,#167,.T.);
#1184=EDGE_CURVE('',#927,#926,#168,.T.);
#1185=EDGE_CURVE('',#925,#927,#169,.T.);
#1186=EDGE_CURVE('',#925,#928,#746,.T.);
#1187=EDGE_CURVE('',#929,#927,#747,.T.);
#1188=EDGE_CURVE('',#928,#929,#170,.T.);
#1189=EDGE_CURVE('',#928,#930,#171,.T.);
#1190=EDGE_CURVE('',#931,#929,#172,.T.);
#1191=EDGE_CURVE('',#930,#931,#173,.T.);
#1192=EDGE_CURVE('',#930,#924,#748,.T.);
#1193=EDGE_CURVE('',#926,#931,#749,.T.);
#1194=EDGE_CURVE('',#932,#933,#750,.T.);
#1195=EDGE_CURVE('',#932,#934,#174,.T.);
#1196=EDGE_CURVE('',#935,#934,#751,.T.);
#1197=EDGE_CURVE('',#933,#935,#175,.T.);
#1198=EDGE_CURVE('',#933,#936,#176,.T.);
#1199=EDGE_CURVE('',#937,#935,#177,.T.);
#1200=EDGE_CURVE('',#936,#937,#178,.T.);
#1201=EDGE_CURVE('',#936,#938,#752,.T.);
#1202=EDGE_CURVE('',#939,#937,#753,.T.);
#1203=EDGE_CURVE('',#938,#939,#179,.T.);
#1204=EDGE_CURVE('',#938,#932,#180,.T.);
#1205=EDGE_CURVE('',#934,#939,#181,.T.);
#1206=EDGE_CURVE('',#940,#941,#182,.T.);
#1207=EDGE_CURVE('',#940,#942,#183,.T.);
#1208=EDGE_CURVE('',#943,#942,#184,.T.);
#1209=EDGE_CURVE('',#941,#943,#185,.T.);
#1210=EDGE_CURVE('',#941,#944,#754,.T.);
#1211=EDGE_CURVE('',#945,#943,#755,.T.);
#1212=EDGE_CURVE('',#944,#945,#186,.T.);
#1213=EDGE_CURVE('',#944,#946,#187,.T.);
#1214=EDGE_CURVE('',#947,#945,#188,.T.);
#1215=EDGE_CURVE('',#946,#947,#189,.T.);
#1216=EDGE_CURVE('',#946,#940,#756,.T.);
#1217=EDGE_CURVE('',#942,#947,#757,.T.);
#1218=EDGE_CURVE('',#948,#949,#758,.T.);
#1219=EDGE_CURVE('',#950,#949,#190,.T.);
#1220=EDGE_CURVE('',#951,#950,#759,.T.);
#1221=EDGE_CURVE('',#948,#951,#191,.T.);
#1222=EDGE_CURVE('',#952,#953,#760,.T.);
#1223=EDGE_CURVE('',#954,#953,#192,.T.);
#1224=EDGE_CURVE('',#955,#954,#761,.T.);
#1225=EDGE_CURVE('',#952,#955,#193,.T.);
#1226=EDGE_CURVE('',#956,#957,#762,.T.);
#1227=EDGE_CURVE('',#958,#957,#194,.T.);
#1228=EDGE_CURVE('',#959,#958,#763,.T.);
#1229=EDGE_CURVE('',#956,#959,#195,.T.);
#1230=EDGE_CURVE('',#960,#961,#764,.T.);
#1231=EDGE_CURVE('',#962,#961,#196,.T.);
#1232=EDGE_CURVE('',#963,#962,#765,.T.);
#1233=EDGE_CURVE('',#960,#963,#197,.T.);
#1234=EDGE_CURVE('',#964,#963,#766,.T.);
#1235=EDGE_CURVE('',#964,#965,#198,.T.);
#1236=EDGE_CURVE('',#960,#965,#767,.T.);
#1237=EDGE_CURVE('',#962,#959,#768,.T.);
#1238=EDGE_CURVE('',#956,#961,#769,.T.);
#1239=EDGE_CURVE('',#958,#955,#770,.T.);
#1240=EDGE_CURVE('',#952,#957,#771,.T.);
#1241=EDGE_CURVE('',#954,#951,#772,.T.);
#1242=EDGE_CURVE('',#948,#953,#773,.T.);
#1243=EDGE_CURVE('',#966,#965,#774,.T.);
#1244=EDGE_CURVE('',#967,#964,#775,.T.);
#1245=EDGE_CURVE('',#966,#967,#199,.T.);
#1246=EDGE_CURVE('',#968,#968,#776,.T.);
#1247=EDGE_CURVE('',#950,#967,#777,.T.);
#1248=EDGE_CURVE('',#966,#949,#778,.T.);
#1249=EDGE_CURVE('',#968,#969,#200,.T.);
#1250=EDGE_CURVE('',#969,#969,#779,.F.);
#1251=EDGE_CURVE('',#970,#970,#780,.T.);
#1252=EDGE_CURVE('',#971,#971,#781,.T.);
#1253=EDGE_CURVE('',#971,#972,#201,.T.);
#1254=EDGE_CURVE('',#972,#972,#782,.T.);
#1255=EDGE_CURVE('',#785,#970,#202,.T.);
#1256=EDGE_CURVE('',#784,#930,#203,.T.);
#1257=EDGE_CURVE('',#928,#787,#204,.T.);
#1258=EDGE_CURVE('',#973,#973,#783,.T.);
#1259=EDGE_CURVE('',#973,#931,#205,.T.);
#1260=EDGE_CURVE('',#929,#786,#206,.T.);
#1261=ORIENTED_EDGE('',*,*,#974,.F.);
#1262=ORIENTED_EDGE('',*,*,#975,.T.);
#1263=ORIENTED_EDGE('',*,*,#976,.F.);
#1264=ORIENTED_EDGE('',*,*,#977,.F.);
#1265=ORIENTED_EDGE('',*,*,#978,.F.);
#1266=ORIENTED_EDGE('',*,*,#979,.T.);
#1267=ORIENTED_EDGE('',*,*,#980,.F.);
#1268=ORIENTED_EDGE('',*,*,#981,.F.);
#1269=ORIENTED_EDGE('',*,*,#982,.F.);
#1270=ORIENTED_EDGE('',*,*,#981,.T.);
#1271=ORIENTED_EDGE('',*,*,#983,.F.);
#1272=ORIENTED_EDGE('',*,*,#984,.F.);
#1273=ORIENTED_EDGE('',*,*,#985,.F.);
#1274=ORIENTED_EDGE('',*,*,#984,.T.);
#1275=ORIENTED_EDGE('',*,*,#986,.F.);
#1276=ORIENTED_EDGE('',*,*,#987,.F.);
#1277=ORIENTED_EDGE('',*,*,#988,.F.);
#1278=ORIENTED_EDGE('',*,*,#987,.T.);
#1279=ORIENTED_EDGE('',*,*,#989,.F.);
#1280=ORIENTED_EDGE('',*,*,#979,.F.);
#1281=ORIENTED_EDGE('',*,*,#990,.F.);
#1282=ORIENTED_EDGE('',*,*,#991,.T.);
#1283=ORIENTED_EDGE('',*,*,#992,.F.);
#1284=ORIENTED_EDGE('',*,*,#993,.F.);
#1285=ORIENTED_EDGE('',*,*,#994,.F.);
#1286=ORIENTED_EDGE('',*,*,#993,.T.);
#1287=ORIENTED_EDGE('',*,*,#995,.F.);
#1288=ORIENTED_EDGE('',*,*,#996,.F.);
#1289=ORIENTED_EDGE('',*,*,#997,.F.);
#1290=ORIENTED_EDGE('',*,*,#996,.T.);
#1291=ORIENTED_EDGE('',*,*,#998,.F.);
#1292=ORIENTED_EDGE('',*,*,#999,.F.);
#1293=ORIENTED_EDGE('',*,*,#1000,.F.);
#1294=ORIENTED_EDGE('',*,*,#999,.T.);
#1295=ORIENTED_EDGE('',*,*,#1001,.F.);
#1296=ORIENTED_EDGE('',*,*,#991,.F.);
#1297=ORIENTED_EDGE('',*,*,#1002,.F.);
#1298=ORIENTED_EDGE('',*,*,#1003,.T.);
#1299=ORIENTED_EDGE('',*,*,#1004,.F.);
#1300=ORIENTED_EDGE('',*,*,#1005,.F.);
#1301=ORIENTED_EDGE('',*,*,#1006,.F.);
#1302=ORIENTED_EDGE('',*,*,#1005,.T.);
#1303=ORIENTED_EDGE('',*,*,#1007,.F.);
#1304=ORIENTED_EDGE('',*,*,#1008,.F.);
#1305=ORIENTED_EDGE('',*,*,#1009,.F.);
#1306=ORIENTED_EDGE('',*,*,#1008,.T.);
#1307=ORIENTED_EDGE('',*,*,#1010,.F.);
#1308=ORIENTED_EDGE('',*,*,#1011,.F.);
#1309=ORIENTED_EDGE('',*,*,#1012,.F.);
#1310=ORIENTED_EDGE('',*,*,#1011,.T.);
#1311=ORIENTED_EDGE('',*,*,#1013,.F.);
#1312=ORIENTED_EDGE('',*,*,#1003,.F.);
#1313=ORIENTED_EDGE('',*,*,#1014,.F.);
#1314=ORIENTED_EDGE('',*,*,#1015,.T.);
#1315=ORIENTED_EDGE('',*,*,#1016,.F.);
#1316=ORIENTED_EDGE('',*,*,#1017,.F.);
#1317=ORIENTED_EDGE('',*,*,#1018,.F.);
#1318=ORIENTED_EDGE('',*,*,#1017,.T.);
#1319=ORIENTED_EDGE('',*,*,#1019,.F.);
#1320=ORIENTED_EDGE('',*,*,#1020,.F.);
#1321=ORIENTED_EDGE('',*,*,#1021,.F.);
#1322=ORIENTED_EDGE('',*,*,#1020,.T.);
#1323=ORIENTED_EDGE('',*,*,#1022,.F.);
#1324=ORIENTED_EDGE('',*,*,#1023,.F.);
#1325=ORIENTED_EDGE('',*,*,#1024,.F.);
#1326=ORIENTED_EDGE('',*,*,#1023,.T.);
#1327=ORIENTED_EDGE('',*,*,#1025,.F.);
#1328=ORIENTED_EDGE('',*,*,#1015,.F.);
#1329=ORIENTED_EDGE('',*,*,#1026,.F.);
#1330=ORIENTED_EDGE('',*,*,#1027,.T.);
#1331=ORIENTED_EDGE('',*,*,#1028,.F.);
#1332=ORIENTED_EDGE('',*,*,#1029,.F.);
#1333=ORIENTED_EDGE('',*,*,#1030,.F.);
#1334=ORIENTED_EDGE('',*,*,#1029,.T.);
#1335=ORIENTED_EDGE('',*,*,#1031,.F.);
#1336=ORIENTED_EDGE('',*,*,#1032,.F.);
#1337=ORIENTED_EDGE('',*,*,#1033,.F.);
#1338=ORIENTED_EDGE('',*,*,#1032,.T.);
#1339=ORIENTED_EDGE('',*,*,#1034,.F.);
#1340=ORIENTED_EDGE('',*,*,#1035,.F.);
#1341=ORIENTED_EDGE('',*,*,#1036,.F.);
#1342=ORIENTED_EDGE('',*,*,#1035,.T.);
#1343=ORIENTED_EDGE('',*,*,#1037,.F.);
#1344=ORIENTED_EDGE('',*,*,#1027,.F.);
#1345=ORIENTED_EDGE('',*,*,#1038,.F.);
#1346=ORIENTED_EDGE('',*,*,#1039,.T.);
#1347=ORIENTED_EDGE('',*,*,#1040,.F.);
#1348=ORIENTED_EDGE('',*,*,#1041,.F.);
#1349=ORIENTED_EDGE('',*,*,#1042,.F.);
#1350=ORIENTED_EDGE('',*,*,#1041,.T.);
#1351=ORIENTED_EDGE('',*,*,#1043,.F.);
#1352=ORIENTED_EDGE('',*,*,#1044,.F.);
#1353=ORIENTED_EDGE('',*,*,#1045,.F.);
#1354=ORIENTED_EDGE('',*,*,#1044,.T.);
#1355=ORIENTED_EDGE('',*,*,#1046,.F.);
#1356=ORIENTED_EDGE('',*,*,#1047,.F.);
#1357=ORIENTED_EDGE('',*,*,#1048,.F.);
#1358=ORIENTED_EDGE('',*,*,#1047,.T.);
#1359=ORIENTED_EDGE('',*,*,#1049,.F.);
#1360=ORIENTED_EDGE('',*,*,#1039,.F.);
#1361=ORIENTED_EDGE('',*,*,#1050,.F.);
#1362=ORIENTED_EDGE('',*,*,#1051,.T.);
#1363=ORIENTED_EDGE('',*,*,#1052,.F.);
#1364=ORIENTED_EDGE('',*,*,#1053,.F.);
#1365=ORIENTED_EDGE('',*,*,#1054,.F.);
#1366=ORIENTED_EDGE('',*,*,#1053,.T.);
#1367=ORIENTED_EDGE('',*,*,#1055,.F.);
#1368=ORIENTED_EDGE('',*,*,#1056,.F.);
#1369=ORIENTED_EDGE('',*,*,#1057,.F.);
#1370=ORIENTED_EDGE('',*,*,#1056,.T.);
#1371=ORIENTED_EDGE('',*,*,#1058,.F.);
#1372=ORIENTED_EDGE('',*,*,#1059,.F.);
#1373=ORIENTED_EDGE('',*,*,#1060,.F.);
#1374=ORIENTED_EDGE('',*,*,#1059,.T.);
#1375=ORIENTED_EDGE('',*,*,#1061,.F.);
#1376=ORIENTED_EDGE('',*,*,#1051,.F.);
#1377=ORIENTED_EDGE('',*,*,#1062,.F.);
#1378=ORIENTED_EDGE('',*,*,#1063,.T.);
#1379=ORIENTED_EDGE('',*,*,#1064,.F.);
#1380=ORIENTED_EDGE('',*,*,#1065,.F.);
#1381=ORIENTED_EDGE('',*,*,#1066,.F.);
#1382=ORIENTED_EDGE('',*,*,#1065,.T.);
#1383=ORIENTED_EDGE('',*,*,#1067,.F.);
#1384=ORIENTED_EDGE('',*,*,#1068,.F.);
#1385=ORIENTED_EDGE('',*,*,#1069,.F.);
#1386=ORIENTED_EDGE('',*,*,#1068,.T.);
#1387=ORIENTED_EDGE('',*,*,#1070,.F.);
#1388=ORIENTED_EDGE('',*,*,#1071,.F.);
#1389=ORIENTED_EDGE('',*,*,#1072,.F.);
#1390=ORIENTED_EDGE('',*,*,#1071,.T.);
#1391=ORIENTED_EDGE('',*,*,#1073,.F.);
#1392=ORIENTED_EDGE('',*,*,#1063,.F.);
#1393=ORIENTED_EDGE('',*,*,#1074,.F.);
#1394=ORIENTED_EDGE('',*,*,#1075,.T.);
#1395=ORIENTED_EDGE('',*,*,#1076,.F.);
#1396=ORIENTED_EDGE('',*,*,#1077,.F.);
#1397=ORIENTED_EDGE('',*,*,#1078,.F.);
#1398=ORIENTED_EDGE('',*,*,#1077,.T.);
#1399=ORIENTED_EDGE('',*,*,#1079,.F.);
#1400=ORIENTED_EDGE('',*,*,#1080,.F.);
#1401=ORIENTED_EDGE('',*,*,#1081,.F.);
#1402=ORIENTED_EDGE('',*,*,#1080,.T.);
#1403=ORIENTED_EDGE('',*,*,#1082,.F.);
#1404=ORIENTED_EDGE('',*,*,#1083,.F.);
#1405=ORIENTED_EDGE('',*,*,#1084,.F.);
#1406=ORIENTED_EDGE('',*,*,#1083,.T.);
#1407=ORIENTED_EDGE('',*,*,#1085,.F.);
#1408=ORIENTED_EDGE('',*,*,#1075,.F.);
#1409=ORIENTED_EDGE('',*,*,#1086,.F.);
#1410=ORIENTED_EDGE('',*,*,#1087,.T.);
#1411=ORIENTED_EDGE('',*,*,#1088,.F.);
#1412=ORIENTED_EDGE('',*,*,#1089,.F.);
#1413=ORIENTED_EDGE('',*,*,#1090,.F.);
#1414=ORIENTED_EDGE('',*,*,#1089,.T.);
#1415=ORIENTED_EDGE('',*,*,#1091,.F.);
#1416=ORIENTED_EDGE('',*,*,#1092,.F.);
#1417=ORIENTED_EDGE('',*,*,#1093,.F.);
#1418=ORIENTED_EDGE('',*,*,#1092,.T.);
#1419=ORIENTED_EDGE('',*,*,#1094,.F.);
#1420=ORIENTED_EDGE('',*,*,#1095,.F.);
#1421=ORIENTED_EDGE('',*,*,#1096,.F.);
#1422=ORIENTED_EDGE('',*,*,#1095,.T.);
#1423=ORIENTED_EDGE('',*,*,#1097,.F.);
#1424=ORIENTED_EDGE('',*,*,#1087,.F.);
#1425=ORIENTED_EDGE('',*,*,#1098,.F.);
#1426=ORIENTED_EDGE('',*,*,#1099,.T.);
#1427=ORIENTED_EDGE('',*,*,#1100,.F.);
#1428=ORIENTED_EDGE('',*,*,#1101,.F.);
#1429=ORIENTED_EDGE('',*,*,#1102,.F.);
#1430=ORIENTED_EDGE('',*,*,#1101,.T.);
#1431=ORIENTED_EDGE('',*,*,#1103,.F.);
#1432=ORIENTED_EDGE('',*,*,#1104,.F.);
#1433=ORIENTED_EDGE('',*,*,#1105,.F.);
#1434=ORIENTED_EDGE('',*,*,#1104,.T.);
#1435=ORIENTED_EDGE('',*,*,#1106,.F.);
#1436=ORIENTED_EDGE('',*,*,#1107,.F.);
#1437=ORIENTED_EDGE('',*,*,#1108,.F.);
#1438=ORIENTED_EDGE('',*,*,#1107,.T.);
#1439=ORIENTED_EDGE('',*,*,#1109,.F.);
#1440=ORIENTED_EDGE('',*,*,#1099,.F.);
#1441=ORIENTED_EDGE('',*,*,#1110,.F.);
#1442=ORIENTED_EDGE('',*,*,#1111,.T.);
#1443=ORIENTED_EDGE('',*,*,#1112,.F.);
#1444=ORIENTED_EDGE('',*,*,#1113,.F.);
#1445=ORIENTED_EDGE('',*,*,#1114,.F.);
#1446=ORIENTED_EDGE('',*,*,#1113,.T.);
#1447=ORIENTED_EDGE('',*,*,#1115,.F.);
#1448=ORIENTED_EDGE('',*,*,#1116,.F.);
#1449=ORIENTED_EDGE('',*,*,#1117,.F.);
#1450=ORIENTED_EDGE('',*,*,#1116,.T.);
#1451=ORIENTED_EDGE('',*,*,#1118,.F.);
#1452=ORIENTED_EDGE('',*,*,#1119,.F.);
#1453=ORIENTED_EDGE('',*,*,#1120,.F.);
#1454=ORIENTED_EDGE('',*,*,#1119,.T.);
#1455=ORIENTED_EDGE('',*,*,#1121,.F.);
#1456=ORIENTED_EDGE('',*,*,#1111,.F.);
#1457=ORIENTED_EDGE('',*,*,#1122,.F.);
#1458=ORIENTED_EDGE('',*,*,#1123,.T.);
#1459=ORIENTED_EDGE('',*,*,#1124,.F.);
#1460=ORIENTED_EDGE('',*,*,#1125,.F.);
#1461=ORIENTED_EDGE('',*,*,#1126,.F.);
#1462=ORIENTED_EDGE('',*,*,#1125,.T.);
#1463=ORIENTED_EDGE('',*,*,#1127,.F.);
#1464=ORIENTED_EDGE('',*,*,#1128,.F.);
#1465=ORIENTED_EDGE('',*,*,#1129,.F.);
#1466=ORIENTED_EDGE('',*,*,#1128,.T.);
#1467=ORIENTED_EDGE('',*,*,#1130,.F.);
#1468=ORIENTED_EDGE('',*,*,#1131,.F.);
#1469=ORIENTED_EDGE('',*,*,#1132,.F.);
#1470=ORIENTED_EDGE('',*,*,#1131,.T.);
#1471=ORIENTED_EDGE('',*,*,#1133,.F.);
#1472=ORIENTED_EDGE('',*,*,#1123,.F.);
#1473=ORIENTED_EDGE('',*,*,#1134,.F.);
#1474=ORIENTED_EDGE('',*,*,#1135,.T.);
#1475=ORIENTED_EDGE('',*,*,#1136,.F.);
#1476=ORIENTED_EDGE('',*,*,#1137,.F.);
#1477=ORIENTED_EDGE('',*,*,#1138,.F.);
#1478=ORIENTED_EDGE('',*,*,#1137,.T.);
#1479=ORIENTED_EDGE('',*,*,#1139,.F.);
#1480=ORIENTED_EDGE('',*,*,#1140,.F.);
#1481=ORIENTED_EDGE('',*,*,#1141,.F.);
#1482=ORIENTED_EDGE('',*,*,#1140,.T.);
#1483=ORIENTED_EDGE('',*,*,#1142,.F.);
#1484=ORIENTED_EDGE('',*,*,#1143,.F.);
#1485=ORIENTED_EDGE('',*,*,#1144,.F.);
#1486=ORIENTED_EDGE('',*,*,#1143,.T.);
#1487=ORIENTED_EDGE('',*,*,#1145,.F.);
#1488=ORIENTED_EDGE('',*,*,#1135,.F.);
#1489=ORIENTED_EDGE('',*,*,#1146,.F.);
#1490=ORIENTED_EDGE('',*,*,#1147,.T.);
#1491=ORIENTED_EDGE('',*,*,#1148,.F.);
#1492=ORIENTED_EDGE('',*,*,#1149,.F.);
#1493=ORIENTED_EDGE('',*,*,#1150,.F.);
#1494=ORIENTED_EDGE('',*,*,#1149,.T.);
#1495=ORIENTED_EDGE('',*,*,#1151,.F.);
#1496=ORIENTED_EDGE('',*,*,#1152,.F.);
#1497=ORIENTED_EDGE('',*,*,#1153,.F.);
#1498=ORIENTED_EDGE('',*,*,#1152,.T.);
#1499=ORIENTED_EDGE('',*,*,#1154,.F.);
#1500=ORIENTED_EDGE('',*,*,#1155,.F.);
#1501=ORIENTED_EDGE('',*,*,#1156,.F.);
#1502=ORIENTED_EDGE('',*,*,#1155,.T.);
#1503=ORIENTED_EDGE('',*,*,#1157,.F.);
#1504=ORIENTED_EDGE('',*,*,#1147,.F.);
#1505=ORIENTED_EDGE('',*,*,#1158,.F.);
#1506=ORIENTED_EDGE('',*,*,#1159,.T.);
#1507=ORIENTED_EDGE('',*,*,#1160,.F.);
#1508=ORIENTED_EDGE('',*,*,#1161,.F.);
#1509=ORIENTED_EDGE('',*,*,#1162,.F.);
#1510=ORIENTED_EDGE('',*,*,#1161,.T.);
#1511=ORIENTED_EDGE('',*,*,#1163,.F.);
#1512=ORIENTED_EDGE('',*,*,#1164,.F.);
#1513=ORIENTED_EDGE('',*,*,#1165,.F.);
#1514=ORIENTED_EDGE('',*,*,#1164,.T.);
#1515=ORIENTED_EDGE('',*,*,#1166,.F.);
#1516=ORIENTED_EDGE('',*,*,#1167,.F.);
#1517=ORIENTED_EDGE('',*,*,#1168,.F.);
#1518=ORIENTED_EDGE('',*,*,#1167,.T.);
#1519=ORIENTED_EDGE('',*,*,#1169,.F.);
#1520=ORIENTED_EDGE('',*,*,#1159,.F.);
#1521=ORIENTED_EDGE('',*,*,#1170,.F.);
#1522=ORIENTED_EDGE('',*,*,#1171,.T.);
#1523=ORIENTED_EDGE('',*,*,#1172,.F.);
#1524=ORIENTED_EDGE('',*,*,#1173,.F.);
#1525=ORIENTED_EDGE('',*,*,#1174,.F.);
#1526=ORIENTED_EDGE('',*,*,#1173,.T.);
#1527=ORIENTED_EDGE('',*,*,#1175,.F.);
#1528=ORIENTED_EDGE('',*,*,#1176,.F.);
#1529=ORIENTED_EDGE('',*,*,#1177,.F.);
#1530=ORIENTED_EDGE('',*,*,#1176,.T.);
#1531=ORIENTED_EDGE('',*,*,#1178,.F.);
#1532=ORIENTED_EDGE('',*,*,#1179,.F.);
#1533=ORIENTED_EDGE('',*,*,#1180,.F.);
#1534=ORIENTED_EDGE('',*,*,#1179,.T.);
#1535=ORIENTED_EDGE('',*,*,#1181,.F.);
#1536=ORIENTED_EDGE('',*,*,#1171,.F.);
#1537=ORIENTED_EDGE('',*,*,#1182,.F.);
#1538=ORIENTED_EDGE('',*,*,#1183,.T.);
#1539=ORIENTED_EDGE('',*,*,#1184,.F.);
#1540=ORIENTED_EDGE('',*,*,#1185,.F.);
#1541=ORIENTED_EDGE('',*,*,#1186,.F.);
#1542=ORIENTED_EDGE('',*,*,#1185,.T.);
#1543=ORIENTED_EDGE('',*,*,#1187,.F.);
#1544=ORIENTED_EDGE('',*,*,#1188,.F.);
#1545=ORIENTED_EDGE('',*,*,#1189,.F.);
#1546=ORIENTED_EDGE('',*,*,#1188,.T.);
#1547=ORIENTED_EDGE('',*,*,#1190,.F.);
#1548=ORIENTED_EDGE('',*,*,#1191,.F.);
#1549=ORIENTED_EDGE('',*,*,#1192,.F.);
#1550=ORIENTED_EDGE('',*,*,#1191,.T.);
#1551=ORIENTED_EDGE('',*,*,#1193,.F.);
#1552=ORIENTED_EDGE('',*,*,#1183,.F.);
#1553=ORIENTED_EDGE('',*,*,#1194,.F.);
#1554=ORIENTED_EDGE('',*,*,#1195,.T.);
#1555=ORIENTED_EDGE('',*,*,#1196,.F.);
#1556=ORIENTED_EDGE('',*,*,#1197,.F.);
#1557=ORIENTED_EDGE('',*,*,#1198,.F.);
#1558=ORIENTED_EDGE('',*,*,#1197,.T.);
#1559=ORIENTED_EDGE('',*,*,#1199,.F.);
#1560=ORIENTED_EDGE('',*,*,#1200,.F.);
#1561=ORIENTED_EDGE('',*,*,#1201,.F.);
#1562=ORIENTED_EDGE('',*,*,#1200,.T.);
#1563=ORIENTED_EDGE('',*,*,#1202,.F.);
#1564=ORIENTED_EDGE('',*,*,#1203,.F.);
#1565=ORIENTED_EDGE('',*,*,#1204,.F.);
#1566=ORIENTED_EDGE('',*,*,#1203,.T.);
#1567=ORIENTED_EDGE('',*,*,#1205,.F.);
#1568=ORIENTED_EDGE('',*,*,#1195,.F.);
#1569=ORIENTED_EDGE('',*,*,#1206,.F.);
#1570=ORIENTED_EDGE('',*,*,#1207,.T.);
#1571=ORIENTED_EDGE('',*,*,#1208,.F.);
#1572=ORIENTED_EDGE('',*,*,#1209,.F.);
#1573=ORIENTED_EDGE('',*,*,#1210,.F.);
#1574=ORIENTED_EDGE('',*,*,#1209,.T.);
#1575=ORIENTED_EDGE('',*,*,#1211,.F.);
#1576=ORIENTED_EDGE('',*,*,#1212,.F.);
#1577=ORIENTED_EDGE('',*,*,#1213,.F.);
#1578=ORIENTED_EDGE('',*,*,#1212,.T.);
#1579=ORIENTED_EDGE('',*,*,#1214,.F.);
#1580=ORIENTED_EDGE('',*,*,#1215,.F.);
#1581=ORIENTED_EDGE('',*,*,#1216,.F.);
#1582=ORIENTED_EDGE('',*,*,#1215,.T.);
#1583=ORIENTED_EDGE('',*,*,#1217,.F.);
#1584=ORIENTED_EDGE('',*,*,#1207,.F.);
#1585=ORIENTED_EDGE('',*,*,#1218,.T.);
#1586=ORIENTED_EDGE('',*,*,#1219,.F.);
#1587=ORIENTED_EDGE('',*,*,#1220,.F.);
#1588=ORIENTED_EDGE('',*,*,#1221,.F.);
#1589=ORIENTED_EDGE('',*,*,#1222,.T.);
#1590=ORIENTED_EDGE('',*,*,#1223,.F.);
#1591=ORIENTED_EDGE('',*,*,#1224,.F.);
#1592=ORIENTED_EDGE('',*,*,#1225,.F.);
#1593=ORIENTED_EDGE('',*,*,#1226,.T.);
#1594=ORIENTED_EDGE('',*,*,#1227,.F.);
#1595=ORIENTED_EDGE('',*,*,#1228,.F.);
#1596=ORIENTED_EDGE('',*,*,#1229,.F.);
#1597=ORIENTED_EDGE('',*,*,#1230,.T.);
#1598=ORIENTED_EDGE('',*,*,#1231,.F.);
#1599=ORIENTED_EDGE('',*,*,#1232,.F.);
#1600=ORIENTED_EDGE('',*,*,#1233,.F.);
#1601=ORIENTED_EDGE('',*,*,#1233,.T.);
#1602=ORIENTED_EDGE('',*,*,#1234,.F.);
#1603=ORIENTED_EDGE('',*,*,#1235,.T.);
#1604=ORIENTED_EDGE('',*,*,#1236,.F.);
#1605=ORIENTED_EDGE('',*,*,#1229,.T.);
#1606=ORIENTED_EDGE('',*,*,#1237,.F.);
#1607=ORIENTED_EDGE('',*,*,#1231,.T.);
#1608=ORIENTED_EDGE('',*,*,#1238,.F.);
#1609=ORIENTED_EDGE('',*,*,#1225,.T.);
#1610=ORIENTED_EDGE('',*,*,#1239,.F.);
#1611=ORIENTED_EDGE('',*,*,#1227,.T.);
#1612=ORIENTED_EDGE('',*,*,#1240,.F.);
#1613=ORIENTED_EDGE('',*,*,#1221,.T.);
#1614=ORIENTED_EDGE('',*,*,#1241,.F.);
#1615=ORIENTED_EDGE('',*,*,#1223,.T.);
#1616=ORIENTED_EDGE('',*,*,#1242,.F.);
#1617=ORIENTED_EDGE('',*,*,#1243,.T.);
#1618=ORIENTED_EDGE('',*,*,#1235,.F.);
#1619=ORIENTED_EDGE('',*,*,#1244,.F.);
#1620=ORIENTED_EDGE('',*,*,#1245,.F.);
#1621=ORIENTED_EDGE('',*,*,#1246,.T.);
#1622=ORIENTED_EDGE('',*,*,#1220,.T.);
#1623=ORIENTED_EDGE('',*,*,#1247,.T.);
#1624=ORIENTED_EDGE('',*,*,#1244,.T.);
#1625=ORIENTED_EDGE('',*,*,#1234,.T.);
#1626=ORIENTED_EDGE('',*,*,#1232,.T.);
#1627=ORIENTED_EDGE('',*,*,#1237,.T.);
#1628=ORIENTED_EDGE('',*,*,#1228,.T.);
#1629=ORIENTED_EDGE('',*,*,#1239,.T.);
#1630=ORIENTED_EDGE('',*,*,#1224,.T.);
#1631=ORIENTED_EDGE('',*,*,#1241,.T.);
#1632=ORIENTED_EDGE('',*,*,#1219,.T.);
#1633=ORIENTED_EDGE('',*,*,#1248,.F.);
#1634=ORIENTED_EDGE('',*,*,#1245,.T.);
#1635=ORIENTED_EDGE('',*,*,#1247,.F.);
#1636=ORIENTED_EDGE('',*,*,#1246,.F.);
#1637=ORIENTED_EDGE('',*,*,#1249,.T.);
#1638=ORIENTED_EDGE('',*,*,#1250,.F.);
#1639=ORIENTED_EDGE('',*,*,#1249,.F.);
#1640=ORIENTED_EDGE('',*,*,#1251,.F.);
#1641=ORIENTED_EDGE('',*,*,#1250,.T.);
#1642=ORIENTED_EDGE('',*,*,#1252,.F.);
#1643=ORIENTED_EDGE('',*,*,#1253,.T.);
#1644=ORIENTED_EDGE('',*,*,#1254,.T.);
#1645=ORIENTED_EDGE('',*,*,#1253,.F.);
#1646=ORIENTED_EDGE('',*,*,#975,.F.);
#1647=ORIENTED_EDGE('',*,*,#1255,.T.);
#1648=ORIENTED_EDGE('',*,*,#1251,.T.);
#1649=ORIENTED_EDGE('',*,*,#1255,.F.);
#1650=ORIENTED_EDGE('',*,*,#1248,.T.);
#1651=ORIENTED_EDGE('',*,*,#1218,.F.);
#1652=ORIENTED_EDGE('',*,*,#1242,.T.);
#1653=ORIENTED_EDGE('',*,*,#1222,.F.);
#1654=ORIENTED_EDGE('',*,*,#1240,.T.);
#1655=ORIENTED_EDGE('',*,*,#1226,.F.);
#1656=ORIENTED_EDGE('',*,*,#1238,.T.);
#1657=ORIENTED_EDGE('',*,*,#1230,.F.);
#1658=ORIENTED_EDGE('',*,*,#1236,.T.);
#1659=ORIENTED_EDGE('',*,*,#1243,.F.);
#1660=ORIENTED_EDGE('',*,*,#1254,.F.);
#1661=ORIENTED_EDGE('',*,*,#1252,.T.);
#1662=ORIENTED_EDGE('',*,*,#974,.T.);
#1663=ORIENTED_EDGE('',*,*,#1256,.T.);
#1664=ORIENTED_EDGE('',*,*,#1192,.T.);
#1665=ORIENTED_EDGE('',*,*,#1182,.T.);
#1666=ORIENTED_EDGE('',*,*,#1186,.T.);
#1667=ORIENTED_EDGE('',*,*,#1257,.T.);
#1668=ORIENTED_EDGE('',*,*,#977,.T.);
#1669=ORIENTED_EDGE('',*,*,#1257,.F.);
#1670=ORIENTED_EDGE('',*,*,#1189,.T.);
#1671=ORIENTED_EDGE('',*,*,#1256,.F.);
#1672=ORIENTED_EDGE('',*,*,#985,.T.);
#1673=ORIENTED_EDGE('',*,*,#988,.T.);
#1674=ORIENTED_EDGE('',*,*,#978,.T.);
#1675=ORIENTED_EDGE('',*,*,#982,.T.);
#1676=ORIENTED_EDGE('',*,*,#997,.T.);
#1677=ORIENTED_EDGE('',*,*,#1000,.T.);
#1678=ORIENTED_EDGE('',*,*,#990,.T.);
#1679=ORIENTED_EDGE('',*,*,#994,.T.);
#1680=ORIENTED_EDGE('',*,*,#1009,.T.);
#1681=ORIENTED_EDGE('',*,*,#1012,.T.);
#1682=ORIENTED_EDGE('',*,*,#1002,.T.);
#1683=ORIENTED_EDGE('',*,*,#1006,.T.);
#1684=ORIENTED_EDGE('',*,*,#1021,.T.);
#1685=ORIENTED_EDGE('',*,*,#1024,.T.);
#1686=ORIENTED_EDGE('',*,*,#1014,.T.);
#1687=ORIENTED_EDGE('',*,*,#1018,.T.);
#1688=ORIENTED_EDGE('',*,*,#1033,.T.);
#1689=ORIENTED_EDGE('',*,*,#1036,.T.);
#1690=ORIENTED_EDGE('',*,*,#1026,.T.);
#1691=ORIENTED_EDGE('',*,*,#1030,.T.);
#1692=ORIENTED_EDGE('',*,*,#1045,.T.);
#1693=ORIENTED_EDGE('',*,*,#1048,.T.);
#1694=ORIENTED_EDGE('',*,*,#1038,.T.);
#1695=ORIENTED_EDGE('',*,*,#1042,.T.);
#1696=ORIENTED_EDGE('',*,*,#1057,.T.);
#1697=ORIENTED_EDGE('',*,*,#1060,.T.);
#1698=ORIENTED_EDGE('',*,*,#1050,.T.);
#1699=ORIENTED_EDGE('',*,*,#1054,.T.);
#1700=ORIENTED_EDGE('',*,*,#1069,.T.);
#1701=ORIENTED_EDGE('',*,*,#1072,.T.);
#1702=ORIENTED_EDGE('',*,*,#1062,.T.);
#1703=ORIENTED_EDGE('',*,*,#1066,.T.);
#1704=ORIENTED_EDGE('',*,*,#1081,.T.);
#1705=ORIENTED_EDGE('',*,*,#1084,.T.);
#1706=ORIENTED_EDGE('',*,*,#1074,.T.);
#1707=ORIENTED_EDGE('',*,*,#1078,.T.);
#1708=ORIENTED_EDGE('',*,*,#1093,.T.);
#1709=ORIENTED_EDGE('',*,*,#1096,.T.);
#1710=ORIENTED_EDGE('',*,*,#1086,.T.);
#1711=ORIENTED_EDGE('',*,*,#1090,.T.);
#1712=ORIENTED_EDGE('',*,*,#1105,.T.);
#1713=ORIENTED_EDGE('',*,*,#1108,.T.);
#1714=ORIENTED_EDGE('',*,*,#1098,.T.);
#1715=ORIENTED_EDGE('',*,*,#1102,.T.);
#1716=ORIENTED_EDGE('',*,*,#1117,.T.);
#1717=ORIENTED_EDGE('',*,*,#1120,.T.);
#1718=ORIENTED_EDGE('',*,*,#1110,.T.);
#1719=ORIENTED_EDGE('',*,*,#1114,.T.);
#1720=ORIENTED_EDGE('',*,*,#1129,.T.);
#1721=ORIENTED_EDGE('',*,*,#1132,.T.);
#1722=ORIENTED_EDGE('',*,*,#1122,.T.);
#1723=ORIENTED_EDGE('',*,*,#1126,.T.);
#1724=ORIENTED_EDGE('',*,*,#1141,.T.);
#1725=ORIENTED_EDGE('',*,*,#1144,.T.);
#1726=ORIENTED_EDGE('',*,*,#1134,.T.);
#1727=ORIENTED_EDGE('',*,*,#1138,.T.);
#1728=ORIENTED_EDGE('',*,*,#1153,.T.);
#1729=ORIENTED_EDGE('',*,*,#1156,.T.);
#1730=ORIENTED_EDGE('',*,*,#1146,.T.);
#1731=ORIENTED_EDGE('',*,*,#1150,.T.);
#1732=ORIENTED_EDGE('',*,*,#1165,.T.);
#1733=ORIENTED_EDGE('',*,*,#1168,.T.);
#1734=ORIENTED_EDGE('',*,*,#1158,.T.);
#1735=ORIENTED_EDGE('',*,*,#1162,.T.);
#1736=ORIENTED_EDGE('',*,*,#1177,.T.);
#1737=ORIENTED_EDGE('',*,*,#1180,.T.);
#1738=ORIENTED_EDGE('',*,*,#1170,.T.);
#1739=ORIENTED_EDGE('',*,*,#1174,.T.);
#1740=ORIENTED_EDGE('',*,*,#1201,.T.);
#1741=ORIENTED_EDGE('',*,*,#1204,.T.);
#1742=ORIENTED_EDGE('',*,*,#1194,.T.);
#1743=ORIENTED_EDGE('',*,*,#1198,.T.);
#1744=ORIENTED_EDGE('',*,*,#1213,.T.);
#1745=ORIENTED_EDGE('',*,*,#1216,.T.);
#1746=ORIENTED_EDGE('',*,*,#1206,.T.);
#1747=ORIENTED_EDGE('',*,*,#1210,.T.);
#1748=ORIENTED_EDGE('',*,*,#1258,.F.);
#1749=ORIENTED_EDGE('',*,*,#1259,.T.);
#1750=ORIENTED_EDGE('',*,*,#1190,.T.);
#1751=ORIENTED_EDGE('',*,*,#1260,.T.);
#1752=ORIENTED_EDGE('',*,*,#976,.T.);
#1753=ORIENTED_EDGE('',*,*,#1260,.F.);
#1754=ORIENTED_EDGE('',*,*,#1187,.T.);
#1755=ORIENTED_EDGE('',*,*,#1184,.T.);
#1756=ORIENTED_EDGE('',*,*,#1193,.T.);
#1757=ORIENTED_EDGE('',*,*,#1259,.F.);
#1758=ORIENTED_EDGE('',*,*,#986,.T.);
#1759=ORIENTED_EDGE('',*,*,#983,.T.);
#1760=ORIENTED_EDGE('',*,*,#980,.T.);
#1761=ORIENTED_EDGE('',*,*,#989,.T.);
#1762=ORIENTED_EDGE('',*,*,#998,.T.);
#1763=ORIENTED_EDGE('',*,*,#995,.T.);
#1764=ORIENTED_EDGE('',*,*,#992,.T.);
#1765=ORIENTED_EDGE('',*,*,#1001,.T.);
#1766=ORIENTED_EDGE('',*,*,#1010,.T.);
#1767=ORIENTED_EDGE('',*,*,#1007,.T.);
#1768=ORIENTED_EDGE('',*,*,#1004,.T.);
#1769=ORIENTED_EDGE('',*,*,#1013,.T.);
#1770=ORIENTED_EDGE('',*,*,#1022,.T.);
#1771=ORIENTED_EDGE('',*,*,#1019,.T.);
#1772=ORIENTED_EDGE('',*,*,#1016,.T.);
#1773=ORIENTED_EDGE('',*,*,#1025,.T.);
#1774=ORIENTED_EDGE('',*,*,#1034,.T.);
#1775=ORIENTED_EDGE('',*,*,#1031,.T.);
#1776=ORIENTED_EDGE('',*,*,#1028,.T.);
#1777=ORIENTED_EDGE('',*,*,#1037,.T.);
#1778=ORIENTED_EDGE('',*,*,#1046,.T.);
#1779=ORIENTED_EDGE('',*,*,#1043,.T.);
#1780=ORIENTED_EDGE('',*,*,#1040,.T.);
#1781=ORIENTED_EDGE('',*,*,#1049,.T.);
#1782=ORIENTED_EDGE('',*,*,#1058,.T.);
#1783=ORIENTED_EDGE('',*,*,#1055,.T.);
#1784=ORIENTED_EDGE('',*,*,#1052,.T.);
#1785=ORIENTED_EDGE('',*,*,#1061,.T.);
#1786=ORIENTED_EDGE('',*,*,#1070,.T.);
#1787=ORIENTED_EDGE('',*,*,#1067,.T.);
#1788=ORIENTED_EDGE('',*,*,#1064,.T.);
#1789=ORIENTED_EDGE('',*,*,#1073,.T.);
#1790=ORIENTED_EDGE('',*,*,#1082,.T.);
#1791=ORIENTED_EDGE('',*,*,#1079,.T.);
#1792=ORIENTED_EDGE('',*,*,#1076,.T.);
#1793=ORIENTED_EDGE('',*,*,#1085,.T.);
#1794=ORIENTED_EDGE('',*,*,#1094,.T.);
#1795=ORIENTED_EDGE('',*,*,#1091,.T.);
#1796=ORIENTED_EDGE('',*,*,#1088,.T.);
#1797=ORIENTED_EDGE('',*,*,#1097,.T.);
#1798=ORIENTED_EDGE('',*,*,#1106,.T.);
#1799=ORIENTED_EDGE('',*,*,#1103,.T.);
#1800=ORIENTED_EDGE('',*,*,#1100,.T.);
#1801=ORIENTED_EDGE('',*,*,#1109,.T.);
#1802=ORIENTED_EDGE('',*,*,#1118,.T.);
#1803=ORIENTED_EDGE('',*,*,#1115,.T.);
#1804=ORIENTED_EDGE('',*,*,#1112,.T.);
#1805=ORIENTED_EDGE('',*,*,#1121,.T.);
#1806=ORIENTED_EDGE('',*,*,#1130,.T.);
#1807=ORIENTED_EDGE('',*,*,#1127,.T.);
#1808=ORIENTED_EDGE('',*,*,#1124,.T.);
#1809=ORIENTED_EDGE('',*,*,#1133,.T.);
#1810=ORIENTED_EDGE('',*,*,#1142,.T.);
#1811=ORIENTED_EDGE('',*,*,#1139,.T.);
#1812=ORIENTED_EDGE('',*,*,#1136,.T.);
#1813=ORIENTED_EDGE('',*,*,#1145,.T.);
#1814=ORIENTED_EDGE('',*,*,#1154,.T.);
#1815=ORIENTED_EDGE('',*,*,#1151,.T.);
#1816=ORIENTED_EDGE('',*,*,#1148,.T.);
#1817=ORIENTED_EDGE('',*,*,#1157,.T.);
#1818=ORIENTED_EDGE('',*,*,#1166,.T.);
#1819=ORIENTED_EDGE('',*,*,#1163,.T.);
#1820=ORIENTED_EDGE('',*,*,#1160,.T.);
#1821=ORIENTED_EDGE('',*,*,#1169,.T.);
#1822=ORIENTED_EDGE('',*,*,#1178,.T.);
#1823=ORIENTED_EDGE('',*,*,#1175,.T.);
#1824=ORIENTED_EDGE('',*,*,#1172,.T.);
#1825=ORIENTED_EDGE('',*,*,#1181,.T.);
#1826=ORIENTED_EDGE('',*,*,#1202,.T.);
#1827=ORIENTED_EDGE('',*,*,#1199,.T.);
#1828=ORIENTED_EDGE('',*,*,#1196,.T.);
#1829=ORIENTED_EDGE('',*,*,#1205,.T.);
#1830=ORIENTED_EDGE('',*,*,#1214,.T.);
#1831=ORIENTED_EDGE('',*,*,#1211,.T.);
#1832=ORIENTED_EDGE('',*,*,#1208,.T.);
#1833=ORIENTED_EDGE('',*,*,#1217,.T.);
#1834=ORIENTED_EDGE('',*,*,#1258,.T.);
#1835=PLANE('',#2038);
#1836=PLANE('',#2041);
#1837=PLANE('',#2044);
#1838=PLANE('',#2045);
#1839=PLANE('',#2048);
#1840=PLANE('',#2049);
#1841=PLANE('',#2052);
#1842=PLANE('',#2053);
#1843=PLANE('',#2056);
#1844=PLANE('',#2057);
#1845=PLANE('',#2060);
#1846=PLANE('',#2061);
#1847=PLANE('',#2064);
#1848=PLANE('',#2065);
#1849=PLANE('',#2068);
#1850=PLANE('',#2069);
#1851=PLANE('',#2072);
#1852=PLANE('',#2073);
#1853=PLANE('',#2076);
#1854=PLANE('',#2077);
#1855=PLANE('',#2080);
#1856=PLANE('',#2081);
#1857=PLANE('',#2084);
#1858=PLANE('',#2085);
#1859=PLANE('',#2088);
#1860=PLANE('',#2089);
#1861=PLANE('',#2092);
#1862=PLANE('',#2093);
#1863=PLANE('',#2096);
#1864=PLANE('',#2097);
#1865=PLANE('',#2100);
#1866=PLANE('',#2101);
#1867=PLANE('',#2104);
#1868=PLANE('',#2105);
#1869=PLANE('',#2108);
#1870=PLANE('',#2109);
#1871=PLANE('',#2112);
#1872=PLANE('',#2113);
#1873=PLANE('',#2116);
#1874=PLANE('',#2117);
#1875=PLANE('',#2120);
#1876=PLANE('',#2121);
#1877=PLANE('',#2124);
#1878=PLANE('',#2125);
#1879=PLANE('',#2128);
#1880=PLANE('',#2129);
#1881=PLANE('',#2132);
#1882=PLANE('',#2133);
#1883=PLANE('',#2136);
#1884=PLANE('',#2137);
#1885=PLANE('',#2140);
#1886=PLANE('',#2141);
#1887=PLANE('',#2144);
#1888=PLANE('',#2145);
#1889=PLANE('',#2148);
#1890=PLANE('',#2149);
#1891=PLANE('',#2152);
#1892=PLANE('',#2153);
#1893=PLANE('',#2156);
#1894=PLANE('',#2157);
#1895=PLANE('',#2160);
#1896=PLANE('',#2161);
#1897=PLANE('',#2164);
#1898=PLANE('',#2165);
#1899=PLANE('',#2168);
#1900=PLANE('',#2169);
#1901=PLANE('',#2172);
#1902=PLANE('',#2173);
#1903=PLANE('',#2176);
#1904=PLANE('',#2177);
#1905=PLANE('',#2180);
#1906=PLANE('',#2181);
#1907=PLANE('',#2184);
#1908=PLANE('',#2185);
#1909=PLANE('',#2188);
#1910=PLANE('',#2191);
#1911=PLANE('',#2192);
#1912=PLANE('',#2195);
#1913=PLANE('',#2196);
#1914=PLANE('',#2197);
#1915=PLANE('',#2200);
#1916=PLANE('',#2201);
#1917=PLANE('',#2231);
#1918=PLANE('',#2238);
#1919=PLANE('',#2244);
#1920=PLANE('',#2245);
#1921=PLANE('',#2249);
#1922=ADVANCED_FACE('',(#427,#384),#1835,.F.);
#1923=ADVANCED_FACE('',(#428,#385),#1836,.F.);
#1924=ADVANCED_FACE('',(#429),#1837,.T.);
#1925=ADVANCED_FACE('',(#430),#1838,.T.);
#1926=ADVANCED_FACE('',(#431),#1839,.T.);
#1927=ADVANCED_FACE('',(#432),#1840,.T.);
#1928=ADVANCED_FACE('',(#433),#1841,.T.);
#1929=ADVANCED_FACE('',(#434),#1842,.T.);
#1930=ADVANCED_FACE('',(#435),#1843,.T.);
#1931=ADVANCED_FACE('',(#436),#1844,.T.);
#1932=ADVANCED_FACE('',(#437),#1845,.T.);
#1933=ADVANCED_FACE('',(#438),#1846,.T.);
#1934=ADVANCED_FACE('',(#439),#1847,.T.);
#1935=ADVANCED_FACE('',(#440),#1848,.T.);
#1936=ADVANCED_FACE('',(#441),#1849,.T.);
#1937=ADVANCED_FACE('',(#442),#1850,.T.);
#1938=ADVANCED_FACE('',(#443),#1851,.T.);
#1939=ADVANCED_FACE('',(#444),#1852,.T.);
#1940=ADVANCED_FACE('',(#445),#1853,.T.);
#1941=ADVANCED_FACE('',(#446),#1854,.T.);
#1942=ADVANCED_FACE('',(#447),#1855,.T.);
#1943=ADVANCED_FACE('',(#448),#1856,.T.);
#1944=ADVANCED_FACE('',(#449),#1857,.T.);
#1945=ADVANCED_FACE('',(#450),#1858,.T.);
#1946=ADVANCED_FACE('',(#451),#1859,.T.);
#1947=ADVANCED_FACE('',(#452),#1860,.T.);
#1948=ADVANCED_FACE('',(#453),#1861,.T.);
#1949=ADVANCED_FACE('',(#454),#1862,.T.);
#1950=ADVANCED_FACE('',(#455),#1863,.T.);
#1951=ADVANCED_FACE('',(#456),#1864,.T.);
#1952=ADVANCED_FACE('',(#457),#1865,.T.);
#1953=ADVANCED_FACE('',(#458),#1866,.T.);
#1954=ADVANCED_FACE('',(#459),#1867,.T.);
#1955=ADVANCED_FACE('',(#460),#1868,.T.);
#1956=ADVANCED_FACE('',(#461),#1869,.T.);
#1957=ADVANCED_FACE('',(#462),#1870,.T.);
#1958=ADVANCED_FACE('',(#463),#1871,.T.);
#1959=ADVANCED_FACE('',(#464),#1872,.T.);
#1960=ADVANCED_FACE('',(#465),#1873,.T.);
#1961=ADVANCED_FACE('',(#466),#1874,.T.);
#1962=ADVANCED_FACE('',(#467),#1875,.T.);
#1963=ADVANCED_FACE('',(#468),#1876,.T.);
#1964=ADVANCED_FACE('',(#469),#1877,.T.);
#1965=ADVANCED_FACE('',(#470),#1878,.T.);
#1966=ADVANCED_FACE('',(#471),#1879,.T.);
#1967=ADVANCED_FACE('',(#472),#1880,.T.);
#1968=ADVANCED_FACE('',(#473),#1881,.T.);
#1969=ADVANCED_FACE('',(#474),#1882,.T.);
#1970=ADVANCED_FACE('',(#475),#1883,.T.);
#1971=ADVANCED_FACE('',(#476),#1884,.T.);
#1972=ADVANCED_FACE('',(#477),#1885,.T.);
#1973=ADVANCED_FACE('',(#478),#1886,.T.);
#1974=ADVANCED_FACE('',(#479),#1887,.T.);
#1975=ADVANCED_FACE('',(#480),#1888,.T.);
#1976=ADVANCED_FACE('',(#481),#1889,.T.);
#1977=ADVANCED_FACE('',(#482),#1890,.T.);
#1978=ADVANCED_FACE('',(#483),#1891,.T.);
#1979=ADVANCED_FACE('',(#484),#1892,.T.);
#1980=ADVANCED_FACE('',(#485),#1893,.T.);
#1981=ADVANCED_FACE('',(#486),#1894,.T.);
#1982=ADVANCED_FACE('',(#487),#1895,.T.);
#1983=ADVANCED_FACE('',(#488),#1896,.T.);
#1984=ADVANCED_FACE('',(#489),#1897,.T.);
#1985=ADVANCED_FACE('',(#490),#1898,.T.);
#1986=ADVANCED_FACE('',(#491),#1899,.T.);
#1987=ADVANCED_FACE('',(#492),#1900,.T.);
#1988=ADVANCED_FACE('',(#493),#1901,.T.);
#1989=ADVANCED_FACE('',(#494),#1902,.T.);
#1990=ADVANCED_FACE('',(#495),#1903,.T.);
#1991=ADVANCED_FACE('',(#496),#1904,.T.);
#1992=ADVANCED_FACE('',(#497),#1905,.T.);
#1993=ADVANCED_FACE('',(#498),#1906,.T.);
#1994=ADVANCED_FACE('',(#499),#1907,.T.);
#1995=ADVANCED_FACE('',(#500),#1908,.T.);
#1996=ADVANCED_FACE('',(#501),#1909,.T.);
#1997=ADVANCED_FACE('',(#502),#1910,.T.);
#1998=ADVANCED_FACE('',(#503),#1911,.T.);
#1999=ADVANCED_FACE('',(#504),#1912,.T.);
#2000=ADVANCED_FACE('',(#505),#1913,.T.);
#2001=ADVANCED_FACE('',(#506),#1914,.T.);
#2002=ADVANCED_FACE('',(#507),#1915,.T.);
#2003=ADVANCED_FACE('',(#508),#1916,.T.);
#2004=ADVANCED_FACE('',(#509),#16,.F.);
#2005=ADVANCED_FACE('',(#510),#17,.F.);
#2006=ADVANCED_FACE('',(#511),#18,.F.);
#2007=ADVANCED_FACE('',(#512),#19,.F.);
#2008=ADVANCED_FACE('',(#513),#20,.F.);
#2009=ADVANCED_FACE('',(#514),#21,.F.);
#2010=ADVANCED_FACE('',(#515),#22,.F.);
#2011=ADVANCED_FACE('',(#516),#23,.F.);
#2012=ADVANCED_FACE('',(#517),#24,.F.);
#2013=ADVANCED_FACE('',(#518,#386),#1917,.T.);
#2014=ADVANCED_FACE('',(#519),#25,.F.);
#2015=ADVANCED_FACE('',(#520),#15,.T.);
#2016=ADVANCED_FACE('',(#521,#387),#1918,.F.);
#2017=ADVANCED_FACE('',(#522),#26,.F.);
#2018=ADVANCED_FACE('',(#523),#27,.T.);
#2019=ADVANCED_FACE('',(#524,#388),#1919,.F.);
#2020=ADVANCED_FACE('',(#525),#1920,.F.);
#2021=ADVANCED_FACE('',(#526,#389,#390,#391,#392,#393,#394,#395,#396,#397,
#398,#399,#400,#401,#402,#403,#404,#405,#406,#407),#28,.F.);
#2022=ADVANCED_FACE('',(#527,#408,#409,#410,#411,#412,#413,#414,#415,#416,
#417,#418,#419,#420,#421,#422,#423,#424,#425,#426),#29,.T.);
#2023=ADVANCED_FACE('',(#528),#1921,.T.);
#2024=CLOSED_SHELL('',(#1922,#1923,#1924,#1925,#1926,#1927,#1928,#1929,
#1930,#1931,#1932,#1933,#1934,#1935,#1936,#1937,#1938,#1939,#1940,#1941,
#1942,#1943,#1944,#1945,#1946,#1947,#1948,#1949,#1950,#1951,#1952,#1953,
#1954,#1955,#1956,#1957,#1958,#1959,#1960,#1961,#1962,#1963,#1964,#1965,
#1966,#1967,#1968,#1969,#1970,#1971,#1972,#1973,#1974,#1975,#1976,#1977,
#1978,#1979,#1980,#1981,#1982,#1983,#1984,#1985,#1986,#1987,#1988,#1989,
#1990,#1991,#1992,#1993,#1994,#1995,#1996,#1997,#1998,#1999,#2000,#2001,
#2002,#2003,#2004,#2005,#2006,#2007,#2008,#2009,#2010,#2011,#2012,#2013,
#2014,#2015,#2016,#2017,#2018,#2019,#2020,#2021,#2022,#2023));
#2025=DERIVED_UNIT_ELEMENT(#2027,1.);
#2026=DERIVED_UNIT_ELEMENT(#3438,-3.);
#2027=(
MASS_UNIT()
NAMED_UNIT(*)
SI_UNIT(.KILO.,.GRAM.)
);
#2028=DERIVED_UNIT((#2025,#2026));
#2029=MEASURE_REPRESENTATION_ITEM('density measure',
POSITIVE_RATIO_MEASURE(7850.),#2028);
#2030=PROPERTY_DEFINITION_REPRESENTATION(#2035,#2032);
#2031=PROPERTY_DEFINITION_REPRESENTATION(#2036,#2033);
#2032=REPRESENTATION('material name',(#2034),#3435);
#2033=REPRESENTATION('density',(#2029),#3435);
#2034=DESCRIPTIVE_REPRESENTATION_ITEM('Steel','Steel');
#2035=PROPERTY_DEFINITION('material property','material name',#3445);
#2036=PROPERTY_DEFINITION('material property','density of part',#3445);
#2037=AXIS2_PLACEMENT_3D('',#2853,#2250,#2251);
#2038=AXIS2_PLACEMENT_3D('',#2854,#2252,#2253);
#2039=AXIS2_PLACEMENT_3D('',#2856,#2254,#2255);
#2040=AXIS2_PLACEMENT_3D('',#2858,#2256,#2257);
#2041=AXIS2_PLACEMENT_3D('',#2859,#2258,#2259);
#2042=AXIS2_PLACEMENT_3D('',#2861,#2260,#2261);
#2043=AXIS2_PLACEMENT_3D('',#2863,#2262,#2263);
#2044=AXIS2_PLACEMENT_3D('',#2864,#2264,#2265);
#2045=AXIS2_PLACEMENT_3D('',#2873,#2270,#2271);
#2046=AXIS2_PLACEMENT_3D('',#2875,#2272,#2273);
#2047=AXIS2_PLACEMENT_3D('',#2877,#2274,#2275);
#2048=AXIS2_PLACEMENT_3D('',#2879,#2277,#2278);
#2049=AXIS2_PLACEMENT_3D('',#2885,#2282,#2283);
#2050=AXIS2_PLACEMENT_3D('',#2886,#2284,#2285);
#2051=AXIS2_PLACEMENT_3D('',#2887,#2286,#2287);
#2052=AXIS2_PLACEMENT_3D('',#2888,#2288,#2289);
#2053=AXIS2_PLACEMENT_3D('',#2897,#2294,#2295);
#2054=AXIS2_PLACEMENT_3D('',#2899,#2296,#2297);
#2055=AXIS2_PLACEMENT_3D('',#2901,#2298,#2299);
#2056=AXIS2_PLACEMENT_3D('',#2903,#2301,#2302);
#2057=AXIS2_PLACEMENT_3D('',#2909,#2306,#2307);
#2058=AXIS2_PLACEMENT_3D('',#2910,#2308,#2309);
#2059=AXIS2_PLACEMENT_3D('',#2911,#2310,#2311);
#2060=AXIS2_PLACEMENT_3D('',#2912,#2312,#2313);
#2061=AXIS2_PLACEMENT_3D('',#2921,#2318,#2319);
#2062=AXIS2_PLACEMENT_3D('',#2923,#2320,#2321);
#2063=AXIS2_PLACEMENT_3D('',#2925,#2322,#2323);
#2064=AXIS2_PLACEMENT_3D('',#2927,#2325,#2326);
#2065=AXIS2_PLACEMENT_3D('',#2933,#2330,#2331);
#2066=AXIS2_PLACEMENT_3D('',#2934,#2332,#2333);
#2067=AXIS2_PLACEMENT_3D('',#2935,#2334,#2335);
#2068=AXIS2_PLACEMENT_3D('',#2936,#2336,#2337);
#2069=AXIS2_PLACEMENT_3D('',#2945,#2342,#2343);
#2070=AXIS2_PLACEMENT_3D('',#2947,#2344,#2345);
#2071=AXIS2_PLACEMENT_3D('',#2949,#2346,#2347);
#2072=AXIS2_PLACEMENT_3D('',#2951,#2349,#2350);
#2073=AXIS2_PLACEMENT_3D('',#2957,#2354,#2355);
#2074=AXIS2_PLACEMENT_3D('',#2958,#2356,#2357);
#2075=AXIS2_PLACEMENT_3D('',#2959,#2358,#2359);
#2076=AXIS2_PLACEMENT_3D('',#2960,#2360,#2361);
#2077=AXIS2_PLACEMENT_3D('',#2969,#2366,#2367);
#2078=AXIS2_PLACEMENT_3D('',#2971,#2368,#2369);
#2079=AXIS2_PLACEMENT_3D('',#2973,#2370,#2371);
#2080=AXIS2_PLACEMENT_3D('',#2975,#2373,#2374);
#2081=AXIS2_PLACEMENT_3D('',#2981,#2378,#2379);
#2082=AXIS2_PLACEMENT_3D('',#2982,#2380,#2381);
#2083=AXIS2_PLACEMENT_3D('',#2983,#2382,#2383);
#2084=AXIS2_PLACEMENT_3D('',#2984,#2384,#2385);
#2085=AXIS2_PLACEMENT_3D('',#2993,#2390,#2391);
#2086=AXIS2_PLACEMENT_3D('',#2995,#2392,#2393);
#2087=AXIS2_PLACEMENT_3D('',#2997,#2394,#2395);
#2088=AXIS2_PLACEMENT_3D('',#2999,#2397,#2398);
#2089=AXIS2_PLACEMENT_3D('',#3005,#2402,#2403);
#2090=AXIS2_PLACEMENT_3D('',#3006,#2404,#2405);
#2091=AXIS2_PLACEMENT_3D('',#3007,#2406,#2407);
#2092=AXIS2_PLACEMENT_3D('',#3008,#2408,#2409);
#2093=AXIS2_PLACEMENT_3D('',#3017,#2414,#2415);
#2094=AXIS2_PLACEMENT_3D('',#3019,#2416,#2417);
#2095=AXIS2_PLACEMENT_3D('',#3021,#2418,#2419);
#2096=AXIS2_PLACEMENT_3D('',#3023,#2421,#2422);
#2097=AXIS2_PLACEMENT_3D('',#3029,#2426,#2427);
#2098=AXIS2_PLACEMENT_3D('',#3030,#2428,#2429);
#2099=AXIS2_PLACEMENT_3D('',#3031,#2430,#2431);
#2100=AXIS2_PLACEMENT_3D('',#3032,#2432,#2433);
#2101=AXIS2_PLACEMENT_3D('',#3041,#2438,#2439);
#2102=AXIS2_PLACEMENT_3D('',#3043,#2440,#2441);
#2103=AXIS2_PLACEMENT_3D('',#3045,#2442,#2443);
#2104=AXIS2_PLACEMENT_3D('',#3047,#2445,#2446);
#2105=AXIS2_PLACEMENT_3D('',#3053,#2450,#2451);
#2106=AXIS2_PLACEMENT_3D('',#3054,#2452,#2453);
#2107=AXIS2_PLACEMENT_3D('',#3055,#2454,#2455);
#2108=AXIS2_PLACEMENT_3D('',#3056,#2456,#2457);
#2109=AXIS2_PLACEMENT_3D('',#3065,#2462,#2463);
#2110=AXIS2_PLACEMENT_3D('',#3067,#2464,#2465);
#2111=AXIS2_PLACEMENT_3D('',#3069,#2466,#2467);
#2112=AXIS2_PLACEMENT_3D('',#3071,#2469,#2470);
#2113=AXIS2_PLACEMENT_3D('',#3077,#2474,#2475);
#2114=AXIS2_PLACEMENT_3D('',#3078,#2476,#2477);
#2115=AXIS2_PLACEMENT_3D('',#3079,#2478,#2479);
#2116=AXIS2_PLACEMENT_3D('',#3080,#2480,#2481);
#2117=AXIS2_PLACEMENT_3D('',#3089,#2486,#2487);
#2118=AXIS2_PLACEMENT_3D('',#3091,#2488,#2489);
#2119=AXIS2_PLACEMENT_3D('',#3093,#2490,#2491);
#2120=AXIS2_PLACEMENT_3D('',#3095,#2493,#2494);
#2121=AXIS2_PLACEMENT_3D('',#3101,#2498,#2499);
#2122=AXIS2_PLACEMENT_3D('',#3102,#2500,#2501);
#2123=AXIS2_PLACEMENT_3D('',#3103,#2502,#2503);
#2124=AXIS2_PLACEMENT_3D('',#3104,#2504,#2505);
#2125=AXIS2_PLACEMENT_3D('',#3113,#2510,#2511);
#2126=AXIS2_PLACEMENT_3D('',#3115,#2512,#2513);
#2127=AXIS2_PLACEMENT_3D('',#3117,#2514,#2515);
#2128=AXIS2_PLACEMENT_3D('',#3119,#2517,#2518);
#2129=AXIS2_PLACEMENT_3D('',#3125,#2522,#2523);
#2130=AXIS2_PLACEMENT_3D('',#3126,#2524,#2525);
#2131=AXIS2_PLACEMENT_3D('',#3127,#2526,#2527);
#2132=AXIS2_PLACEMENT_3D('',#3128,#2528,#2529);
#2133=AXIS2_PLACEMENT_3D('',#3137,#2534,#2535);
#2134=AXIS2_PLACEMENT_3D('',#3139,#2536,#2537);
#2135=AXIS2_PLACEMENT_3D('',#3141,#2538,#2539);
#2136=AXIS2_PLACEMENT_3D('',#3143,#2541,#2542);
#2137=AXIS2_PLACEMENT_3D('',#3149,#2546,#2547);
#2138=AXIS2_PLACEMENT_3D('',#3150,#2548,#2549);
#2139=AXIS2_PLACEMENT_3D('',#3151,#2550,#2551);
#2140=AXIS2_PLACEMENT_3D('',#3152,#2552,#2553);
#2141=AXIS2_PLACEMENT_3D('',#3161,#2558,#2559);
#2142=AXIS2_PLACEMENT_3D('',#3163,#2560,#2561);
#2143=AXIS2_PLACEMENT_3D('',#3165,#2562,#2563);
#2144=AXIS2_PLACEMENT_3D('',#3167,#2565,#2566);
#2145=AXIS2_PLACEMENT_3D('',#3173,#2570,#2571);
#2146=AXIS2_PLACEMENT_3D('',#3174,#2572,#2573);
#2147=AXIS2_PLACEMENT_3D('',#3175,#2574,#2575);
#2148=AXIS2_PLACEMENT_3D('',#3176,#2576,#2577);
#2149=AXIS2_PLACEMENT_3D('',#3185,#2582,#2583);
#2150=AXIS2_PLACEMENT_3D('',#3187,#2584,#2585);
#2151=AXIS2_PLACEMENT_3D('',#3189,#2586,#2587);
#2152=AXIS2_PLACEMENT_3D('',#3191,#2589,#2590);
#2153=AXIS2_PLACEMENT_3D('',#3197,#2594,#2595);
#2154=AXIS2_PLACEMENT_3D('',#3198,#2596,#2597);
#2155=AXIS2_PLACEMENT_3D('',#3199,#2598,#2599);
#2156=AXIS2_PLACEMENT_3D('',#3200,#2600,#2601);
#2157=AXIS2_PLACEMENT_3D('',#3209,#2606,#2607);
#2158=AXIS2_PLACEMENT_3D('',#3211,#2608,#2609);
#2159=AXIS2_PLACEMENT_3D('',#3213,#2610,#2611);
#2160=AXIS2_PLACEMENT_3D('',#3215,#2613,#2614);
#2161=AXIS2_PLACEMENT_3D('',#3221,#2618,#2619);
#2162=AXIS2_PLACEMENT_3D('',#3222,#2620,#2621);
#2163=AXIS2_PLACEMENT_3D('',#3223,#2622,#2623);
#2164=AXIS2_PLACEMENT_3D('',#3224,#2624,#2625);
#2165=AXIS2_PLACEMENT_3D('',#3233,#2630,#2631);
#2166=AXIS2_PLACEMENT_3D('',#3235,#2632,#2633);
#2167=AXIS2_PLACEMENT_3D('',#3237,#2634,#2635);
#2168=AXIS2_PLACEMENT_3D('',#3239,#2637,#2638);
#2169=AXIS2_PLACEMENT_3D('',#3245,#2642,#2643);
#2170=AXIS2_PLACEMENT_3D('',#3246,#2644,#2645);
#2171=AXIS2_PLACEMENT_3D('',#3247,#2646,#2647);
#2172=AXIS2_PLACEMENT_3D('',#3248,#2648,#2649);
#2173=AXIS2_PLACEMENT_3D('',#3257,#2654,#2655);
#2174=AXIS2_PLACEMENT_3D('',#3259,#2656,#2657);
#2175=AXIS2_PLACEMENT_3D('',#3261,#2658,#2659);
#2176=AXIS2_PLACEMENT_3D('',#3263,#2661,#2662);
#2177=AXIS2_PLACEMENT_3D('',#3269,#2666,#2667);
#2178=AXIS2_PLACEMENT_3D('',#3270,#2668,#2669);
#2179=AXIS2_PLACEMENT_3D('',#3271,#2670,#2671);
#2180=AXIS2_PLACEMENT_3D('',#3272,#2672,#2673);
#2181=AXIS2_PLACEMENT_3D('',#3281,#2678,#2679);
#2182=AXIS2_PLACEMENT_3D('',#3283,#2680,#2681);
#2183=AXIS2_PLACEMENT_3D('',#3285,#2682,#2683);
#2184=AXIS2_PLACEMENT_3D('',#3287,#2685,#2686);
#2185=AXIS2_PLACEMENT_3D('',#3293,#2690,#2691);
#2186=AXIS2_PLACEMENT_3D('',#3294,#2692,#2693);
#2187=AXIS2_PLACEMENT_3D('',#3295,#2694,#2695);
#2188=AXIS2_PLACEMENT_3D('',#3296,#2696,#2697);
#2189=AXIS2_PLACEMENT_3D('',#3299,#2698,#2699);
#2190=AXIS2_PLACEMENT_3D('',#3303,#2701,#2702);
#2191=AXIS2_PLACEMENT_3D('',#3305,#2704,#2705);
#2192=AXIS2_PLACEMENT_3D('',#3311,#2709,#2710);
#2193=AXIS2_PLACEMENT_3D('',#3313,#2711,#2712);
#2194=AXIS2_PLACEMENT_3D('',#3315,#2713,#2714);
#2195=AXIS2_PLACEMENT_3D('',#3317,#2716,#2717);
#2196=AXIS2_PLACEMENT_3D('',#3320,#2720,#2721);
#2197=AXIS2_PLACEMENT_3D('',#3329,#2726,#2727);
#2198=AXIS2_PLACEMENT_3D('',#3331,#2728,#2729);
#2199=AXIS2_PLACEMENT_3D('',#3333,#2730,#2731);
#2200=AXIS2_PLACEMENT_3D('',#3335,#2733,#2734);
#2201=AXIS2_PLACEMENT_3D('',#3341,#2738,#2739);
#2202=AXIS2_PLACEMENT_3D('',#3342,#2740,#2741);
#2203=AXIS2_PLACEMENT_3D('',#3343,#2742,#2743);
#2204=AXIS2_PLACEMENT_3D('',#3344,#2744,#2745);
#2205=AXIS2_PLACEMENT_3D('',#3347,#2746,#2747);
#2206=AXIS2_PLACEMENT_3D('',#3351,#2749,#2750);
#2207=AXIS2_PLACEMENT_3D('',#3353,#2752,#2753);
#2208=AXIS2_PLACEMENT_3D('',#3356,#2754,#2755);
#2209=AXIS2_PLACEMENT_3D('',#3360,#2757,#2758);
#2210=AXIS2_PLACEMENT_3D('',#3362,#2760,#2761);
#2211=AXIS2_PLACEMENT_3D('',#3365,#2762,#2763);
#2212=AXIS2_PLACEMENT_3D('',#3369,#2765,#2766);
#2213=AXIS2_PLACEMENT_3D('',#3371,#2768,#2769);
#2214=AXIS2_PLACEMENT_3D('',#3374,#2770,#2771);
#2215=AXIS2_PLACEMENT_3D('',#3378,#2773,#2774);
#2216=AXIS2_PLACEMENT_3D('',#3380,#2776,#2777);
#2217=AXIS2_PLACEMENT_3D('',#3382,#2778,#2779);
#2218=AXIS2_PLACEMENT_3D('',#3385,#2781,#2782);
#2219=AXIS2_PLACEMENT_3D('',#3386,#2783,#2784);
#2220=AXIS2_PLACEMENT_3D('',#3387,#2785,#2786);
#2221=AXIS2_PLACEMENT_3D('',#3388,#2787,#2788);
#2222=AXIS2_PLACEMENT_3D('',#3389,#2789,#2790);
#2223=AXIS2_PLACEMENT_3D('',#3390,#2791,#2792);
#2224=AXIS2_PLACEMENT_3D('',#3391,#2793,#2794);
#2225=AXIS2_PLACEMENT_3D('',#3392,#2795,#2796);
#2226=AXIS2_PLACEMENT_3D('',#3393,#2797,#2798);
#2227=AXIS2_PLACEMENT_3D('',#3394,#2799,#2800);
#2228=AXIS2_PLACEMENT_3D('',#3395,#2801,#2802);
#2229=AXIS2_PLACEMENT_3D('',#3397,#2803,#2804);
#2230=AXIS2_PLACEMENT_3D('',#3399,#2805,#2806);
#2231=AXIS2_PLACEMENT_3D('',#3401,#2808,#2809);
#2232=AXIS2_PLACEMENT_3D('',#3403,#2810,#2811);
#2233=AXIS2_PLACEMENT_3D('',#3404,#2812,#2813);
#2234=AXIS2_PLACEMENT_3D('',#3405,#2814,#2815);
#2235=AXIS2_PLACEMENT_3D('',#3406,#2816,#2817);
#2236=AXIS2_PLACEMENT_3D('',#3407,#2818,#2819);
#2237=AXIS2_PLACEMENT_3D('',#3410,#2821,#2822);
#2238=AXIS2_PLACEMENT_3D('',#3411,#2823,#2824);
#2239=AXIS2_PLACEMENT_3D('',#3413,#2825,#2826);
#2240=AXIS2_PLACEMENT_3D('',#3414,#2827,#2828);
#2241=AXIS2_PLACEMENT_3D('',#3416,#2829,#2830);
#2242=AXIS2_PLACEMENT_3D('',#3419,#2832,#2833);
#2243=AXIS2_PLACEMENT_3D('',#3420,#2834,#2835);
#2244=AXIS2_PLACEMENT_3D('',#3422,#2837,#2838);
#2245=AXIS2_PLACEMENT_3D('',#3423,#2839,#2840);
#2246=AXIS2_PLACEMENT_3D('',#3424,#2841,#2842);
#2247=AXIS2_PLACEMENT_3D('',#3427,#2845,#2846);
#2248=AXIS2_PLACEMENT_3D('',#3429,#2847,#2848);
#2249=AXIS2_PLACEMENT_3D('',#3432,#2851,#2852);
#2250=DIRECTION('axis',(0.,0.,1.));
#2251=DIRECTION('refdir',(1.,0.,0.));
#2252=DIRECTION('center_axis',(0.,0.,1.));
#2253=DIRECTION('ref_axis',(1.,0.,0.));
#2254=DIRECTION('center_axis',(0.,0.,1.));
#2255=DIRECTION('ref_axis',(1.,0.,0.));
#2256=DIRECTION('center_axis',(0.,0.,1.));
#2257=DIRECTION('ref_axis',(1.,0.,0.));
#2258=DIRECTION('center_axis',(0.,0.,1.));
#2259=DIRECTION('ref_axis',(1.,0.,0.));
#2260=DIRECTION('center_axis',(0.,0.,1.));
#2261=DIRECTION('ref_axis',(1.,0.,0.));
#2262=DIRECTION('center_axis',(0.,0.,-1.));
#2263=DIRECTION('ref_axis',(1.,0.,0.));
#2264=DIRECTION('center_axis',(-0.299491138369669,0.954099081876741,0.));
#2265=DIRECTION('ref_axis',(0.,0.,1.));
#2266=DIRECTION('',(0.,0.,-1.));
#2267=DIRECTION('',(0.954099081876741,0.299491138369669,0.));
#2268=DIRECTION('',(0.,0.,1.));
#2269=DIRECTION('',(0.954099081876741,0.299491138369669,0.));
#2270=DIRECTION('center_axis',(0.,0.,1.));
#2271=DIRECTION('ref_axis',(1.,0.,0.));
#2272=DIRECTION('center_axis',(0.,0.,1.));
#2273=DIRECTION('ref_axis',(1.,0.,0.));
#2274=DIRECTION('center_axis',(0.,0.,-1.));
#2275=DIRECTION('ref_axis',(1.,0.,0.));
#2276=DIRECTION('',(0.951056515851431,0.309016995740586,0.));
#2277=DIRECTION('center_axis',(0.309016995740586,-0.951056515851431,0.));
#2278=DIRECTION('ref_axis',(0.,0.,-1.));
#2279=DIRECTION('',(0.,0.,1.));
#2280=DIRECTION('',(0.,0.,-1.));
#2281=DIRECTION('',(0.951056515851431,0.309016995740586,0.));
#2282=DIRECTION('center_axis',(0.,0.,-1.));
#2283=DIRECTION('ref_axis',(-1.,0.,0.));
#2284=DIRECTION('center_axis',(0.,0.,-1.));
#2285=DIRECTION('ref_axis',(1.,0.,0.));
#2286=DIRECTION('center_axis',(0.,0.,1.));
#2287=DIRECTION('ref_axis',(1.,0.,0.));
#2288=DIRECTION('center_axis',(0.299491134944649,-0.954099082951853,0.));
#2289=DIRECTION('ref_axis',(0.,0.,-1.));
#2290=DIRECTION('',(0.,0.,-1.));
#2291=DIRECTION('',(-0.954099082951852,-0.299491134944649,0.));
#2292=DIRECTION('',(0.,0.,1.));
#2293=DIRECTION('',(-0.954099082951852,-0.299491134944649,0.));
#2294=DIRECTION('center_axis',(0.,0.,1.));
#2295=DIRECTION('ref_axis',(1.,0.,0.));
#2296=DIRECTION('center_axis',(0.,0.,1.));
#2297=DIRECTION('ref_axis',(1.,0.,0.));
#2298=DIRECTION('center_axis',(0.,0.,-1.));
#2299=DIRECTION('ref_axis',(1.,0.,0.));
#2300=DIRECTION('',(-0.951056516960738,-0.309016992326489,0.));
#2301=DIRECTION('center_axis',(-0.309016992326489,0.951056516960738,0.));
#2302=DIRECTION('ref_axis',(0.,0.,1.));
#2303=DIRECTION('',(0.,0.,1.));
#2304=DIRECTION('',(0.,0.,-1.));
#2305=DIRECTION('',(-0.951056516960738,-0.309016992326489,0.));
#2306=DIRECTION('center_axis',(0.,0.,-1.));
#2307=DIRECTION('ref_axis',(-1.,0.,0.));
#2308=DIRECTION('center_axis',(0.,0.,-1.));
#2309=DIRECTION('ref_axis',(1.,0.,0.));
#2310=DIRECTION('center_axis',(0.,0.,1.));
#2311=DIRECTION('ref_axis',(1.,0.,0.));
#2312=DIRECTION('center_axis',(0.81485429675682,0.579665830506637,0.));
#2313=DIRECTION('ref_axis',(0.,0.,-1.));
#2314=DIRECTION('',(0.,0.,-1.));
#2315=DIRECTION('',(0.579665830506637,-0.81485429675682,0.));
#2316=DIRECTION('',(0.,0.,1.));
#2317=DIRECTION('',(0.579665830506637,-0.81485429675682,0.));
#2318=DIRECTION('center_axis',(0.,0.,1.));
#2319=DIRECTION('ref_axis',(1.,0.,0.));
#2320=DIRECTION('center_axis',(0.,0.,1.));
#2321=DIRECTION('ref_axis',(1.,0.,0.));
#2322=DIRECTION('center_axis',(0.,0.,-1.));
#2323=DIRECTION('ref_axis',(1.,0.,0.));
#2324=DIRECTION('',(0.587785254615835,-0.809016992686926,0.));
#2325=DIRECTION('center_axis',(-0.809016992686926,-0.587785254615836,0.));
#2326=DIRECTION('ref_axis',(0.,0.,1.));
#2327=DIRECTION('',(0.,0.,1.));
#2328=DIRECTION('',(0.,0.,-1.));
#2329=DIRECTION('',(0.587785254615835,-0.809016992686926,0.));
#2330=DIRECTION('center_axis',(0.,0.,-1.));
#2331=DIRECTION('ref_axis',(-1.,0.,0.));
#2332=DIRECTION('center_axis',(0.,0.,-1.));
#2333=DIRECTION('ref_axis',(1.,0.,0.));
#2334=DIRECTION('center_axis',(0.,0.,1.));
#2335=DIRECTION('ref_axis',(1.,0.,0.));
#2336=DIRECTION('center_axis',(0.803098787591941,-0.595845900689393,0.));
#2337=DIRECTION('ref_axis',(0.,0.,-1.));
#2338=DIRECTION('',(0.,0.,-1.));
#2339=DIRECTION('',(-0.595845900689393,-0.803098787591942,0.));
#2340=DIRECTION('',(0.,0.,1.));
#2341=DIRECTION('',(-0.595845900689393,-0.803098787591942,0.));
#2342=DIRECTION('center_axis',(0.,0.,1.));
#2343=DIRECTION('ref_axis',(1.,0.,0.));
#2344=DIRECTION('center_axis',(0.,0.,1.));
#2345=DIRECTION('ref_axis',(1.,0.,0.));
#2346=DIRECTION('center_axis',(0.,0.,-1.));
#2347=DIRECTION('ref_axis',(1.,0.,0.));
#2348=DIRECTION('',(-0.587785254615836,-0.809016992686926,0.));
#2349=DIRECTION('center_axis',(-0.809016992686926,0.587785254615836,0.));
#2350=DIRECTION('ref_axis',(0.,0.,1.));
#2351=DIRECTION('',(0.,0.,1.));
#2352=DIRECTION('',(0.,0.,-1.));
#2353=DIRECTION('',(-0.587785254615836,-0.809016992686926,0.));
#2354=DIRECTION('center_axis',(0.,0.,-1.));
#2355=DIRECTION('ref_axis',(-1.,0.,0.));
#2356=DIRECTION('center_axis',(0.,0.,-1.));
#2357=DIRECTION('ref_axis',(1.,0.,0.));
#2358=DIRECTION('center_axis',(0.,0.,1.));
#2359=DIRECTION('ref_axis',(1.,0.,0.));
#2360=DIRECTION('center_axis',(-0.999950000416665,0.00999983333416651,0.));
#2361=DIRECTION('ref_axis',(0.,0.,1.));
#2362=DIRECTION('',(0.,0.,-1.));
#2363=DIRECTION('',(0.00999983333416651,0.999950000416665,0.));
#2364=DIRECTION('',(0.,0.,1.));
#2365=DIRECTION('',(0.00999983333416651,0.999950000416665,0.));
#2366=DIRECTION('center_axis',(0.,0.,1.));
#2367=DIRECTION('ref_axis',(1.,0.,0.));
#2368=DIRECTION('center_axis',(0.,0.,1.));
#2369=DIRECTION('ref_axis',(1.,0.,0.));
#2370=DIRECTION('center_axis',(0.,0.,-1.));
#2371=DIRECTION('ref_axis',(1.,0.,0.));
#2372=DIRECTION('',(6.00747011577325E-17,1.,0.));
#2373=DIRECTION('center_axis',(1.,-6.12323399573677E-17,-1.73602419340442E-16));
#2374=DIRECTION('ref_axis',(-1.73602419340442E-16,0.,-1.));
#2375=DIRECTION('',(0.,0.,1.));
#2376=DIRECTION('',(0.,0.,-1.));
#2377=DIRECTION('',(6.23899787570028E-17,1.,0.));
#2378=DIRECTION('center_axis',(0.,0.,-1.));
#2379=DIRECTION('ref_axis',(-1.,0.,0.));
#2380=DIRECTION('center_axis',(0.,0.,-1.));
#2381=DIRECTION('ref_axis',(1.,0.,0.));
#2382=DIRECTION('center_axis',(0.,0.,1.));
#2383=DIRECTION('ref_axis',(1.,0.,0.));
#2384=DIRECTION('center_axis',(-0.803098789730905,0.595845897806434,0.));
#2385=DIRECTION('ref_axis',(0.,0.,1.));
#2386=DIRECTION('',(0.,0.,-1.));
#2387=DIRECTION('',(0.595845897806434,0.803098789730905,0.));
#2388=DIRECTION('',(0.,0.,1.));
#2389=DIRECTION('',(0.595845897806434,0.803098789730905,0.));
#2390=DIRECTION('center_axis',(0.,0.,1.));
#2391=DIRECTION('ref_axis',(1.,0.,0.));
#2392=DIRECTION('center_axis',(0.,0.,1.));
#2393=DIRECTION('ref_axis',(1.,0.,0.));
#2394=DIRECTION('center_axis',(0.,0.,-1.));
#2395=DIRECTION('ref_axis',(1.,0.,0.));
#2396=DIRECTION('',(0.587785251711633,0.809016994796953,0.));
#2397=DIRECTION('center_axis',(0.809016994796953,-0.587785251711633,0.));
#2398=DIRECTION('ref_axis',(0.,0.,-1.));
#2399=DIRECTION('',(0.,0.,1.));
#2400=DIRECTION('',(0.,0.,-1.));
#2401=DIRECTION('',(0.587785251711633,0.809016994796953,0.));
#2402=DIRECTION('center_axis',(0.,0.,-1.));
#2403=DIRECTION('ref_axis',(-1.,0.,0.));
#2404=DIRECTION('center_axis',(0.,0.,-1.));
#2405=DIRECTION('ref_axis',(1.,0.,0.));
#2406=DIRECTION('center_axis',(0.,0.,1.));
#2407=DIRECTION('ref_axis',(1.,0.,0.));
#2408=DIRECTION('center_axis',(-0.8148542988377,-0.579665827581478,0.));
#2409=DIRECTION('ref_axis',(0.,0.,1.));
#2410=DIRECTION('',(0.,0.,-1.));
#2411=DIRECTION('',(-0.579665827581478,0.8148542988377,0.));
#2412=DIRECTION('',(0.,0.,1.));
#2413=DIRECTION('',(-0.579665827581478,0.8148542988377,0.));
#2414=DIRECTION('center_axis',(0.,0.,1.));
#2415=DIRECTION('ref_axis',(1.,0.,0.));
#2416=DIRECTION('center_axis',(0.,0.,1.));
#2417=DIRECTION('ref_axis',(1.,0.,0.));
#2418=DIRECTION('center_axis',(0.,0.,-1.));
#2419=DIRECTION('ref_axis',(1.,0.,0.));
#2420=DIRECTION('',(-0.587785251711632,0.809016994796953,0.));
#2421=DIRECTION('center_axis',(0.809016994796953,0.587785251711632,0.));
#2422=DIRECTION('ref_axis',(0.,0.,-1.));
#2423=DIRECTION('',(0.,0.,1.));
#2424=DIRECTION('',(0.,0.,-1.));
#2425=DIRECTION('',(-0.587785251711632,0.809016994796953,0.));
#2426=DIRECTION('center_axis',(0.,0.,-1.));
#2427=DIRECTION('ref_axis',(-1.,0.,0.));
#2428=DIRECTION('center_axis',(0.,0.,-1.));
#2429=DIRECTION('ref_axis',(1.,0.,0.));
#2430=DIRECTION('center_axis',(0.,0.,1.));
#2431=DIRECTION('ref_axis',(1.,0.,0.));
#2432=DIRECTION('center_axis',(-0.579665829044058,0.81485429779726,0.));
#2433=DIRECTION('ref_axis',(0.,0.,1.));
#2434=DIRECTION('',(0.,0.,-1.));
#2435=DIRECTION('',(0.81485429779726,0.579665829044058,0.));
#2436=DIRECTION('',(0.,0.,1.));
#2437=DIRECTION('',(0.81485429779726,0.579665829044058,0.));
#2438=DIRECTION('center_axis',(0.,0.,1.));
#2439=DIRECTION('ref_axis',(1.,0.,0.));
#2440=DIRECTION('center_axis',(0.,0.,1.));
#2441=DIRECTION('ref_axis',(1.,0.,0.));
#2442=DIRECTION('center_axis',(0.,0.,-1.));
#2443=DIRECTION('ref_axis',(1.,0.,0.));
#2444=DIRECTION('',(0.809016993741939,0.587785253163734,0.));
#2445=DIRECTION('center_axis',(0.587785253163734,-0.809016993741939,0.));
#2446=DIRECTION('ref_axis',(0.,0.,-1.));
#2447=DIRECTION('',(0.,0.,1.));
#2448=DIRECTION('',(0.,0.,-1.));
#2449=DIRECTION('',(0.809016993741939,0.587785253163734,0.));
#2450=DIRECTION('center_axis',(0.,0.,-1.));
#2451=DIRECTION('ref_axis',(-1.,0.,0.));
#2452=DIRECTION('center_axis',(0.,0.,-1.));
#2453=DIRECTION('ref_axis',(1.,0.,0.));
#2454=DIRECTION('center_axis',(0.,0.,1.));
#2455=DIRECTION('ref_axis',(1.,0.,0.));
#2456=DIRECTION('center_axis',(0.595845896364955,0.803098790800387,0.));
#2457=DIRECTION('ref_axis',(0.,0.,-1.));
#2458=DIRECTION('',(0.,0.,-1.));
#2459=DIRECTION('',(0.803098790800387,-0.595845896364955,0.));
#2460=DIRECTION('',(0.,0.,1.));
#2461=DIRECTION('',(0.803098790800387,-0.595845896364955,0.));
#2462=DIRECTION('center_axis',(0.,0.,1.));
#2463=DIRECTION('ref_axis',(1.,0.,0.));
#2464=DIRECTION('center_axis',(0.,0.,1.));
#2465=DIRECTION('ref_axis',(1.,0.,0.));
#2466=DIRECTION('center_axis',(0.,0.,-1.));
#2467=DIRECTION('ref_axis',(1.,0.,0.));
#2468=DIRECTION('',(0.809016995851967,-0.587785250259531,0.));
#2469=DIRECTION('center_axis',(-0.587785250259531,-0.809016995851967,0.));
#2470=DIRECTION('ref_axis',(0.,0.,1.));
#2471=DIRECTION('',(0.,0.,1.));
#2472=DIRECTION('',(0.,0.,-1.));
#2473=DIRECTION('',(0.809016995851967,-0.587785250259531,0.));
#2474=DIRECTION('center_axis',(0.,0.,-1.));
#2475=DIRECTION('ref_axis',(-1.,0.,0.));
#2476=DIRECTION('center_axis',(0.,0.,-1.));
#2477=DIRECTION('ref_axis',(1.,0.,0.));
#2478=DIRECTION('center_axis',(0.,0.,1.));
#2479=DIRECTION('ref_axis',(1.,0.,0.));
#2480=DIRECTION('center_axis',(0.954099081339186,0.299491140082177,0.));
#2481=DIRECTION('ref_axis',(0.,0.,-1.));
#2482=DIRECTION('',(0.,0.,-1.));
#2483=DIRECTION('',(0.299491140082177,-0.954099081339185,0.));
#2484=DIRECTION('',(0.,0.,1.));
#2485=DIRECTION('',(0.299491140082177,-0.954099081339185,0.));
#2486=DIRECTION('center_axis',(0.,0.,1.));
#2487=DIRECTION('ref_axis',(1.,0.,0.));
#2488=DIRECTION('center_axis',(0.,0.,1.));
#2489=DIRECTION('ref_axis',(1.,0.,0.));
#2490=DIRECTION('center_axis',(0.,0.,-1.));
#2491=DIRECTION('ref_axis',(1.,0.,0.));
#2492=DIRECTION('',(0.309016997447634,-0.951056515296777,0.));
#2493=DIRECTION('center_axis',(-0.951056515296777,-0.309016997447634,0.));
#2494=DIRECTION('ref_axis',(0.,0.,1.));
#2495=DIRECTION('',(0.,0.,1.));
#2496=DIRECTION('',(0.,0.,-1.));
#2497=DIRECTION('',(0.309016997447634,-0.951056515296777,0.));
#2498=DIRECTION('center_axis',(0.,0.,-1.));
#2499=DIRECTION('ref_axis',(-1.,0.,0.));
#2500=DIRECTION('center_axis',(0.,0.,-1.));
#2501=DIRECTION('ref_axis',(1.,0.,0.));
#2502=DIRECTION('center_axis',(0.,0.,1.));
#2503=DIRECTION('ref_axis',(1.,0.,0.));
#2504=DIRECTION('center_axis',(0.947918844395383,-0.31851195337086,0.));
#2505=DIRECTION('ref_axis',(0.,0.,-1.));
#2506=DIRECTION('',(0.,0.,-1.));
#2507=DIRECTION('',(-0.31851195337086,-0.947918844395383,0.));
#2508=DIRECTION('',(0.,0.,1.));
#2509=DIRECTION('',(-0.31851195337086,-0.947918844395383,0.));
#2510=DIRECTION('center_axis',(0.,0.,1.));
#2511=DIRECTION('ref_axis',(1.,0.,0.));
#2512=DIRECTION('center_axis',(0.,0.,1.));
#2513=DIRECTION('ref_axis',(1.,0.,0.));
#2514=DIRECTION('center_axis',(0.,0.,-1.));
#2515=DIRECTION('ref_axis',(1.,0.,0.));
#2516=DIRECTION('',(-0.309016997447635,-0.951056515296777,0.));
#2517=DIRECTION('center_axis',(-0.951056515296777,0.309016997447635,0.));
#2518=DIRECTION('ref_axis',(0.,0.,1.));
#2519=DIRECTION('',(0.,0.,1.));
#2520=DIRECTION('',(0.,0.,-1.));
#2521=DIRECTION('',(-0.309016997447635,-0.951056515296777,0.));
#2522=DIRECTION('center_axis',(0.,0.,-1.));
#2523=DIRECTION('ref_axis',(-1.,0.,0.));
#2524=DIRECTION('center_axis',(0.,0.,-1.));
#2525=DIRECTION('ref_axis',(1.,0.,0.));
#2526=DIRECTION('center_axis',(0.,0.,1.));
#2527=DIRECTION('ref_axis',(1.,0.,0.));
#2528=DIRECTION('center_axis',(0.00999983153935998,0.999950000434614,0.));
#2529=DIRECTION('ref_axis',(0.,0.,1.));
#2530=DIRECTION('',(0.,0.,-1.));
#2531=DIRECTION('',(0.999950000434614,-0.00999983153935997,0.));
#2532=DIRECTION('',(0.,0.,1.));
#2533=DIRECTION('',(0.999950000434614,-0.00999983153935998,0.));
#2534=DIRECTION('center_axis',(0.,0.,1.));
#2535=DIRECTION('ref_axis',(1.,0.,0.));
#2536=DIRECTION('center_axis',(0.,0.,1.));
#2537=DIRECTION('ref_axis',(1.,0.,0.));
#2538=DIRECTION('center_axis',(0.,0.,-1.));
#2539=DIRECTION('ref_axis',(1.,0.,0.));
#2540=DIRECTION('',(1.,1.7948963796736E-9,0.));
#2541=DIRECTION('center_axis',(1.7948963796736E-9,-1.,0.));
#2542=DIRECTION('ref_axis',(0.,0.,-1.));
#2543=DIRECTION('',(0.,0.,1.));
#2544=DIRECTION('',(0.,0.,-1.));
#2545=DIRECTION('',(1.,1.7948963796736E-9,0.));
#2546=DIRECTION('center_axis',(0.,0.,-1.));
#2547=DIRECTION('ref_axis',(-1.,0.,0.));
#2548=DIRECTION('center_axis',(0.,0.,-1.));
#2549=DIRECTION('ref_axis',(1.,0.,0.));
#2550=DIRECTION('center_axis',(0.,0.,1.));
#2551=DIRECTION('ref_axis',(1.,0.,0.));
#2552=DIRECTION('center_axis',(0.31851194826661,0.947918846110472,0.));
#2553=DIRECTION('ref_axis',(0.,0.,1.));
#2554=DIRECTION('',(0.,0.,-1.));
#2555=DIRECTION('',(0.947918846110472,-0.31851194826661,0.));
#2556=DIRECTION('',(0.,0.,1.));
#2557=DIRECTION('',(0.947918846110472,-0.31851194826661,0.));
#2558=DIRECTION('center_axis',(0.,0.,1.));
#2559=DIRECTION('ref_axis',(1.,0.,0.));
#2560=DIRECTION('center_axis',(0.,0.,1.));
#2561=DIRECTION('ref_axis',(1.,0.,0.));
#2562=DIRECTION('center_axis',(0.,0.,-1.));
#2563=DIRECTION('ref_axis',(1.,0.,0.));
#2564=DIRECTION('',(0.951056516960738,-0.30901699232649,0.));
#2565=DIRECTION('center_axis',(-0.30901699232649,-0.951056516960738,0.));
#2566=DIRECTION('ref_axis',(0.,0.,-1.));
#2567=DIRECTION('',(0.,0.,1.));
#2568=DIRECTION('',(0.,0.,-1.));
#2569=DIRECTION('',(0.951056516960738,-0.30901699232649,0.));
#2570=DIRECTION('center_axis',(0.,0.,-1.));
#2571=DIRECTION('ref_axis',(-1.,0.,0.));
#2572=DIRECTION('center_axis',(0.,0.,-1.));
#2573=DIRECTION('ref_axis',(1.,0.,0.));
#2574=DIRECTION('center_axis',(0.,0.,1.));
#2575=DIRECTION('ref_axis',(1.,0.,0.));
#2576=DIRECTION('center_axis',(-0.318511951669443,-0.94791884496708,0.));
#2577=DIRECTION('ref_axis',(0.,0.,-1.));
#2578=DIRECTION('',(0.,0.,-1.));
#2579=DIRECTION('',(-0.94791884496708,0.318511951669443,0.));
#2580=DIRECTION('',(0.,0.,1.));
#2581=DIRECTION('',(-0.94791884496708,0.318511951669443,0.));
#2582=DIRECTION('center_axis',(0.,0.,1.));
#2583=DIRECTION('ref_axis',(1.,0.,0.));
#2584=DIRECTION('center_axis',(0.,0.,1.));
#2585=DIRECTION('ref_axis',(1.,0.,0.));
#2586=DIRECTION('center_axis',(0.,0.,-1.));
#2587=DIRECTION('ref_axis',(1.,0.,0.));
#2588=DIRECTION('',(-0.951056515851431,0.309016995740586,0.));
#2589=DIRECTION('center_axis',(0.309016995740586,0.951056515851431,0.));
#2590=DIRECTION('ref_axis',(0.,0.,1.));
#2591=DIRECTION('',(0.,0.,1.));
#2592=DIRECTION('',(0.,0.,-1.));
#2593=DIRECTION('',(-0.951056515851431,0.309016995740586,0.));
#2594=DIRECTION('center_axis',(0.,0.,-1.));
#2595=DIRECTION('ref_axis',(-1.,0.,0.));
#2596=DIRECTION('center_axis',(0.,0.,-1.));
#2597=DIRECTION('ref_axis',(1.,0.,0.));
#2598=DIRECTION('center_axis',(0.,0.,1.));
#2599=DIRECTION('ref_axis',(1.,0.,0.));
#2600=DIRECTION('center_axis',(-0.954099082414297,-0.299491136657158,0.));
#2601=DIRECTION('ref_axis',(0.,0.,1.));
#2602=DIRECTION('',(0.,0.,-1.));
#2603=DIRECTION('',(-0.299491136657158,0.954099082414297,0.));
#2604=DIRECTION('',(0.,0.,1.));
#2605=DIRECTION('',(-0.299491136657158,0.954099082414297,0.));
#2606=DIRECTION('center_axis',(0.,0.,1.));
#2607=DIRECTION('ref_axis',(1.,0.,0.));
#2608=DIRECTION('center_axis',(0.,0.,1.));
#2609=DIRECTION('ref_axis',(1.,0.,0.));
#2610=DIRECTION('center_axis',(0.,0.,-1.));
#2611=DIRECTION('ref_axis',(1.,0.,0.));
#2612=DIRECTION('',(-0.309016994033537,0.951056516406084,0.));
#2613=DIRECTION('center_axis',(0.951056516406085,0.309016994033537,0.));
#2614=DIRECTION('ref_axis',(0.,0.,-1.));
#2615=DIRECTION('',(0.,0.,1.));
#2616=DIRECTION('',(0.,0.,-1.));
#2617=DIRECTION('',(-0.309016994033537,0.951056516406084,0.));
#2618=DIRECTION('center_axis',(0.,0.,-1.));
#2619=DIRECTION('ref_axis',(-1.,0.,0.));
#2620=DIRECTION('center_axis',(0.,0.,-1.));
#2621=DIRECTION('ref_axis',(1.,0.,0.));
#2622=DIRECTION('center_axis',(0.,0.,1.));
#2623=DIRECTION('ref_axis',(1.,0.,0.));
#2624=DIRECTION('center_axis',(-0.947918845538776,0.318511949968027,0.));
#2625=DIRECTION('ref_axis',(0.,0.,1.));
#2626=DIRECTION('',(0.,0.,-1.));
#2627=DIRECTION('',(0.318511949968027,0.947918845538776,0.));
#2628=DIRECTION('',(0.,0.,1.));
#2629=DIRECTION('',(0.318511949968027,0.947918845538776,0.));
#2630=DIRECTION('center_axis',(0.,0.,1.));
#2631=DIRECTION('ref_axis',(1.,0.,0.));
#2632=DIRECTION('center_axis',(0.,0.,1.));
#2633=DIRECTION('ref_axis',(1.,0.,0.));
#2634=DIRECTION('center_axis',(0.,0.,-1.));
#2635=DIRECTION('ref_axis',(1.,0.,0.));
#2636=DIRECTION('',(0.309016994033538,0.951056516406084,0.));
#2637=DIRECTION('center_axis',(0.951056516406084,-0.309016994033538,0.));
#2638=DIRECTION('ref_axis',(0.,0.,-1.));
#2639=DIRECTION('',(0.,0.,1.));
#2640=DIRECTION('',(0.,0.,-1.));
#2641=DIRECTION('',(0.309016994033538,0.951056516406084,0.));
#2642=DIRECTION('center_axis',(0.,0.,-1.));
#2643=DIRECTION('ref_axis',(-1.,0.,0.));
#2644=DIRECTION('center_axis',(0.,0.,-1.));
#2645=DIRECTION('ref_axis',(1.,0.,0.));
#2646=DIRECTION('center_axis',(0.,0.,1.));
#2647=DIRECTION('ref_axis',(1.,0.,0.));
#2648=DIRECTION('center_axis',(-0.595845899247914,-0.803098788661423,0.));
#2649=DIRECTION('ref_axis',(0.,0.,1.));
#2650=DIRECTION('',(0.,0.,-1.));
#2651=DIRECTION('',(-0.803098788661423,0.595845899247914,0.));
#2652=DIRECTION('',(0.,0.,1.));
#2653=DIRECTION('',(-0.803098788661423,0.595845899247914,0.));
#2654=DIRECTION('center_axis',(0.,0.,1.));
#2655=DIRECTION('ref_axis',(1.,0.,0.));
#2656=DIRECTION('center_axis',(0.,0.,1.));
#2657=DIRECTION('ref_axis',(1.,0.,0.));
#2658=DIRECTION('center_axis',(0.,0.,-1.));
#2659=DIRECTION('ref_axis',(1.,0.,0.));
#2660=DIRECTION('',(-0.809016993741939,0.587785253163734,0.));
#2661=DIRECTION('center_axis',(0.587785253163734,0.809016993741939,0.));
#2662=DIRECTION('ref_axis',(0.,0.,-1.));
#2663=DIRECTION('',(0.,0.,1.));
#2664=DIRECTION('',(0.,0.,-1.));
#2665=DIRECTION('',(-0.809016993741939,0.587785253163734,0.));
#2666=DIRECTION('center_axis',(0.,0.,-1.));
#2667=DIRECTION('ref_axis',(-1.,0.,0.));
#2668=DIRECTION('center_axis',(0.,0.,-1.));
#2669=DIRECTION('ref_axis',(1.,0.,0.));
#2670=DIRECTION('center_axis',(0.,0.,1.));
#2671=DIRECTION('ref_axis',(1.,0.,0.));
#2672=DIRECTION('center_axis',(-0.00999983512897362,-0.999950000398717,
0.));
#2673=DIRECTION('ref_axis',(0.,0.,-1.));
#2674=DIRECTION('',(0.,0.,-1.));
#2675=DIRECTION('',(-0.999950000398717,0.0099998351289735,0.));
#2676=DIRECTION('',(0.,0.,1.));
#2677=DIRECTION('',(-0.999950000398717,0.00999983512897362,0.));
#2678=DIRECTION('center_axis',(0.,0.,1.));
#2679=DIRECTION('ref_axis',(1.,0.,0.));
#2680=DIRECTION('center_axis',(0.,0.,1.));
#2681=DIRECTION('ref_axis',(1.,0.,0.));
#2682=DIRECTION('center_axis',(0.,0.,-1.));
#2683=DIRECTION('ref_axis',(1.,0.,0.));
#2684=DIRECTION('',(-1.,1.79489667573307E-9,0.));
#2685=DIRECTION('center_axis',(1.79489667573307E-9,1.,0.));
#2686=DIRECTION('ref_axis',(0.,0.,1.));
#2687=DIRECTION('',(0.,0.,1.));
#2688=DIRECTION('',(0.,0.,-1.));
#2689=DIRECTION('',(-1.,1.79489667573307E-9,0.));
#2690=DIRECTION('center_axis',(0.,0.,-1.));
#2691=DIRECTION('ref_axis',(-1.,0.,0.));
#2692=DIRECTION('center_axis',(0.,0.,-1.));
#2693=DIRECTION('ref_axis',(1.,0.,0.));
#2694=DIRECTION('center_axis',(0.,0.,1.));
#2695=DIRECTION('ref_axis',(1.,0.,0.));
#2696=DIRECTION('center_axis',(0.,0.,1.));
#2697=DIRECTION('ref_axis',(1.,0.,0.));
#2698=DIRECTION('center_axis',(0.,0.,1.));
#2699=DIRECTION('ref_axis',(1.,0.,0.));
#2700=DIRECTION('',(-0.00999983692378059,-0.999950000380768,0.));
#2701=DIRECTION('center_axis',(0.,0.,-1.));
#2702=DIRECTION('ref_axis',(1.,0.,0.));
#2703=DIRECTION('',(-3.58979353650331E-9,-1.,0.));
#2704=DIRECTION('center_axis',(-1.,3.58979335146614E-9,0.));
#2705=DIRECTION('ref_axis',(0.,0.,1.));
#2706=DIRECTION('',(0.,0.,1.));
#2707=DIRECTION('',(0.,0.,-1.));
#2708=DIRECTION('',(-3.58979353516316E-9,-1.,0.));
#2709=DIRECTION('center_axis',(0.,0.,-1.));
#2710=DIRECTION('ref_axis',(-1.,0.,0.));
#2711=DIRECTION('center_axis',(0.,0.,-1.));
#2712=DIRECTION('ref_axis',(1.,0.,0.));
#2713=DIRECTION('center_axis',(0.,0.,1.));
#2714=DIRECTION('ref_axis',(1.,0.,0.));
#2715=DIRECTION('',(-0.0099998369237805,-0.999950000380768,0.));
#2716=DIRECTION('center_axis',(0.999950000380768,-0.00999983692378059,0.));
#2717=DIRECTION('ref_axis',(0.,0.,-1.));
#2718=DIRECTION('',(0.,0.,-1.));
#2719=DIRECTION('',(0.,0.,1.));
#2720=DIRECTION('center_axis',(0.579665826118899,-0.81485429987814,0.));
#2721=DIRECTION('ref_axis',(0.,0.,-1.));
#2722=DIRECTION('',(0.,0.,-1.));
#2723=DIRECTION('',(-0.81485429987814,-0.579665826118899,0.));
#2724=DIRECTION('',(0.,0.,1.));
#2725=DIRECTION('',(-0.81485429987814,-0.579665826118899,0.));
#2726=DIRECTION('center_axis',(0.,0.,1.));
#2727=DIRECTION('ref_axis',(1.,0.,0.));
#2728=DIRECTION('center_axis',(0.,0.,1.));
#2729=DIRECTION('ref_axis',(1.,0.,0.));
#2730=DIRECTION('center_axis',(0.,0.,-1.));
#2731=DIRECTION('ref_axis',(1.,0.,0.));
#2732=DIRECTION('',(-0.809016995851967,-0.58778525025953,0.));
#2733=DIRECTION('center_axis',(-0.58778525025953,0.809016995851967,0.));
#2734=DIRECTION('ref_axis',(0.,0.,1.));
#2735=DIRECTION('',(0.,0.,1.));
#2736=DIRECTION('',(0.,0.,-1.));
#2737=DIRECTION('',(-0.809016995851967,-0.58778525025953,0.));
#2738=DIRECTION('center_axis',(0.,0.,-1.));
#2739=DIRECTION('ref_axis',(-1.,0.,0.));
#2740=DIRECTION('center_axis',(0.,0.,-1.));
#2741=DIRECTION('ref_axis',(1.,0.,0.));
#2742=DIRECTION('center_axis',(0.,0.,1.));
#2743=DIRECTION('ref_axis',(1.,0.,0.));
#2744=DIRECTION('center_axis',(0.,0.,1.));
#2745=DIRECTION('ref_axis',(0.951056516295154,0.309016994374947,0.));
#2746=DIRECTION('center_axis',(0.,0.,1.));
#2747=DIRECTION('ref_axis',(0.309016994374947,-0.951056516295154,0.));
#2748=DIRECTION('',(0.,0.,1.));
#2749=DIRECTION('center_axis',(0.,0.,1.));
#2750=DIRECTION('ref_axis',(0.309016994374947,-0.951056516295154,0.));
#2751=DIRECTION('',(0.,0.,-1.));
#2752=DIRECTION('center_axis',(0.,0.,1.));
#2753=DIRECTION('ref_axis',(0.587785252292473,-0.809016994374947,0.));
#2754=DIRECTION('center_axis',(0.,0.,1.));
#2755=DIRECTION('ref_axis',(-0.809016994374947,-0.587785252292473,0.));
#2756=DIRECTION('',(0.,0.,1.));
#2757=DIRECTION('center_axis',(0.,0.,1.));
#2758=DIRECTION('ref_axis',(-0.809016994374947,-0.587785252292473,0.));
#2759=DIRECTION('',(0.,0.,-1.));
#2760=DIRECTION('center_axis',(0.,0.,1.));
#2761=DIRECTION('ref_axis',(-0.587785252292473,-0.809016994374947,0.));
#2762=DIRECTION('center_axis',(0.,0.,1.));
#2763=DIRECTION('ref_axis',(-0.809016994374947,0.587785252292473,0.));
#2764=DIRECTION('',(0.,0.,1.));
#2765=DIRECTION('center_axis',(0.,0.,1.));
#2766=DIRECTION('ref_axis',(-0.809016994374947,0.587785252292473,0.));
#2767=DIRECTION('',(0.,0.,-1.));
#2768=DIRECTION('center_axis',(0.,0.,1.));
#2769=DIRECTION('ref_axis',(-0.951056516295154,0.309016994374948,0.));
#2770=DIRECTION('center_axis',(0.,0.,1.));
#2771=DIRECTION('ref_axis',(0.309016994374947,0.951056516295154,0.));
#2772=DIRECTION('',(0.,0.,1.));
#2773=DIRECTION('center_axis',(0.,0.,1.));
#2774=DIRECTION('ref_axis',(0.309016994374947,0.951056516295154,0.));
#2775=DIRECTION('',(0.,0.,-1.));
#2776=DIRECTION('center_axis',(0.,0.,-1.));
#2777=DIRECTION('ref_axis',(1.,0.,0.));
#2778=DIRECTION('center_axis',(0.,0.,1.));
#2779=DIRECTION('ref_axis',(1.,0.,0.));
#2780=DIRECTION('',(0.,0.,1.));
#2781=DIRECTION('center_axis',(0.,0.,-1.));
#2782=DIRECTION('ref_axis',(1.,0.,0.));
#2783=DIRECTION('center_axis',(0.,0.,-1.));
#2784=DIRECTION('ref_axis',(-0.951056516295154,-0.309016994374948,0.));
#2785=DIRECTION('center_axis',(0.,0.,1.));
#2786=DIRECTION('ref_axis',(1.,0.,0.));
#2787=DIRECTION('center_axis',(0.,0.,-1.));
#2788=DIRECTION('ref_axis',(1.,0.,0.));
#2789=DIRECTION('center_axis',(0.,0.,-1.));
#2790=DIRECTION('ref_axis',(1.,0.,0.));
#2791=DIRECTION('center_axis',(0.,0.,1.));
#2792=DIRECTION('ref_axis',(1.,0.,0.));
#2793=DIRECTION('center_axis',(0.,0.,-1.));
#2794=DIRECTION('ref_axis',(1.,0.,0.));
#2795=DIRECTION('center_axis',(0.,0.,-1.));
#2796=DIRECTION('ref_axis',(1.,0.,0.));
#2797=DIRECTION('center_axis',(0.,0.,1.));
#2798=DIRECTION('ref_axis',(1.,0.,0.));
#2799=DIRECTION('center_axis',(0.,0.,-1.));
#2800=DIRECTION('ref_axis',(1.,0.,0.));
#2801=DIRECTION('center_axis',(0.,0.,1.));
#2802=DIRECTION('ref_axis',(6.12323399573677E-17,1.,0.));
#2803=DIRECTION('center_axis',(0.,0.,1.));
#2804=DIRECTION('ref_axis',(1.,0.,0.));
#2805=DIRECTION('center_axis',(0.,0.,1.));
#2806=DIRECTION('ref_axis',(1.,0.,0.));
#2807=DIRECTION('',(0.,0.,-1.));
#2808=DIRECTION('center_axis',(0.,0.,-1.));
#2809=DIRECTION('ref_axis',(-1.,0.,0.));
#2810=DIRECTION('center_axis',(0.,0.,-1.));
#2811=DIRECTION('ref_axis',(1.,0.,0.));
#2812=DIRECTION('center_axis',(0.,0.,1.));
#2813=DIRECTION('ref_axis',(1.,0.,0.));
#2814=DIRECTION('center_axis',(0.,0.,-1.));
#2815=DIRECTION('ref_axis',(1.,0.,0.));
#2816=DIRECTION('center_axis',(0.,0.,-1.));
#2817=DIRECTION('ref_axis',(1.,0.,0.));
#2818=DIRECTION('center_axis',(0.,0.,1.));
#2819=DIRECTION('ref_axis',(1.,0.,0.));
#2820=DIRECTION('',(-0.034899496702501,4.27395569285714E-18,0.999390827019096));
#2821=DIRECTION('center_axis',(0.,0.,-1.));
#2822=DIRECTION('ref_axis',(1.,0.,0.));
#2823=DIRECTION('center_axis',(0.,0.,1.));
#2824=DIRECTION('ref_axis',(1.,0.,0.));
#2825=DIRECTION('center_axis',(0.,0.,1.));
#2826=DIRECTION('ref_axis',(1.,0.,0.));
#2827=DIRECTION('center_axis',(0.,0.,1.));
#2828=DIRECTION('ref_axis',(1.,0.,0.));
#2829=DIRECTION('center_axis',(0.,0.,-1.));
#2830=DIRECTION('ref_axis',(1.,0.,0.));
#2831=DIRECTION('',(0.,0.,-1.));
#2832=DIRECTION('center_axis',(0.,0.,-1.));
#2833=DIRECTION('ref_axis',(1.,0.,0.));
#2834=DIRECTION('center_axis',(0.,0.,1.));
#2835=DIRECTION('ref_axis',(1.,0.,0.));
#2836=DIRECTION('',(0.,0.,-1.));
#2837=DIRECTION('center_axis',(0.,0.,1.));
#2838=DIRECTION('ref_axis',(1.,0.,0.));
#2839=DIRECTION('center_axis',(0.,0.,1.));
#2840=DIRECTION('ref_axis',(1.,0.,0.));
#2841=DIRECTION('center_axis',(0.,0.,1.));
#2842=DIRECTION('ref_axis',(1.,0.,0.));
#2843=DIRECTION('',(0.,0.,-1.));
#2844=DIRECTION('',(0.,0.,-1.));
#2845=DIRECTION('center_axis',(0.,0.,1.));
#2846=DIRECTION('ref_axis',(1.,0.,0.));
#2847=DIRECTION('center_axis',(0.,0.,1.));
#2848=DIRECTION('ref_axis',(1.,0.,0.));
#2849=DIRECTION('',(0.,0.,-1.));
#2850=DIRECTION('',(0.,0.,-1.));
#2851=DIRECTION('center_axis',(0.,0.,1.));
#2852=DIRECTION('ref_axis',(1.,0.,0.));
#2853=CARTESIAN_POINT('',(0.,0.,0.));
#2854=CARTESIAN_POINT('Origin',(0.,0.,11.));
#2855=CARTESIAN_POINT('',(-29.6,-3.62495452547617E-15,11.));
#2856=CARTESIAN_POINT('Origin',(0.,0.,11.));
#2857=CARTESIAN_POINT('',(-10.,-1.22464679914735E-15,11.));
#2858=CARTESIAN_POINT('Origin',(0.,0.,11.));
#2859=CARTESIAN_POINT('Origin',(0.,0.,0.));
#2860=CARTESIAN_POINT('',(-30.,-3.67394039744206E-15,0.));
#2861=CARTESIAN_POINT('Origin',(0.,0.,0.));
#2862=CARTESIAN_POINT('',(-29.6,3.62495452547617E-15,0.));
#2863=CARTESIAN_POINT('Origin',(0.,0.,0.));
#2864=CARTESIAN_POINT('Origin',(28.6229724563022,8.98473415109006,4.20000000000002));
#2865=CARTESIAN_POINT('',(28.2413328235515,8.86493769574219,4.40005000000002));
#2866=CARTESIAN_POINT('',(28.2413328235515,8.86493769574219,3.99995000000002));
#2867=CARTESIAN_POINT('',(28.2413328235515,8.86493769574219,0.));
#2868=CARTESIAN_POINT('',(28.6229724563022,8.98473415109006,4.40005000000002));
#2869=CARTESIAN_POINT('',(28.6229724563022,8.98473415109006,4.40005000000002));
#2870=CARTESIAN_POINT('',(28.6229724563022,8.98473415109006,3.99995000000002));
#2871=CARTESIAN_POINT('',(28.6229724563022,8.98473415109006,0.));
#2872=CARTESIAN_POINT('',(28.6229724563022,8.98473415109006,3.99995000000002));
#2873=CARTESIAN_POINT('Origin',(28.5776911863182,9.12773610811747,3.99995000000002));
#2874=CARTESIAN_POINT('',(28.1512728692023,9.14690307392135,3.99995000000001));
#2875=CARTESIAN_POINT('Origin',(0.,0.,3.99995000000002));
#2876=CARTESIAN_POINT('',(28.5316954755429,9.27050987221759,3.99995000000001));
#2877=CARTESIAN_POINT('Origin',(0.,0.,3.99995000000002));
#2878=CARTESIAN_POINT('',(28.5316954755429,9.27050987221759,3.99995000000001));
#2879=CARTESIAN_POINT('Origin',(28.5316954755429,9.27050987221759,4.20000000000002));
#2880=CARTESIAN_POINT('',(28.1512728692023,9.14690307392135,4.40005000000002));
#2881=CARTESIAN_POINT('',(28.1512728692023,9.14690307392135,0.));
#2882=CARTESIAN_POINT('',(28.5316954755429,9.27050987221759,4.40005000000002));
#2883=CARTESIAN_POINT('',(28.5316954755429,9.27050987221759,0.));
#2884=CARTESIAN_POINT('',(28.5316954755429,9.27050987221759,4.40005000000002));
#2885=CARTESIAN_POINT('Origin',(28.5776911863182,9.12773610811747,4.40005000000002));
#2886=CARTESIAN_POINT('Origin',(0.,0.,4.40005000000002));
#2887=CARTESIAN_POINT('Origin',(0.,0.,4.40005000000002));
#2888=CARTESIAN_POINT('Origin',(-28.6229724885556,-8.98473404833948,8.2));
#2889=CARTESIAN_POINT('',(-28.2413328553748,-8.86493759436162,8.40005000000001));
#2890=CARTESIAN_POINT('',(-28.2413328553748,-8.86493759436162,7.99995000000001));
#2891=CARTESIAN_POINT('',(-28.2413328553748,-8.86493759436162,0.));
#2892=CARTESIAN_POINT('',(-28.6229724885556,-8.98473404833948,8.40005000000001));
#2893=CARTESIAN_POINT('',(-28.6229724885556,-8.98473404833948,8.40005000000001));
#2894=CARTESIAN_POINT('',(-28.6229724885556,-8.98473404833948,7.99995000000001));
#2895=CARTESIAN_POINT('',(-28.6229724885556,-8.98473404833948,0.));
#2896=CARTESIAN_POINT('',(-28.6229724885556,-8.98473404833948,7.99995000000001));
#2897=CARTESIAN_POINT('Origin',(-28.5776912190849,-9.12773600552945,7.99995000000001));
#2898=CARTESIAN_POINT('',(-28.1512729020378,-9.14690297286408,7.99995));
#2899=CARTESIAN_POINT('Origin',(0.,0.,7.99995000000001));
#2900=CARTESIAN_POINT('',(-28.5316955088221,-9.27050976979467,7.99995));
#2901=CARTESIAN_POINT('Origin',(0.,0.,7.99995000000001));
#2902=CARTESIAN_POINT('',(-28.5316955088221,-9.27050976979467,7.99995));
#2903=CARTESIAN_POINT('Origin',(-28.5316955088221,-9.27050976979467,8.2));
#2904=CARTESIAN_POINT('',(-28.1512729020378,-9.14690297286408,8.40005000000001));
#2905=CARTESIAN_POINT('',(-28.1512729020378,-9.14690297286408,0.));
#2906=CARTESIAN_POINT('',(-28.5316955088221,-9.27050976979467,8.40005000000001));
#2907=CARTESIAN_POINT('',(-28.5316955088221,-9.27050976979468,0.));
#2908=CARTESIAN_POINT('',(-28.5316955088221,-9.27050976979467,8.40005000000001));
#2909=CARTESIAN_POINT('Origin',(-28.5776912190849,-9.12773600552945,8.40005000000001));
#2910=CARTESIAN_POINT('Origin',(0.,0.,8.40005000000001));
#2911=CARTESIAN_POINT('Origin',(0.,0.,8.40005000000001));
#2912=CARTESIAN_POINT('Origin',(17.3899749151991,-24.4456289027046,2.60000000000002));
#2913=CARTESIAN_POINT('',(17.1581085829964,-24.1196871840019,2.80005000000002));
#2914=CARTESIAN_POINT('',(17.1581085829964,-24.1196871840019,2.39995000000002));
#2915=CARTESIAN_POINT('',(17.1581085829964,-24.1196871840019,0.));
#2916=CARTESIAN_POINT('',(17.3899749151991,-24.4456289027046,2.80005000000002));
#2917=CARTESIAN_POINT('',(17.3899749151991,-24.4456289027046,2.80005000000002));
#2918=CARTESIAN_POINT('',(17.3899749151991,-24.4456289027046,2.39995000000002));
#2919=CARTESIAN_POINT('',(17.3899749151991,-24.4456289027046,0.));
#2920=CARTESIAN_POINT('',(17.3899749151991,-24.4456289027046,2.39995000000002));
#2921=CARTESIAN_POINT('Origin',(17.5119851761957,-24.3583738206946,2.39995000000002));
#2922=CARTESIAN_POINT('',(17.3984435366287,-23.946902983533,2.39995000000002));
#2923=CARTESIAN_POINT('Origin',(0.,0.,2.39995000000002));
#2924=CARTESIAN_POINT('',(17.6335576384751,-24.2705097806078,2.39995000000002));
#2925=CARTESIAN_POINT('Origin',(0.,0.,2.39995000000002));
#2926=CARTESIAN_POINT('',(17.6335576384751,-24.2705097806078,2.39995000000002));
#2927=CARTESIAN_POINT('Origin',(17.6335576384751,-24.2705097806078,2.60000000000002));
#2928=CARTESIAN_POINT('',(17.3984435366287,-23.946902983533,2.80005000000002));
#2929=CARTESIAN_POINT('',(17.3984435366287,-23.946902983533,0.));
#2930=CARTESIAN_POINT('',(17.6335576384751,-24.2705097806078,2.80005000000002));
#2931=CARTESIAN_POINT('',(17.6335576384751,-24.2705097806078,0.));
#2932=CARTESIAN_POINT('',(17.6335576384751,-24.2705097806078,2.80005000000002));
#2933=CARTESIAN_POINT('Origin',(17.5119851761957,-24.3583738206946,2.80005000000002));
#2934=CARTESIAN_POINT('Origin',(0.,0.,2.80005000000002));
#2935=CARTESIAN_POINT('Origin',(0.,0.,2.80005000000002));
#2936=CARTESIAN_POINT('Origin',(-17.8753770206818,-24.0929636277582,9.));
#2937=CARTESIAN_POINT('',(-17.637038660406,-23.7717241127215,9.20005));
#2938=CARTESIAN_POINT('',(-17.637038660406,-23.7717241127215,8.79995));
#2939=CARTESIAN_POINT('',(-17.637038660406,-23.7717241127215,0.));
#2940=CARTESIAN_POINT('',(-17.8753770206818,-24.0929636277582,9.20005));
#2941=CARTESIAN_POINT('',(-17.8753770206818,-24.0929636277582,9.20005));
#2942=CARTESIAN_POINT('',(-17.8753770206818,-24.0929636277582,8.79995));
#2943=CARTESIAN_POINT('',(-17.8753770206818,-24.0929636277582,0.));
#2944=CARTESIAN_POINT('',(-17.8753770206818,-24.0929636277582,8.79995));
#2945=CARTESIAN_POINT('Origin',(-17.7546892627319,-24.1820389790405,8.79995));
#2946=CARTESIAN_POINT('',(-17.3984435366287,-23.946902983533,8.79995));
#2947=CARTESIAN_POINT('Origin',(0.,0.,8.79995));
#2948=CARTESIAN_POINT('',(-17.6335576384751,-24.2705097806078,8.79995));
#2949=CARTESIAN_POINT('Origin',(0.,0.,8.79995));
#2950=CARTESIAN_POINT('',(-17.6335576384751,-24.2705097806078,8.79995));
#2951=CARTESIAN_POINT('Origin',(-17.6335576384751,-24.2705097806078,9.));
#2952=CARTESIAN_POINT('',(-17.3984435366287,-23.946902983533,9.20005));
#2953=CARTESIAN_POINT('',(-17.3984435366287,-23.946902983533,0.));
#2954=CARTESIAN_POINT('',(-17.6335576384751,-24.2705097806078,9.20005));
#2955=CARTESIAN_POINT('',(-17.6335576384751,-24.2705097806078,0.));
#2956=CARTESIAN_POINT('',(-17.6335576384751,-24.2705097806078,9.20005));
#2957=CARTESIAN_POINT('Origin',(-17.7546892627319,-24.1820389790405,9.20005));
#2958=CARTESIAN_POINT('Origin',(0.,0.,9.20005));
#2959=CARTESIAN_POINT('Origin',(0.,0.,9.20005));
#2960=CARTESIAN_POINT('Origin',(0.299995000024995,29.9985000125,5.80000000000001));
#2961=CARTESIAN_POINT('',(0.295995066691329,29.5985200123333,6.00005000000001));
#2962=CARTESIAN_POINT('',(0.295995066691329,29.5985200123333,5.59995000000001));
#2963=CARTESIAN_POINT('',(0.295995066691329,29.5985200123333,0.));
#2964=CARTESIAN_POINT('',(0.299995000024995,29.9985000125,6.00005000000001));
#2965=CARTESIAN_POINT('',(0.299995000024995,29.9985000125,6.00005000000001));
#2966=CARTESIAN_POINT('',(0.299995000024995,29.9985000125,5.59995000000001));
#2967=CARTESIAN_POINT('',(0.299995000024995,29.9985000125,0.));
#2968=CARTESIAN_POINT('',(0.299995000024995,29.9985000125,5.59995000000001));
#2969=CARTESIAN_POINT('Origin',(0.14999937500078,29.9996250007813,5.59995000000001));
#2970=CARTESIAN_POINT('',(1.77821115426888E-15,29.6,5.59995000000001));
#2971=CARTESIAN_POINT('Origin',(0.,0.,5.59995000000001));
#2972=CARTESIAN_POINT('',(1.80224103473197E-15,30.,5.59995000000001));
#2973=CARTESIAN_POINT('Origin',(0.,0.,5.59995000000001));
#2974=CARTESIAN_POINT('',(1.80224103473197E-15,30.,5.59995000000001));
#2975=CARTESIAN_POINT('Origin',(1.83697019872103E-15,30.,5.80000000000001));
#2976=CARTESIAN_POINT('',(1.84674337120728E-15,29.6,6.00005000000001));
#2977=CARTESIAN_POINT('',(8.05583230563518E-16,29.6,0.));
#2978=CARTESIAN_POINT('',(1.87169936271009E-15,30.,6.00005000000001));
#2979=CARTESIAN_POINT('',(8.30076166546465E-16,30.,0.));
#2980=CARTESIAN_POINT('',(1.87169936271009E-15,30.,6.00005000000001));
#2981=CARTESIAN_POINT('Origin',(0.14999937500078,29.9996250007812,6.00005000000001));
#2982=CARTESIAN_POINT('Origin',(0.,0.,6.00005000000001));
#2983=CARTESIAN_POINT('Origin',(0.,0.,6.00005000000001));
#2984=CARTESIAN_POINT('Origin',(17.875376934193,24.0929636919271,5.00000000000001));
#2985=CARTESIAN_POINT('',(17.6370385750705,23.7717241760348,5.20005000000001));
#2986=CARTESIAN_POINT('',(17.6370385750705,23.7717241760348,4.79995000000001));
#2987=CARTESIAN_POINT('',(17.6370385750705,23.7717241760348,0.));
#2988=CARTESIAN_POINT('',(17.875376934193,24.0929636919271,5.20005000000001));
#2989=CARTESIAN_POINT('',(17.875376934193,24.0929636919271,5.20005000000001));
#2990=CARTESIAN_POINT('',(17.875376934193,24.0929636919271,4.79995000000001));
#2991=CARTESIAN_POINT('',(17.875376934193,24.0929636919271,0.));
#2992=CARTESIAN_POINT('',(17.875376934193,24.0929636919271,4.79995000000001));
#2993=CARTESIAN_POINT('Origin',(17.7546891759233,24.1820390427762,4.79995000000001));
#2994=CARTESIAN_POINT('',(17.3984434506643,23.9469030459898,4.79995000000001));
#2995=CARTESIAN_POINT('Origin',(0.,0.,4.79995000000001));
#2996=CARTESIAN_POINT('',(17.633557551349,24.2705098439086,4.79995000000001));
#2997=CARTESIAN_POINT('Origin',(0.,0.,4.79995000000001));
#2998=CARTESIAN_POINT('',(17.633557551349,24.2705098439086,4.79995000000001));
#2999=CARTESIAN_POINT('Origin',(17.633557551349,24.2705098439086,5.00000000000001));
#3000=CARTESIAN_POINT('',(17.3984434506643,23.9469030459898,5.20005000000001));
#3001=CARTESIAN_POINT('',(17.3984434506643,23.9469030459898,0.));
#3002=CARTESIAN_POINT('',(17.633557551349,24.2705098439086,5.20005000000001));
#3003=CARTESIAN_POINT('',(17.633557551349,24.2705098439086,0.));
#3004=CARTESIAN_POINT('',(17.633557551349,24.2705098439086,5.20005000000001));
#3005=CARTESIAN_POINT('Origin',(17.7546891759233,24.1820390427762,5.20005000000001));
#3006=CARTESIAN_POINT('Origin',(0.,0.,5.20005000000001));
#3007=CARTESIAN_POINT('Origin',(0.,0.,5.20005000000001));
#3008=CARTESIAN_POINT('Origin',(-17.3899748274443,24.445628965131,6.60000000000001));
#3009=CARTESIAN_POINT('',(-17.1581084964118,24.1196872455959,6.80005000000001));
#3010=CARTESIAN_POINT('',(-17.1581084964118,24.1196872455959,6.39995000000001));
#3011=CARTESIAN_POINT('',(-17.1581084964118,24.1196872455959,0.));
#3012=CARTESIAN_POINT('',(-17.3899748274443,24.445628965131,6.80005000000001));
#3013=CARTESIAN_POINT('',(-17.3899748274443,24.445628965131,6.80005000000001));
#3014=CARTESIAN_POINT('',(-17.3899748274443,24.445628965131,6.39995000000001));
#3015=CARTESIAN_POINT('',(-17.3899748274443,24.445628965131,0.));
#3016=CARTESIAN_POINT('',(-17.3899748274443,24.445628965131,6.39995000000001));
#3017=CARTESIAN_POINT('Origin',(-17.5119850887542,24.358373883559,6.39995000000001));
#3018=CARTESIAN_POINT('',(-17.3984434506643,23.9469030459898,6.39995000000001));
#3019=CARTESIAN_POINT('Origin',(0.,0.,6.39995000000001));
#3020=CARTESIAN_POINT('',(-17.633557551349,24.2705098439086,6.39995000000001));
#3021=CARTESIAN_POINT('Origin',(0.,0.,6.39995000000001));
#3022=CARTESIAN_POINT('',(-17.633557551349,24.2705098439086,6.39995000000001));
#3023=CARTESIAN_POINT('Origin',(-17.633557551349,24.2705098439086,6.60000000000001));
#3024=CARTESIAN_POINT('',(-17.3984434506643,23.9469030459898,6.80005000000001));
#3025=CARTESIAN_POINT('',(-17.3984434506643,23.9469030459898,0.));
#3026=CARTESIAN_POINT('',(-17.633557551349,24.2705098439086,6.80005000000001));
#3027=CARTESIAN_POINT('',(-17.633557551349,24.2705098439086,0.));
#3028=CARTESIAN_POINT('',(-17.633557551349,24.2705098439086,6.80005000000001));
#3029=CARTESIAN_POINT('Origin',(-17.5119850887542,24.358373883559,6.80005000000001));
#3030=CARTESIAN_POINT('Origin',(0.,0.,6.80005000000001));
#3031=CARTESIAN_POINT('Origin',(0.,0.,6.80005000000001));
#3032=CARTESIAN_POINT('Origin',(24.4456289339178,17.3899748713217,4.60000000000002));
#3033=CARTESIAN_POINT('',(24.1196872147989,17.1581085397041,4.80005000000002));
#3034=CARTESIAN_POINT('',(24.1196872147989,17.1581085397041,4.39995000000001));
#3035=CARTESIAN_POINT('',(24.1196872147989,17.1581085397041,0.));
#3036=CARTESIAN_POINT('',(24.4456289339178,17.3899748713217,4.80005000000002));
#3037=CARTESIAN_POINT('',(24.4456289339178,17.3899748713217,4.80005000000002));
#3038=CARTESIAN_POINT('',(24.4456289339178,17.3899748713217,4.39995000000002));
#3039=CARTESIAN_POINT('',(24.4456289339178,17.3899748713217,0.));
#3040=CARTESIAN_POINT('',(24.4456289339178,17.3899748713217,4.39995000000002));
#3041=CARTESIAN_POINT('Origin',(24.3583738521268,17.511985132475,4.39995000000002));
#3042=CARTESIAN_POINT('',(23.9469030147614,17.3984434936465,4.39995000000001));
#3043=CARTESIAN_POINT('Origin',(0.,0.,4.39995000000002));
#3044=CARTESIAN_POINT('',(24.2705098122582,17.633557594912,4.39995000000001));
#3045=CARTESIAN_POINT('Origin',(0.,0.,4.39995000000002));
#3046=CARTESIAN_POINT('',(24.2705098122582,17.633557594912,4.39995000000001));
#3047=CARTESIAN_POINT('Origin',(24.2705098122582,17.633557594912,4.60000000000001));
#3048=CARTESIAN_POINT('',(23.9469030147614,17.3984434936465,4.80005000000002));
#3049=CARTESIAN_POINT('',(23.9469030147614,17.3984434936465,0.));
#3050=CARTESIAN_POINT('',(24.2705098122582,17.633557594912,4.80005000000002));
#3051=CARTESIAN_POINT('',(24.2705098122582,17.633557594912,0.));
#3052=CARTESIAN_POINT('',(24.2705098122582,17.633557594912,4.80005000000002));
#3053=CARTESIAN_POINT('Origin',(24.3583738521268,17.511985132475,4.80005000000002));
#3054=CARTESIAN_POINT('Origin',(0.,0.,4.80005000000002));
#3055=CARTESIAN_POINT('Origin',(0.,0.,4.80005000000002));
#3056=CARTESIAN_POINT('Origin',(24.0929637240116,-17.8753768909487,3.00000000000002));
#3057=CARTESIAN_POINT('',(23.7717242076914,-17.6370385324027,3.20005000000002));
#3058=CARTESIAN_POINT('',(23.7717242076914,-17.6370385324027,2.79995000000002));
#3059=CARTESIAN_POINT('',(23.7717242076914,-17.6370385324027,0.));
#3060=CARTESIAN_POINT('',(24.0929637240116,-17.8753768909487,3.20005000000002));
#3061=CARTESIAN_POINT('',(24.0929637240116,-17.8753768909487,3.20005000000002));
#3062=CARTESIAN_POINT('',(24.0929637240116,-17.8753768909487,2.79995000000002));
#3063=CARTESIAN_POINT('',(24.0929637240116,-17.8753768909487,0.));
#3064=CARTESIAN_POINT('',(24.0929637240116,-17.8753768909487,2.79995000000002));
#3065=CARTESIAN_POINT('Origin',(24.182039074644,-17.7546891325191,2.79995000000002));
#3066=CARTESIAN_POINT('',(23.9469030772182,-17.3984434076821,2.79995000000002));
#3067=CARTESIAN_POINT('Origin',(0.,0.,2.79995000000002));
#3068=CARTESIAN_POINT('',(24.270509875559,-17.6335575077859,2.79995000000002));
#3069=CARTESIAN_POINT('Origin',(0.,0.,2.79995000000002));
#3070=CARTESIAN_POINT('',(24.270509875559,-17.6335575077859,2.79995000000002));
#3071=CARTESIAN_POINT('Origin',(24.270509875559,-17.6335575077859,3.00000000000002));
#3072=CARTESIAN_POINT('',(23.9469030772182,-17.3984434076821,3.20005000000002));
#3073=CARTESIAN_POINT('',(23.9469030772182,-17.3984434076821,0.));
#3074=CARTESIAN_POINT('',(24.270509875559,-17.6335575077859,3.20005000000002));
#3075=CARTESIAN_POINT('',(24.270509875559,-17.6335575077859,0.));
#3076=CARTESIAN_POINT('',(24.270509875559,-17.6335575077859,3.20005000000002));
#3077=CARTESIAN_POINT('Origin',(24.182039074644,-17.7546891325191,3.20005000000002));
#3078=CARTESIAN_POINT('Origin',(0.,0.,3.20005000000002));
#3079=CARTESIAN_POINT('Origin',(0.,0.,3.20005000000002));
#3080=CARTESIAN_POINT('Origin',(8.98473420246532,-28.6229724401756,2.20000000000002));
#3081=CARTESIAN_POINT('',(8.86493774643245,-28.2413328076399,2.40005000000002));
#3082=CARTESIAN_POINT('',(8.86493774643245,-28.2413328076399,1.99995000000002));
#3083=CARTESIAN_POINT('',(8.86493774643245,-28.2413328076399,0.));
#3084=CARTESIAN_POINT('',(8.98473420246532,-28.6229724401756,2.40005000000002));
#3085=CARTESIAN_POINT('',(8.98473420246532,-28.6229724401756,2.40005000000002));
#3086=CARTESIAN_POINT('',(8.98473420246532,-28.6229724401756,1.99995000000002));
#3087=CARTESIAN_POINT('',(8.98473420246532,-28.6229724401756,0.));
#3088=CARTESIAN_POINT('',(8.98473420246532,-28.6229724401756,1.99995000000002));
#3089=CARTESIAN_POINT('Origin',(9.12773615941146,-28.5776911699349,1.99995000000002));
#3090=CARTESIAN_POINT('',(9.14690312444997,-28.1512728527846,1.99995000000002));
#3091=CARTESIAN_POINT('Origin',(0.,0.,1.99995000000002));
#3092=CARTESIAN_POINT('',(9.27050992342902,-28.5316954589033,1.99995000000002));
#3093=CARTESIAN_POINT('Origin',(0.,0.,1.99995000000002));
#3094=CARTESIAN_POINT('',(9.27050992342902,-28.5316954589033,1.99995000000002));
#3095=CARTESIAN_POINT('Origin',(9.27050992342902,-28.5316954589033,2.20000000000002));
#3096=CARTESIAN_POINT('',(9.14690312444997,-28.1512728527846,2.40005000000002));
#3097=CARTESIAN_POINT('',(9.14690312444997,-28.1512728527846,0.));
#3098=CARTESIAN_POINT('',(9.27050992342902,-28.5316954589033,2.40005000000002));
#3099=CARTESIAN_POINT('',(9.27050992342902,-28.5316954589033,0.));
#3100=CARTESIAN_POINT('',(9.27050992342902,-28.5316954589033,2.40005000000002));
#3101=CARTESIAN_POINT('Origin',(9.12773615941146,-28.5776911699349,2.40005000000002));
#3102=CARTESIAN_POINT('Origin',(0.,0.,2.40005000000002));
#3103=CARTESIAN_POINT('Origin',(0.,0.,2.40005000000002));
#3104=CARTESIAN_POINT('Origin',(-9.5553586011258,-28.4375653318615,9.4));
#3105=CARTESIAN_POINT('',(-9.42795381977746,-28.0583977941033,9.60005));
#3106=CARTESIAN_POINT('',(-9.42795381977746,-28.0583977941033,9.19995));
#3107=CARTESIAN_POINT('',(-9.42795381977746,-28.0583977941033,0.));
#3108=CARTESIAN_POINT('',(-9.5553586011258,-28.4375653318615,9.60005));
#3109=CARTESIAN_POINT('',(-9.5553586011258,-28.4375653318615,9.60005));
#3110=CARTESIAN_POINT('',(-9.5553586011258,-28.4375653318615,9.19995));
#3111=CARTESIAN_POINT('',(-9.5553586011258,-28.4375653318615,0.));
#3112=CARTESIAN_POINT('',(-9.5553586011258,-28.4375653318615,9.19995));
#3113=CARTESIAN_POINT('Origin',(-9.41305192518136,-28.4849864569713,9.19995));
#3114=CARTESIAN_POINT('',(-9.14690312444999,-28.1512728527846,9.19995));
#3115=CARTESIAN_POINT('Origin',(0.,0.,9.19995));
#3116=CARTESIAN_POINT('',(-9.27050992342904,-28.5316954589033,9.19995));
#3117=CARTESIAN_POINT('Origin',(0.,0.,9.19995));
#3118=CARTESIAN_POINT('',(-9.27050992342904,-28.5316954589033,9.19995));
#3119=CARTESIAN_POINT('Origin',(-9.27050992342904,-28.5316954589033,9.4));
#3120=CARTESIAN_POINT('',(-9.14690312444999,-28.1512728527846,9.60005));
#3121=CARTESIAN_POINT('',(-9.14690312444999,-28.1512728527846,0.));
#3122=CARTESIAN_POINT('',(-9.27050992342904,-28.5316954589033,9.60005));
#3123=CARTESIAN_POINT('',(-9.27050992342904,-28.5316954589033,0.));
#3124=CARTESIAN_POINT('',(-9.27050992342904,-28.5316954589033,9.60005));
#3125=CARTESIAN_POINT('Origin',(-9.41305192518136,-28.4849864569713,9.60005));
#3126=CARTESIAN_POINT('Origin',(0.,0.,9.60005));
#3127=CARTESIAN_POINT('Origin',(0.,0.,9.60005));
#3128=CARTESIAN_POINT('Origin',(29.9985000130384,-0.299994946180799,3.80000000000002));
#3129=CARTESIAN_POINT('',(29.5985200128646,-0.295995013565055,4.00005000000002));
#3130=CARTESIAN_POINT('',(29.5985200128646,-0.295995013565055,3.59995000000002));
#3131=CARTESIAN_POINT('',(29.5985200128646,-0.295995013565055,0.));
#3132=CARTESIAN_POINT('',(29.9985000130384,-0.299994946180799,4.00005000000002));
#3133=CARTESIAN_POINT('',(29.9985000130384,-0.299994946180799,4.00005000000002));
#3134=CARTESIAN_POINT('',(29.9985000130384,-0.299994946180799,3.59995000000002));
#3135=CARTESIAN_POINT('',(29.9985000130384,-0.299994946180799,0.));
#3136=CARTESIAN_POINT('',(29.9985000130384,-0.299994946180799,3.59995000000002));
#3137=CARTESIAN_POINT('Origin',(29.9996250010505,-0.149999321154564,3.59995000000002));
#3138=CARTESIAN_POINT('',(29.6,5.31289328383385E-8,3.59995000000001));
#3139=CARTESIAN_POINT('Origin',(0.,0.,3.59995000000002));
#3140=CARTESIAN_POINT('',(30.,5.38468913902079E-8,3.59995000000001));
#3141=CARTESIAN_POINT('Origin',(0.,0.,3.59995000000002));
#3142=CARTESIAN_POINT('',(30.,5.38468913902079E-8,3.59995000000001));
#3143=CARTESIAN_POINT('Origin',(30.,5.38468913902079E-8,3.80000000000001));
#3144=CARTESIAN_POINT('',(29.6,5.31289328383385E-8,4.00005000000002));
#3145=CARTESIAN_POINT('',(29.6,5.31289328383385E-8,0.));
#3146=CARTESIAN_POINT('',(30.,5.38468913902079E-8,4.00005000000002));
#3147=CARTESIAN_POINT('',(30.,5.38468913902079E-8,0.));
#3148=CARTESIAN_POINT('',(30.,5.38468913902079E-8,4.00005000000002));
#3149=CARTESIAN_POINT('Origin',(29.9996250010505,-0.149999321154564,4.00005000000002));
#3150=CARTESIAN_POINT('Origin',(0.,0.,4.00005000000002));
#3151=CARTESIAN_POINT('Origin',(0.,0.,4.00005000000002));
#3152=CARTESIAN_POINT('Origin',(28.4375653833142,-9.5553584479983,3.40000000000002));
#3153=CARTESIAN_POINT('',(28.05839784487,-9.42795366869166,3.60005000000002));
#3154=CARTESIAN_POINT('',(28.05839784487,-9.42795366869166,3.19995000000002));
#3155=CARTESIAN_POINT('',(28.05839784487,-9.42795366869166,0.));
#3156=CARTESIAN_POINT('',(28.4375653833142,-9.55535844799831,3.60005000000002));
#3157=CARTESIAN_POINT('',(28.4375653833142,-9.55535844799831,3.60005000000002));
#3158=CARTESIAN_POINT('',(28.4375653833142,-9.5553584479983,3.19995000000002));
#3159=CARTESIAN_POINT('',(28.4375653833142,-9.5553584479983,0.));
#3160=CARTESIAN_POINT('',(28.4375653833142,-9.5553584479983,3.19995000000002));
#3161=CARTESIAN_POINT('Origin',(28.4849865076577,-9.41305177179851,3.19995000000002));
#3162=CARTESIAN_POINT('',(28.1512729020378,-9.14690297286409,3.19995000000002));
#3163=CARTESIAN_POINT('Origin',(0.,0.,3.19995000000002));
#3164=CARTESIAN_POINT('',(28.5316955088221,-9.27050976979469,3.19995000000002));
#3165=CARTESIAN_POINT('Origin',(0.,0.,3.19995000000002));
#3166=CARTESIAN_POINT('',(28.5316955088221,-9.27050976979469,3.19995000000002));
#3167=CARTESIAN_POINT('Origin',(28.5316955088221,-9.27050976979469,3.40000000000002));
#3168=CARTESIAN_POINT('',(28.1512729020378,-9.14690297286409,3.60005000000002));
#3169=CARTESIAN_POINT('',(28.1512729020378,-9.14690297286409,0.));
#3170=CARTESIAN_POINT('',(28.5316955088221,-9.27050976979469,3.60005000000002));
#3171=CARTESIAN_POINT('',(28.5316955088221,-9.27050976979469,0.));
#3172=CARTESIAN_POINT('',(28.5316955088221,-9.27050976979469,3.60005000000002));
#3173=CARTESIAN_POINT('Origin',(28.4849865076577,-9.41305177179852,3.60005000000002));
#3174=CARTESIAN_POINT('Origin',(0.,0.,3.60005000000002));
#3175=CARTESIAN_POINT('Origin',(0.,0.,3.60005000000002));
#3176=CARTESIAN_POINT('Origin',(-28.4375653490124,9.5553585500833,7.40000000000001));
#3177=CARTESIAN_POINT('',(-28.0583978110256,9.42795376941552,7.60005000000001));
#3178=CARTESIAN_POINT('',(-28.0583978110256,9.42795376941552,7.19995000000001));
#3179=CARTESIAN_POINT('',(-28.0583978110256,9.42795376941552,0.));
#3180=CARTESIAN_POINT('',(-28.4375653490124,9.5553585500833,7.60005000000001));
#3181=CARTESIAN_POINT('',(-28.4375653490124,9.5553585500833,7.60005000000001));
#3182=CARTESIAN_POINT('',(-28.4375653490124,9.5553585500833,7.19995000000001));
#3183=CARTESIAN_POINT('',(-28.4375653490124,9.5553585500833,0.));
#3184=CARTESIAN_POINT('',(-28.4375653490124,9.5553585500833,7.19995000000001));
#3185=CARTESIAN_POINT('Origin',(-28.4849864738668,9.41305187405374,7.19995000000001));
#3186=CARTESIAN_POINT('',(-28.1512728692023,9.14690307392135,7.19995));
#3187=CARTESIAN_POINT('Origin',(0.,0.,7.19995000000001));
#3188=CARTESIAN_POINT('',(-28.5316954755429,9.27050987221758,7.19995));
#3189=CARTESIAN_POINT('Origin',(0.,0.,7.19995000000001));
#3190=CARTESIAN_POINT('',(-28.5316954755429,9.27050987221758,7.19995));
#3191=CARTESIAN_POINT('Origin',(-28.5316954755429,9.27050987221758,7.40000000000001));
#3192=CARTESIAN_POINT('',(-28.1512728692023,9.14690307392135,7.60005000000001));
#3193=CARTESIAN_POINT('',(-28.1512728692023,9.14690307392135,0.));
#3194=CARTESIAN_POINT('',(-28.5316954755429,9.27050987221758,7.60005000000001));
#3195=CARTESIAN_POINT('',(-28.5316954755429,9.27050987221759,0.));
#3196=CARTESIAN_POINT('',(-28.5316954755429,9.27050987221758,7.60005000000001));
#3197=CARTESIAN_POINT('Origin',(-28.4849864738668,9.41305187405374,7.60005000000001));
#3198=CARTESIAN_POINT('Origin',(0.,0.,7.60005000000001));
#3199=CARTESIAN_POINT('Origin',(0.,0.,7.60005000000001));
#3200=CARTESIAN_POINT('Origin',(-8.98473409971475,28.6229724724289,6.20000000000001));
#3201=CARTESIAN_POINT('',(-8.86493764505189,28.2413328394632,6.40005000000001));
#3202=CARTESIAN_POINT('',(-8.86493764505189,28.2413328394632,5.99995000000001));
#3203=CARTESIAN_POINT('',(-8.86493764505189,28.2413328394632,0.));
#3204=CARTESIAN_POINT('',(-8.98473409971475,28.6229724724289,6.40005000000001));
#3205=CARTESIAN_POINT('',(-8.98473409971475,28.6229724724289,6.40005000000001));
#3206=CARTESIAN_POINT('',(-8.98473409971475,28.6229724724289,5.99995000000001));
#3207=CARTESIAN_POINT('',(-8.98473409971475,28.6229724724289,0.));
#3208=CARTESIAN_POINT('',(-8.98473409971475,28.6229724724289,5.99995000000001));
#3209=CARTESIAN_POINT('Origin',(-9.12773605682344,28.5776912027015,5.99995000000001));
#3210=CARTESIAN_POINT('',(-9.1469030233927,28.1512728856201,5.99995000000001));
#3211=CARTESIAN_POINT('Origin',(0.,0.,5.99995000000001));
#3212=CARTESIAN_POINT('',(-9.27050982100611,28.5316954921825,5.99995000000001));
#3213=CARTESIAN_POINT('Origin',(0.,0.,5.99995000000001));
#3214=CARTESIAN_POINT('',(-9.27050982100611,28.5316954921825,5.99995000000001));
#3215=CARTESIAN_POINT('Origin',(-9.27050982100611,28.5316954921825,6.20000000000001));
#3216=CARTESIAN_POINT('',(-9.1469030233927,28.1512728856201,6.40005000000001));
#3217=CARTESIAN_POINT('',(-9.1469030233927,28.1512728856201,0.));
#3218=CARTESIAN_POINT('',(-9.27050982100611,28.5316954921825,6.40005000000001));
#3219=CARTESIAN_POINT('',(-9.27050982100611,28.5316954921825,0.));
#3220=CARTESIAN_POINT('',(-9.27050982100611,28.5316954921825,6.40005000000001));
#3221=CARTESIAN_POINT('Origin',(-9.12773605682344,28.5776912027015,6.40005000000001));
#3222=CARTESIAN_POINT('Origin',(0.,0.,6.40005000000001));
#3223=CARTESIAN_POINT('Origin',(0.,0.,6.40005000000001));
#3224=CARTESIAN_POINT('Origin',(9.5553584990408,28.4375653661633,5.40000000000001));
#3225=CARTESIAN_POINT('',(9.42795371905359,28.0583978279478,5.60005000000001));
#3226=CARTESIAN_POINT('',(9.42795371905359,28.0583978279478,5.19995000000001));
#3227=CARTESIAN_POINT('',(9.42795371905359,28.0583978279478,0.));
#3228=CARTESIAN_POINT('',(9.5553584990408,28.4375653661633,5.60005000000001));
#3229=CARTESIAN_POINT('',(9.5553584990408,28.4375653661633,5.60005000000001));
#3230=CARTESIAN_POINT('',(9.5553584990408,28.4375653661633,5.19995000000001));
#3231=CARTESIAN_POINT('',(9.5553584990408,28.4375653661633,0.));
#3232=CARTESIAN_POINT('',(9.5553584990408,28.4375653661633,5.19995000000001));
#3233=CARTESIAN_POINT('Origin',(9.41305182292612,28.4849864907622,5.19995000000001));
#3234=CARTESIAN_POINT('',(9.14690302339272,28.1512728856201,5.19995000000001));
#3235=CARTESIAN_POINT('Origin',(0.,0.,5.19995000000001));
#3236=CARTESIAN_POINT('',(9.27050982100614,28.5316954921825,5.19995000000001));
#3237=CARTESIAN_POINT('Origin',(0.,0.,5.19995000000001));
#3238=CARTESIAN_POINT('',(9.27050982100614,28.5316954921825,5.19995000000001));
#3239=CARTESIAN_POINT('Origin',(9.27050982100614,28.5316954921825,5.40000000000001));
#3240=CARTESIAN_POINT('',(9.14690302339272,28.1512728856201,5.60005000000001));
#3241=CARTESIAN_POINT('',(9.14690302339272,28.1512728856201,0.));
#3242=CARTESIAN_POINT('',(9.27050982100614,28.5316954921825,5.60005000000001));
#3243=CARTESIAN_POINT('',(9.27050982100614,28.5316954921825,0.));
#3244=CARTESIAN_POINT('',(9.27050982100614,28.5316954921825,5.60005000000001));
#3245=CARTESIAN_POINT('Origin',(9.41305182292612,28.4849864907622,5.60005000000001));
#3246=CARTESIAN_POINT('Origin',(0.,0.,5.60005000000001));
#3247=CARTESIAN_POINT('Origin',(0.,0.,5.60005000000001));
#3248=CARTESIAN_POINT('Origin',(-24.0929636598427,17.8753769774374,7.00000000000001));
#3249=CARTESIAN_POINT('',(-23.7717241443781,17.6370386177382,7.20005000000001));
#3250=CARTESIAN_POINT('',(-23.7717241443781,17.6370386177382,6.79995000000001));
#3251=CARTESIAN_POINT('',(-23.7717241443781,17.6370386177382,0.));
#3252=CARTESIAN_POINT('',(-24.0929636598427,17.8753769774374,7.20005000000001));
#3253=CARTESIAN_POINT('',(-24.0929636598427,17.8753769774374,7.20005000000001));
#3254=CARTESIAN_POINT('',(-24.0929636598427,17.8753769774374,6.79995000000001));
#3255=CARTESIAN_POINT('',(-24.0929636598427,17.8753769774374,0.));
#3256=CARTESIAN_POINT('',(-24.0929636598427,17.8753769774374,6.79995000000001));
#3257=CARTESIAN_POINT('Origin',(-24.1820390109083,17.7546892193276,6.79995000000001));
#3258=CARTESIAN_POINT('',(-23.9469030147614,17.3984434936465,6.79995000000001));
#3259=CARTESIAN_POINT('Origin',(0.,0.,6.79995000000001));
#3260=CARTESIAN_POINT('',(-24.2705098122582,17.633557594912,6.79995000000001));
#3261=CARTESIAN_POINT('Origin',(0.,0.,6.79995000000001));
#3262=CARTESIAN_POINT('',(-24.2705098122582,17.633557594912,6.79995000000001));
#3263=CARTESIAN_POINT('Origin',(-24.2705098122582,17.633557594912,7.00000000000001));
#3264=CARTESIAN_POINT('',(-23.9469030147614,17.3984434936465,7.20005000000001));
#3265=CARTESIAN_POINT('',(-23.9469030147614,17.3984434936465,0.));
#3266=CARTESIAN_POINT('',(-24.2705098122582,17.633557594912,7.20005000000001));
#3267=CARTESIAN_POINT('',(-24.2705098122582,17.633557594912,0.));
#3268=CARTESIAN_POINT('',(-24.2705098122582,17.633557594912,7.20005000000001));
#3269=CARTESIAN_POINT('Origin',(-24.1820390109083,17.7546892193276,7.20005000000001));
#3270=CARTESIAN_POINT('Origin',(0.,0.,7.20005000000001));
#3271=CARTESIAN_POINT('Origin',(0.,0.,7.20005000000001));
#3272=CARTESIAN_POINT('Origin',(-29.9985000119615,0.299995053869209,7.80000000000001));
#3273=CARTESIAN_POINT('',(-29.598520011802,0.295995119817616,8.00005000000001));
#3274=CARTESIAN_POINT('',(-29.598520011802,0.295995119817619,7.59995000000001));
#3275=CARTESIAN_POINT('',(-29.598520011802,0.295995119817619,0.));
#3276=CARTESIAN_POINT('',(-29.9985000119615,0.299995053869205,8.00005000000001));
#3277=CARTESIAN_POINT('',(-29.9985000119615,0.299995053869205,8.00005000000001));
#3278=CARTESIAN_POINT('',(-29.9985000119615,0.299995053869209,7.59995000000001));
#3279=CARTESIAN_POINT('',(-29.9985000119615,0.299995053869209,0.));
#3280=CARTESIAN_POINT('',(-29.9985000119615,0.299995053869209,7.59995000000001));
#3281=CARTESIAN_POINT('Origin',(-29.999625000512,0.149999428847009,7.59995000000001));
#3282=CARTESIAN_POINT('',(-29.6,5.31289416016989E-8,7.59995));
#3283=CARTESIAN_POINT('Origin',(0.,0.,7.59995000000001));
#3284=CARTESIAN_POINT('',(-30.,5.38469002719921E-8,7.59995));
#3285=CARTESIAN_POINT('Origin',(0.,0.,7.59995000000001));
#3286=CARTESIAN_POINT('',(-30.,5.38469002719921E-8,7.59995));
#3287=CARTESIAN_POINT('Origin',(-30.,5.38469002719921E-8,7.80000000000001));
#3288=CARTESIAN_POINT('',(-29.6,5.31289416016989E-8,8.00005000000001));
#3289=CARTESIAN_POINT('',(-29.6,5.31289416016989E-8,0.));
#3290=CARTESIAN_POINT('',(-30.,5.38469002719921E-8,8.00005000000001));
#3291=CARTESIAN_POINT('',(-30.,5.38469002719921E-8,0.));
#3292=CARTESIAN_POINT('',(-30.,5.38469002719921E-8,8.00005000000001));
#3293=CARTESIAN_POINT('Origin',(-29.999625000512,0.149999428847009,8.00005000000001));
#3294=CARTESIAN_POINT('Origin',(0.,0.,8.00005000000001));
#3295=CARTESIAN_POINT('Origin',(0.,0.,8.00005000000001));
#3296=CARTESIAN_POINT('Origin',(-0.149999482693238,-29.9996250002428,9.59995));
#3297=CARTESIAN_POINT('',(-0.295995172943906,-29.5985200112707,9.59995));
#3298=CARTESIAN_POINT('',(-1.06257888680498E-7,-29.6,9.59995));
#3299=CARTESIAN_POINT('Origin',(0.,0.,9.59995));
#3300=CARTESIAN_POINT('',(-0.299995107713418,-29.998500011423,9.59995));
#3301=CARTESIAN_POINT('',(-0.299995107713418,-29.998500011423,9.59995));
#3302=CARTESIAN_POINT('',(-1.07693806095099E-7,-30.,9.59995));
#3303=CARTESIAN_POINT('Origin',(0.,0.,9.59995));
#3304=CARTESIAN_POINT('',(-1.07693806095099E-7,-30.,9.59995));
#3305=CARTESIAN_POINT('Origin',(-1.07693800543984E-7,-30.,9.8));
#3306=CARTESIAN_POINT('',(-1.0625788864083E-7,-29.6,10.00005));
#3307=CARTESIAN_POINT('',(-1.06257883203398E-7,-29.6,0.));
#3308=CARTESIAN_POINT('',(-1.07693806054895E-7,-30.,10.00005));
#3309=CARTESIAN_POINT('',(-1.07693800543984E-7,-30.,0.));
#3310=CARTESIAN_POINT('',(-1.07693806054895E-7,-30.,10.00005));
#3311=CARTESIAN_POINT('Origin',(-0.149999482693238,-29.9996250002428,10.00005));
#3312=CARTESIAN_POINT('',(-0.295995172943903,-29.5985200112707,10.00005));
#3313=CARTESIAN_POINT('Origin',(0.,0.,10.00005));
#3314=CARTESIAN_POINT('',(-0.299995107713415,-29.998500011423,10.00005));
#3315=CARTESIAN_POINT('Origin',(0.,0.,10.00005));
#3316=CARTESIAN_POINT('',(-0.299995107713415,-29.998500011423,10.00005));
#3317=CARTESIAN_POINT('Origin',(-0.299995107713418,-29.998500011423,9.8));
#3318=CARTESIAN_POINT('',(-0.295995172943906,-29.5985200112707,0.));
#3319=CARTESIAN_POINT('',(-0.299995107713418,-29.998500011423,0.));
#3320=CARTESIAN_POINT('Origin',(-24.4456289963442,-17.389974783567,8.6));
#3321=CARTESIAN_POINT('',(-24.119687276393,-17.1581084531194,8.80005000000001));
#3322=CARTESIAN_POINT('',(-24.119687276393,-17.1581084531194,8.39995));
#3323=CARTESIAN_POINT('',(-24.119687276393,-17.1581084531194,0.));
#3324=CARTESIAN_POINT('',(-24.4456289963442,-17.389974783567,8.80005000000001));
#3325=CARTESIAN_POINT('',(-24.4456289963442,-17.389974783567,8.80005000000001));
#3326=CARTESIAN_POINT('',(-24.4456289963442,-17.389974783567,8.39995));
#3327=CARTESIAN_POINT('',(-24.4456289963442,-17.389974783567,0.));
#3328=CARTESIAN_POINT('',(-24.4456289963442,-17.389974783567,8.39995));
#3329=CARTESIAN_POINT('Origin',(-24.3583739149912,-17.5119850450335,8.39995));
#3330=CARTESIAN_POINT('',(-23.9469030772182,-17.3984434076821,8.39995));
#3331=CARTESIAN_POINT('Origin',(0.,0.,8.39995));
#3332=CARTESIAN_POINT('',(-24.270509875559,-17.6335575077859,8.39995));
#3333=CARTESIAN_POINT('Origin',(0.,0.,8.39995));
#3334=CARTESIAN_POINT('',(-24.270509875559,-17.6335575077859,8.39995));
#3335=CARTESIAN_POINT('Origin',(-24.270509875559,-17.6335575077859,8.6));
#3336=CARTESIAN_POINT('',(-23.9469030772182,-17.3984434076821,8.80005000000001));
#3337=CARTESIAN_POINT('',(-23.9469030772182,-17.3984434076821,0.));
#3338=CARTESIAN_POINT('',(-24.270509875559,-17.6335575077859,8.80005000000001));
#3339=CARTESIAN_POINT('',(-24.270509875559,-17.6335575077859,0.));
#3340=CARTESIAN_POINT('',(-24.270509875559,-17.6335575077859,8.80005000000001));
#3341=CARTESIAN_POINT('Origin',(-24.3583739149912,-17.5119850450335,8.80005000000001));
#3342=CARTESIAN_POINT('Origin',(0.,0.,8.80005000000001));
#3343=CARTESIAN_POINT('Origin',(0.,0.,8.80005000000001));
#3344=CARTESIAN_POINT('Origin',(0.713292387221365,0.23176274578121,0.7));
#3345=CARTESIAN_POINT('',(0.749182451886397,0.0350093385468253,7.7));
#3346=CARTESIAN_POINT('',(0.626679308353925,0.412035246648932,7.7));
#3347=CARTESIAN_POINT('Origin',(0.713292387221365,0.23176274578121,7.7));
#3348=CARTESIAN_POINT('',(0.626679308353925,0.412035246648932,0.7));
#3349=CARTESIAN_POINT('',(0.626679308353925,0.412035246648932,0.7));
#3350=CARTESIAN_POINT('',(0.749182451886397,0.0350093385468253,0.7));
#3351=CARTESIAN_POINT('Origin',(0.713292387221365,0.23176274578121,0.7));
#3352=CARTESIAN_POINT('',(0.749182451886397,0.0350093385468252,0.7));
#3353=CARTESIAN_POINT('Origin',(0.440838939219355,-0.606762745781211,0.7));
#3354=CARTESIAN_POINT('',(0.264805969076529,-0.701696372187744,7.7));
#3355=CARTESIAN_POINT('',(0.585523362573248,-0.468681546341347,7.7));
#3356=CARTESIAN_POINT('Origin',(0.440838939219355,-0.606762745781211,7.7));
#3357=CARTESIAN_POINT('',(0.585523362573248,-0.468681546341347,0.7));
#3358=CARTESIAN_POINT('',(0.585523362573248,-0.468681546341347,0.7));
#3359=CARTESIAN_POINT('',(0.264805969076529,-0.701696372187744,0.7));
#3360=CARTESIAN_POINT('Origin',(0.440838939219355,-0.606762745781211,0.7));
#3361=CARTESIAN_POINT('',(0.264805969076529,-0.701696372187743,0.7));
#3362=CARTESIAN_POINT('Origin',(-0.440838939219355,-0.606762745781211,0.7));
#3363=CARTESIAN_POINT('',(-0.585523362573249,-0.468681546341347,7.7));
#3364=CARTESIAN_POINT('',(-0.26480596907653,-0.701696372187744,7.7));
#3365=CARTESIAN_POINT('Origin',(-0.440838939219355,-0.606762745781211,7.7));
#3366=CARTESIAN_POINT('',(-0.26480596907653,-0.701696372187744,0.7));
#3367=CARTESIAN_POINT('',(-0.26480596907653,-0.701696372187743,0.7));
#3368=CARTESIAN_POINT('',(-0.585523362573249,-0.468681546341347,0.7));
#3369=CARTESIAN_POINT('Origin',(-0.440838939219355,-0.606762745781211,0.7));
#3370=CARTESIAN_POINT('',(-0.585523362573248,-0.468681546341347,0.7));
#3371=CARTESIAN_POINT('Origin',(-0.713292387221365,0.231762745781211,0.7));
#3372=CARTESIAN_POINT('',(-0.626679308353925,0.412035246648932,7.7));
#3373=CARTESIAN_POINT('',(-0.749182451886397,0.0350093385468253,7.7));
#3374=CARTESIAN_POINT('Origin',(-0.713292387221365,0.231762745781211,7.7));
#3375=CARTESIAN_POINT('',(-0.749182451886397,0.0350093385468253,0.7));
#3376=CARTESIAN_POINT('',(-0.749182451886397,0.0350093385468254,0.7));
#3377=CARTESIAN_POINT('',(-0.626679308353925,0.412035246648932,0.7));
#3378=CARTESIAN_POINT('Origin',(-0.713292387221365,0.231762745781211,0.7));
#3379=CARTESIAN_POINT('',(-0.626679308353925,0.412035246648932,0.7));
#3380=CARTESIAN_POINT('Origin',(0.,0.,7.7));
#3381=CARTESIAN_POINT('',(-0.198214249964247,0.723333333333333,0.7));
#3382=CARTESIAN_POINT('Origin',(0.,0.,0.7));
#3383=CARTESIAN_POINT('',(-0.198214249964247,0.723333333333333,7.7));
#3384=CARTESIAN_POINT('',(-0.198214249964247,0.723333333333333,0.7));
#3385=CARTESIAN_POINT('Origin',(0.,0.,7.7));
#3386=CARTESIAN_POINT('Origin',(0.,0.,7.7));
#3387=CARTESIAN_POINT('Origin',(0.,0.,0.7));
#3388=CARTESIAN_POINT('Origin',(0.,0.,7.7));
#3389=CARTESIAN_POINT('Origin',(0.,0.,7.7));
#3390=CARTESIAN_POINT('Origin',(0.,0.,0.7));
#3391=CARTESIAN_POINT('Origin',(0.,0.,7.7));
#3392=CARTESIAN_POINT('Origin',(0.,0.,7.7));
#3393=CARTESIAN_POINT('Origin',(0.,0.,0.7));
#3394=CARTESIAN_POINT('Origin',(0.,0.,7.7));
#3395=CARTESIAN_POINT('Origin',(0.,0.75,0.7));
#3396=CARTESIAN_POINT('',(0.198214249964247,0.723333333333333,7.7));
#3397=CARTESIAN_POINT('Origin',(0.,0.75,7.7));
#3398=CARTESIAN_POINT('',(0.198214249964247,0.723333333333333,0.7));
#3399=CARTESIAN_POINT('Origin',(0.,0.75,0.7));
#3400=CARTESIAN_POINT('',(0.198214249964247,0.723333333333333,0.7));
#3401=CARTESIAN_POINT('Origin',(0.,0.,0.7));
#3402=CARTESIAN_POINT('',(-3.3,-4.04133443718627E-16,0.7));
#3403=CARTESIAN_POINT('Origin',(0.,0.,0.7));
#3404=CARTESIAN_POINT('Origin',(0.,0.,0.7));
#3405=CARTESIAN_POINT('Origin',(0.,0.,7.7));
#3406=CARTESIAN_POINT('Origin',(0.,0.,7.7));
#3407=CARTESIAN_POINT('Origin',(0.,0.,0.7));
#3408=CARTESIAN_POINT('',(-3.54444538644223,4.34069369725909E-16,7.7));
#3409=CARTESIAN_POINT('',(-3.3,4.04133443718627E-16,0.7));
#3410=CARTESIAN_POINT('Origin',(0.,0.,7.7));
#3411=CARTESIAN_POINT('Origin',(0.,0.,7.7));
#3412=CARTESIAN_POINT('',(-10.,-1.22464679914735E-15,7.7));
#3413=CARTESIAN_POINT('Origin',(0.,0.,7.7));
#3414=CARTESIAN_POINT('Origin',(0.,0.,7.7));
#3415=CARTESIAN_POINT('',(-0.4,4.89858719658941E-17,11.));
#3416=CARTESIAN_POINT('Origin',(0.,0.,11.));
#3417=CARTESIAN_POINT('',(-0.4,-4.89858719658941E-17,7.7));
#3418=CARTESIAN_POINT('',(-0.4,-4.89858719658941E-17,7.7));
#3419=CARTESIAN_POINT('Origin',(0.,0.,7.7));
#3420=CARTESIAN_POINT('Origin',(0.,0.,7.7));
#3421=CARTESIAN_POINT('',(-10.,-1.22464679914735E-15,7.7));
#3422=CARTESIAN_POINT('Origin',(0.,0.,7.7));
#3423=CARTESIAN_POINT('Origin',(0.,0.,11.));
#3424=CARTESIAN_POINT('Origin',(0.,0.,0.));
#3425=CARTESIAN_POINT('',(-29.6,-3.62495452547617E-15,0.));
#3426=CARTESIAN_POINT('',(-29.6,-3.62495452547617E-15,0.));
#3427=CARTESIAN_POINT('Origin',(0.,0.,0.));
#3428=CARTESIAN_POINT('',(-30.,-3.67394039744206E-15,12.));
#3429=CARTESIAN_POINT('Origin',(0.,0.,12.));
#3430=CARTESIAN_POINT('',(-30.,-3.67394039744206E-15,0.));
#3431=CARTESIAN_POINT('',(-30.,-3.67394039744206E-15,0.));
#3432=CARTESIAN_POINT('Origin',(0.,0.,12.));
#3433=UNCERTAINTY_MEASURE_WITH_UNIT(LENGTH_MEASURE(0.01),#3437,
'DISTANCE_ACCURACY_VALUE',
'Maximum model space distance between geometric entities at asserted c
onnectivities');
#3434=UNCERTAINTY_MEASURE_WITH_UNIT(LENGTH_MEASURE(0.01),#3437,
'DISTANCE_ACCURACY_VALUE',
'Maximum model space distance between geometric entities at asserted c
onnectivities');
#3435=(
GEOMETRIC_REPRESENTATION_CONTEXT(3)
GLOBAL_UNCERTAINTY_ASSIGNED_CONTEXT((#3433))
GLOBAL_UNIT_ASSIGNED_CONTEXT((#3437,#3439,#3440))
REPRESENTATION_CONTEXT('','3D')
);
#3436=(
GEOMETRIC_REPRESENTATION_CONTEXT(3)
GLOBAL_UNCERTAINTY_ASSIGNED_CONTEXT((#3434))
GLOBAL_UNIT_ASSIGNED_CONTEXT((#3437,#3439,#3440))
REPRESENTATION_CONTEXT('','3D')
);
#3437=(
LENGTH_UNIT()
NAMED_UNIT(*)
SI_UNIT(.MILLI.,.METRE.)
);
#3438=(
LENGTH_UNIT()
NAMED_UNIT(*)
SI_UNIT($,.METRE.)
);
#3439=(
NAMED_UNIT(*)
PLANE_ANGLE_UNIT()
SI_UNIT($,.RADIAN.)
);
#3440=(
NAMED_UNIT(*)
SI_UNIT($,.STERADIAN.)
SOLID_ANGLE_UNIT()
);
#3441=SHAPE_DEFINITION_REPRESENTATION(#3442,#3443);
#3442=PRODUCT_DEFINITION_SHAPE('',$,#3445);
#3443=SHAPE_REPRESENTATION('',(#2037),#3435);
#3444=PRODUCT_DEFINITION_CONTEXT('part definition',#3449,'design');
#3445=PRODUCT_DEFINITION('Drum','Drum',#3446,#3444);
#3446=PRODUCT_DEFINITION_FORMATION('',$,#3451);
#3447=PRODUCT_RELATED_PRODUCT_CATEGORY('Drum','Drum',(#3451));
#3448=APPLICATION_PROTOCOL_DEFINITION('international standard',
'automotive_design',2009,#3449);
#3449=APPLICATION_CONTEXT(
'Core Data for Automotive Mechanical Design Process');
#3450=PRODUCT_CONTEXT('part definition',#3449,'mechanical');
#3451=PRODUCT('Drum','Drum',$,(#3450));
#3452=PRESENTATION_STYLE_ASSIGNMENT((#3453));
#3453=SURFACE_STYLE_USAGE(.BOTH.,#3454);
#3454=SURFACE_SIDE_STYLE('',(#3455));
#3455=SURFACE_STYLE_FILL_AREA(#3456);
#3456=FILL_AREA_STYLE('Steel - Satin',(#3457));
#3457=FILL_AREA_STYLE_COLOUR('Steel - Satin',#3458);
#3458=COLOUR_RGB('Steel - Satin',0.627450980392157,0.627450980392157,0.627450980392157);
ENDSEC;
END-ISO-10303-21;
